{
	"credit": "Made with Blockbench",
	"textures": {
		"0": "item/hats/antenna",
		"particle": "item/hats/antenna"
	},
	"elements": [
		{
			"from": [5, 0, 8],
			"to": [6, 3, 9],
			"rotation": {"angle": 0, "axis": "y", "origin": [4, 0, 7]},
			"faces": {
				"north": {"uv": [6, 2, 7, 5], "texture": "#0"},
				"east": {"uv": [4, 6, 5, 9], "texture": "#0"},
				"south": {"uv": [5, 6, 6, 9], "texture": "#0"},
				"west": {"uv": [6, 5, 7, 8], "texture": "#0"},
				"up": {"uv": [11, 1, 10, 0], "texture": "#0"},
				"down": {"uv": [2, 10, 1, 11], "texture": "#0"}
			}
		},
		{
			"from": [10, 0, 8],
			"to": [11, 3, 9],
			"rotation": {"angle": 0, "axis": "y", "origin": [9, 0, 7]},
			"faces": {
				"north": {"uv": [7, 2, 8, 5], "texture": "#0"},
				"east": {"uv": [7, 5, 8, 8], "texture": "#0"},
				"south": {"uv": [0, 8, 1, 11], "texture": "#0"},
				"west": {"uv": [8, 0, 9, 3], "texture": "#0"},
				"up": {"uv": [11, 2, 10, 1], "texture": "#0"},
				"down": {"uv": [3, 10, 2, 11], "texture": "#0"}
			}
		},
		{
			"from": [10, 2, 8.2],
			"to": [11, 4, 9.2],
			"rotation": {"angle": -22.5, "axis": "x", "origin": [9, 2, 7]},
			"faces": {
				"north": {"uv": [1, 8, 2, 10], "texture": "#0"},
				"east": {"uv": [2, 8, 3, 10], "texture": "#0"},
				"south": {"uv": [3, 8, 4, 10], "texture": "#0"},
				"west": {"uv": [8, 3, 9, 5], "texture": "#0"},
				"up": {"uv": [11, 3, 10, 2], "texture": "#0"},
				"down": {"uv": [4, 10, 3, 11], "texture": "#0"}
			}
		},
		{
			"from": [5, 2, 8.2],
			"to": [6, 4, 9.2],
			"rotation": {"angle": -22.5, "axis": "x", "origin": [4, 2, 7]},
			"faces": {
				"north": {"uv": [8, 5, 9, 7], "texture": "#0"},
				"east": {"uv": [6, 8, 7, 10], "texture": "#0"},
				"south": {"uv": [7, 8, 8, 10], "texture": "#0"},
				"west": {"uv": [8, 7, 9, 9], "texture": "#0"},
				"up": {"uv": [11, 4, 10, 3], "texture": "#0"},
				"down": {"uv": [11, 4, 10, 5], "texture": "#0"}
			}
		},
		{
			"from": [10, 3, 8.05],
			"to": [11, 5, 9.05],
			"rotation": {"angle": -45, "axis": "x", "origin": [9, 3, 7]},
			"faces": {
				"north": {"uv": [9, 0, 10, 2], "texture": "#0"},
				"east": {"uv": [9, 2, 10, 4], "texture": "#0"},
				"south": {"uv": [4, 9, 5, 11], "texture": "#0"},
				"west": {"uv": [9, 4, 10, 6], "texture": "#0"},
				"up": {"uv": [11, 6, 10, 5], "texture": "#0"},
				"down": {"uv": [7, 10, 6, 11], "texture": "#0"}
			}
		},
		{
			"from": [5, 3, 8.05],
			"to": [6, 5, 9.05],
			"rotation": {"angle": -45, "axis": "x", "origin": [4, 3, 7]},
			"faces": {
				"north": {"uv": [5, 9, 6, 11], "texture": "#0"},
				"east": {"uv": [9, 6, 10, 8], "texture": "#0"},
				"south": {"uv": [8, 9, 9, 11], "texture": "#0"},
				"west": {"uv": [9, 8, 10, 10], "texture": "#0"},
				"up": {"uv": [11, 7, 10, 6], "texture": "#0"},
				"down": {"uv": [8, 10, 7, 11], "texture": "#0"}
			}
		},
		{
			"from": [4.8, 4.5, 6.1],
			"to": [6.3, 6, 7.6],
			"rotation": {"angle": -45, "axis": "x", "origin": [5, 5, 6]},
			"faces": {
				"north": {"uv": [0, 0, 2, 2], "texture": "#0"},
				"east": {"uv": [0, 2, 2, 4], "texture": "#0"},
				"south": {"uv": [2, 0, 4, 2], "texture": "#0"},
				"west": {"uv": [2, 2, 4, 4], "texture": "#0"},
				"up": {"uv": [2, 6, 0, 4], "texture": "#0"},
				"down": {"uv": [6, 0, 4, 2], "texture": "#0"}
			}
		},
		{
			"from": [9.8, 4.5, 6.1],
			"to": [11.3, 6, 7.6],
			"rotation": {"angle": -45, "axis": "x", "origin": [10, 5, 6]},
			"faces": {
				"north": {"uv": [2, 4, 4, 6], "texture": "#0"},
				"east": {"uv": [4, 2, 6, 4], "texture": "#0"},
				"south": {"uv": [4, 4, 6, 6], "texture": "#0"},
				"west": {"uv": [0, 6, 2, 8], "texture": "#0"},
				"up": {"uv": [8, 2, 6, 0], "texture": "#0"},
				"down": {"uv": [4, 6, 2, 8], "texture": "#0"}
			}
		}
	],
	"display": {
		"thirdperson_righthand": {
			"translation": [0, 4.75, 0.25],
			"scale": [0.63, 0.63, 0.63]
		},
		"thirdperson_lefthand": {
			"translation": [0, 4.75, 0.25],
			"scale": [0.63, 0.63, 0.63]
		},
		"firstperson_righthand": {
			"rotation": [0, 141, 0],
			"translation": [1.25, 3.75, 0],
			"scale": [0.76, 0.75, 0.74]
		},
		"firstperson_lefthand": {
			"rotation": [0, 141, 0],
			"translation": [1.25, 3.75, 0],
			"scale": [0.76, 0.75, 0.74]
		},
		"ground": {
			"translation": [0, 4, 0],
			"scale": [1, 1, 1]
		},
		"gui": {
			"translation": [0.25, 5.5, 0],
			"scale": [1.5, 1.5, 1.5]
		},
		"head": {
			"translation": [0, 16.75, -2.5],
			"scale": [1.5, 1.5, 1.5]
		}
	},
	"groups": [
		{
			"name": "reee",
			"origin": [4, 0, 7],
			"color": 0,
			"children": [0, 1, 2, 3, 4, 5, 6, 7]
		}
	]
}