{
	"credit": "Made with Blockbench",
	"parent": "carved_pumpkin",
	"textures": {
		"0": "item/hats/antler_small_black",
		"particle": "item/hats/antler_small_black"
	},
	"elements": [
		{
			"from": [5.1, 6, 3.25],
			"to": [6.1, 9, 4.25],
			"rotation": {"angle": -22.5, "axis": "x", "origin": [5.1, 8, 4]},
			"faces": {
				"north": {"uv": [0, 0, 1, 3], "texture": "#0"},
				"east": {"uv": [1, 0, 2, 3], "texture": "#0"},
				"south": {"uv": [2, 0, 3, 3], "texture": "#0"},
				"west": {"uv": [0, 3, 1, 6], "texture": "#0"},
				"up": {"uv": [3, 10, 2, 9], "texture": "#0"},
				"down": {"uv": [10, 2, 9, 3], "texture": "#0"}
			}
		},
		{
			"from": [15.69413, 12.96095, 2.35],
			"to": [16.69413, 13.96095, 3.35],
			"rotation": {"angle": -22.5, "axis": "x", "origin": [14.44413, 14.21095, 3.6]},
			"faces": {
				"north": {"uv": [7, 10, 6, 11], "texture": "#0"},
				"east": {"uv": [11, 7, 10, 8], "texture": "#0"},
				"south": {"uv": [8, 10, 7, 11], "texture": "#0"},
				"west": {"uv": [11, 6, 10, 7], "texture": "#0"},
				"up": {"uv": [8, 11, 9, 10], "texture": "#0"},
				"down": {"uv": [10, 8, 11, 9], "texture": "#0"}
			}
		},
		{
			"from": [15.1, 12.1, 3.1],
			"to": [16.1, 14.1, 4.1],
			"rotation": {"angle": 22.5, "axis": "z", "origin": [16, 11.5, 4.25]},
			"faces": {
				"north": {"uv": [9, 8, 8, 10], "texture": "#0"},
				"east": {"uv": [2, 9, 1, 11], "texture": "#0"},
				"south": {"uv": [10, 0, 9, 2], "texture": "#0"},
				"west": {"uv": [1, 9, 0, 11], "texture": "#0"},
				"up": {"uv": [5, 11, 6, 10], "texture": "#0"},
				"down": {"uv": [10, 5, 11, 6], "texture": "#0"}
			}
		},
		{
			"from": [14.19413, 13.46095, 2.85],
			"to": [15.19413, 15.46095, 3.85],
			"rotation": {"angle": -22.5, "axis": "x", "origin": [14.44413, 14.21095, 3.6]},
			"faces": {
				"north": {"uv": [9, 0, 8, 2], "texture": "#0"},
				"east": {"uv": [9, 6, 8, 8], "texture": "#0"},
				"south": {"uv": [9, 4, 8, 6], "texture": "#0"},
				"west": {"uv": [9, 2, 8, 4], "texture": "#0"},
				"up": {"uv": [4, 11, 5, 10], "texture": "#0"},
				"down": {"uv": [10, 4, 11, 5], "texture": "#0"}
			}
		},
		{
			"from": [10.69413, 12.96095, 3.1],
			"to": [11.69413, 14.96095, 4.1],
			"rotation": {"angle": -22.5, "axis": "x", "origin": [11.44413, 12.71095, 3.6]},
			"faces": {
				"north": {"uv": [5, 7, 4, 9], "texture": "#0"},
				"east": {"uv": [8, 7, 7, 9], "texture": "#0"},
				"south": {"uv": [7, 7, 6, 9], "texture": "#0"},
				"west": {"uv": [6, 7, 5, 9], "texture": "#0"},
				"up": {"uv": [3, 11, 4, 10], "texture": "#0"},
				"down": {"uv": [10, 3, 11, 4], "texture": "#0"}
			}
		},
		{
			"from": [12.1, 10.6, 3.1],
			"to": [13.1, 13.6, 4.1],
			"rotation": {"angle": 22.5, "axis": "z", "origin": [13, 10, 4.25]},
			"faces": {
				"north": {"uv": [5, 4, 4, 7], "texture": "#0"},
				"east": {"uv": [2, 6, 1, 9], "texture": "#0"},
				"south": {"uv": [1, 6, 0, 9], "texture": "#0"},
				"west": {"uv": [6, 4, 5, 7], "texture": "#0"},
				"up": {"uv": [2, 11, 3, 10], "texture": "#0"},
				"down": {"uv": [10, 2, 11, 3], "texture": "#0"}
			}
		},
		{
			"from": [8.94413, 10.21095, 2.6],
			"to": [9.94413, 11.21095, 3.6],
			"rotation": {"angle": -22.5, "axis": "x", "origin": [9.44413, 10.71095, 3.35]},
			"faces": {
				"north": {"uv": [8, 9, 7, 10], "texture": "#0"},
				"east": {"uv": [10, 9, 9, 10], "texture": "#0"},
				"south": {"uv": [10, 8, 9, 9], "texture": "#0"},
				"west": {"uv": [10, 7, 9, 8], "texture": "#0"},
				"up": {"uv": [10, 1, 11, 0], "texture": "#0"},
				"down": {"uv": [10, 1, 11, 2], "texture": "#0"}
			}
		},
		{
			"from": [10.1, 8.6, 2.85],
			"to": [11.1, 10.6, 3.85],
			"rotation": {"angle": 22.5, "axis": "z", "origin": [11, 8, 4]},
			"faces": {
				"north": {"uv": [8, 0, 7, 2], "texture": "#0"},
				"east": {"uv": [4, 7, 3, 9], "texture": "#0"},
				"south": {"uv": [8, 2, 7, 4], "texture": "#0"},
				"west": {"uv": [3, 7, 2, 9], "texture": "#0"},
				"up": {"uv": [6, 10, 7, 9], "texture": "#0"},
				"down": {"uv": [9, 6, 10, 7], "texture": "#0"}
			}
		},
		{
			"from": [14.76733, 12.05116, 3.05],
			"to": [16.76733, 13.05116, 4.05],
			"rotation": {"angle": 45, "axis": "z", "origin": [15.91733, 12.15116, 3.45]},
			"faces": {
				"north": {"uv": [4, 6, 2, 7], "texture": "#0"},
				"east": {"uv": [10, 5, 9, 6], "texture": "#0"},
				"south": {"uv": [8, 4, 6, 5], "texture": "#0"},
				"west": {"uv": [6, 9, 5, 10], "texture": "#0"},
				"up": {"uv": [6, 6, 8, 5], "texture": "#0"},
				"down": {"uv": [6, 6, 8, 7], "texture": "#0"}
			}
		},
		{
			"from": [13.3, 9.4, 2.95],
			"to": [16.3, 10.4, 3.95],
			"rotation": {"angle": 22.5, "axis": "z", "origin": [10.95, 7.55, 3.9]},
			"faces": {
				"north": {"uv": [7, 0, 4, 1], "texture": "#0"},
				"east": {"uv": [10, 4, 9, 5], "texture": "#0"},
				"south": {"uv": [7, 1, 4, 2], "texture": "#0"},
				"west": {"uv": [5, 9, 4, 10], "texture": "#0"},
				"up": {"uv": [4, 3, 7, 2], "texture": "#0"},
				"down": {"uv": [4, 3, 7, 4], "texture": "#0"}
			}
		},
		{
			"from": [9.2, 7.9, 2.9],
			"to": [10.2, 10.9, 3.9],
			"rotation": {"angle": -45, "axis": "z", "origin": [10.95, 7.55, 3.9]},
			"faces": {
				"north": {"uv": [4, 0, 3, 3], "texture": "#0"},
				"east": {"uv": [4, 3, 3, 6], "texture": "#0"},
				"south": {"uv": [3, 3, 2, 6], "texture": "#0"},
				"west": {"uv": [2, 3, 1, 6], "texture": "#0"},
				"up": {"uv": [3, 10, 4, 9], "texture": "#0"},
				"down": {"uv": [9, 3, 10, 4], "texture": "#0"}
			}
		},
		{
			"from": [9.9, 6, 3.25],
			"to": [10.9, 9, 4.25],
			"rotation": {"angle": -22.5, "axis": "x", "origin": [10.9, 8, 4]},
			"faces": {
				"north": {"uv": [1, 0, 0, 3], "texture": "#0"},
				"east": {"uv": [1, 3, 0, 6], "texture": "#0"},
				"south": {"uv": [3, 0, 2, 3], "texture": "#0"},
				"west": {"uv": [2, 0, 1, 3], "texture": "#0"},
				"up": {"uv": [2, 10, 3, 9], "texture": "#0"},
				"down": {"uv": [9, 2, 10, 3], "texture": "#0"}
			}
		},
		{
			"from": [4.9, 8.6, 2.85],
			"to": [5.9, 10.6, 3.85],
			"rotation": {"angle": -22.5, "axis": "z", "origin": [5, 8, 4]},
			"faces": {
				"north": {"uv": [7, 0, 8, 2], "texture": "#0"},
				"east": {"uv": [2, 7, 3, 9], "texture": "#0"},
				"south": {"uv": [7, 2, 8, 4], "texture": "#0"},
				"west": {"uv": [3, 7, 4, 9], "texture": "#0"},
				"up": {"uv": [7, 10, 6, 9], "texture": "#0"},
				"down": {"uv": [10, 6, 9, 7], "texture": "#0"}
			}
		},
		{
			"from": [4.30587, 12.96095, 3.1],
			"to": [5.30587, 14.96095, 4.1],
			"rotation": {"angle": -22.5, "axis": "x", "origin": [4.55587, 12.71095, 3.6]},
			"faces": {
				"north": {"uv": [4, 7, 5, 9], "texture": "#0"},
				"east": {"uv": [5, 7, 6, 9], "texture": "#0"},
				"south": {"uv": [6, 7, 7, 9], "texture": "#0"},
				"west": {"uv": [7, 7, 8, 9], "texture": "#0"},
				"up": {"uv": [4, 11, 3, 10], "texture": "#0"},
				"down": {"uv": [11, 3, 10, 4], "texture": "#0"}
			}
		},
		{
			"from": [-0.1, 12.1, 3.1],
			"to": [0.9, 14.1, 4.1],
			"rotation": {"angle": -22.5, "axis": "z", "origin": [0, 11.5, 4.25]},
			"faces": {
				"north": {"uv": [8, 8, 9, 10], "texture": "#0"},
				"east": {"uv": [0, 9, 1, 11], "texture": "#0"},
				"south": {"uv": [9, 0, 10, 2], "texture": "#0"},
				"west": {"uv": [1, 9, 2, 11], "texture": "#0"},
				"up": {"uv": [6, 11, 5, 10], "texture": "#0"},
				"down": {"uv": [11, 5, 10, 6], "texture": "#0"}
			}
		},
		{
			"from": [0.80587, 13.46095, 2.85],
			"to": [1.80587, 15.46095, 3.85],
			"rotation": {"angle": -22.5, "axis": "x", "origin": [1.55587, 14.21095, 3.6]},
			"faces": {
				"north": {"uv": [8, 0, 9, 2], "texture": "#0"},
				"east": {"uv": [8, 2, 9, 4], "texture": "#0"},
				"south": {"uv": [8, 4, 9, 6], "texture": "#0"},
				"west": {"uv": [8, 6, 9, 8], "texture": "#0"},
				"up": {"uv": [5, 11, 4, 10], "texture": "#0"},
				"down": {"uv": [11, 4, 10, 5], "texture": "#0"}
			}
		},
		{
			"from": [-0.69413, 12.96095, 2.35],
			"to": [0.30587, 13.96095, 3.35],
			"rotation": {"angle": -22.5, "axis": "x", "origin": [1.55587, 14.21095, 3.6]},
			"faces": {
				"north": {"uv": [6, 10, 7, 11], "texture": "#0"},
				"east": {"uv": [10, 6, 11, 7], "texture": "#0"},
				"south": {"uv": [7, 10, 8, 11], "texture": "#0"},
				"west": {"uv": [10, 7, 11, 8], "texture": "#0"},
				"up": {"uv": [9, 11, 8, 10], "texture": "#0"},
				"down": {"uv": [11, 8, 10, 9], "texture": "#0"}
			}
		},
		{
			"from": [2.9, 10.6, 3.1],
			"to": [3.9, 13.6, 4.1],
			"rotation": {"angle": -22.5, "axis": "z", "origin": [3, 10, 4.25]},
			"faces": {
				"north": {"uv": [4, 4, 5, 7], "texture": "#0"},
				"east": {"uv": [5, 4, 6, 7], "texture": "#0"},
				"south": {"uv": [0, 6, 1, 9], "texture": "#0"},
				"west": {"uv": [1, 6, 2, 9], "texture": "#0"},
				"up": {"uv": [3, 11, 2, 10], "texture": "#0"},
				"down": {"uv": [11, 2, 10, 3], "texture": "#0"}
			}
		},
		{
			"from": [6.05587, 10.21095, 2.6],
			"to": [7.05587, 11.21095, 3.6],
			"rotation": {"angle": -22.5, "axis": "x", "origin": [6.55587, 10.71095, 3.35]},
			"faces": {
				"north": {"uv": [7, 9, 8, 10], "texture": "#0"},
				"east": {"uv": [9, 7, 10, 8], "texture": "#0"},
				"south": {"uv": [9, 8, 10, 9], "texture": "#0"},
				"west": {"uv": [9, 9, 10, 10], "texture": "#0"},
				"up": {"uv": [11, 1, 10, 0], "texture": "#0"},
				"down": {"uv": [11, 1, 10, 2], "texture": "#0"}
			}
		},
		{
			"from": [5.8, 7.9, 2.9],
			"to": [6.8, 10.9, 3.9],
			"rotation": {"angle": 45, "axis": "z", "origin": [5.05, 7.55, 3.9]},
			"faces": {
				"north": {"uv": [3, 0, 4, 3], "texture": "#0"},
				"east": {"uv": [1, 3, 2, 6], "texture": "#0"},
				"south": {"uv": [2, 3, 3, 6], "texture": "#0"},
				"west": {"uv": [3, 3, 4, 6], "texture": "#0"},
				"up": {"uv": [4, 10, 3, 9], "texture": "#0"},
				"down": {"uv": [10, 3, 9, 4], "texture": "#0"}
			}
		},
		{
			"from": [-0.3, 9.4, 2.95],
			"to": [2.7, 10.4, 3.95],
			"rotation": {"angle": -22.5, "axis": "z", "origin": [5.05, 7.55, 3.9]},
			"faces": {
				"north": {"uv": [4, 0, 7, 1], "texture": "#0"},
				"east": {"uv": [4, 9, 5, 10], "texture": "#0"},
				"south": {"uv": [4, 1, 7, 2], "texture": "#0"},
				"west": {"uv": [9, 4, 10, 5], "texture": "#0"},
				"up": {"uv": [7, 3, 4, 2], "texture": "#0"},
				"down": {"uv": [7, 3, 4, 4], "texture": "#0"}
			}
		},
		{
			"from": [-0.76733, 12.05116, 3.05],
			"to": [1.23267, 13.05116, 4.05],
			"rotation": {"angle": -45, "axis": "z", "origin": [0.08267, 12.15116, 3.45]},
			"faces": {
				"north": {"uv": [2, 6, 4, 7], "texture": "#0"},
				"east": {"uv": [5, 9, 6, 10], "texture": "#0"},
				"south": {"uv": [6, 4, 8, 5], "texture": "#0"},
				"west": {"uv": [9, 5, 10, 6], "texture": "#0"},
				"up": {"uv": [8, 6, 6, 5], "texture": "#0"},
				"down": {"uv": [8, 6, 6, 7], "texture": "#0"}
			}
		}
	],
	"display": {
		"thirdperson_righthand": {
			"rotation": [29.5, 0, 0],
			"translation": [0, 0, 3.25]
		},
		"thirdperson_lefthand": {
			"rotation": [29.5, 0, 0],
			"translation": [0, 0, 3.25]
		},
		"firstperson_righthand": {
			"rotation": [-18.16, -18.2, 3.85],
			"translation": [0.75, 1.5, 2.75],
			"scale": [0.76, 0.75, 0.74]
		},
		"firstperson_lefthand": {
			"rotation": [-18.16, -18.2, 3.85],
			"translation": [0.75, 1.5, 2.75],
			"scale": [0.76, 0.75, 0.74]
		},
		"gui": {
			"rotation": [12, 0, 0],
			"translation": [0, -4.25, 0],
			"scale": [0.93555, 0.93555, 0.93555]
		},
		"head": {
			"rotation": [-13.25, 0, 0],
			"translation": [0, 6.75, 0.75],
			"scale": [1.7, 1.7, 1.7]
		},
		"fixed": {
			"translation": [0, 0, 7.25],
			"scale": [2, 2, 2]
		}
	}
}