{
	"credit": "Made with Blockbench",
	"parent": "carved_pumpkin",
	"texture_size": [32, 32],
	"textures": {
		"0": "item/hats/antler_tall_purple",
		"particle": "item/hats/antler_tall_purple"
	},
	"elements": [
		{
			"from": [5.1, 7.07612, 3.13268],
			"to": [7.1, 10.07612, 5.13268],
			"rotation": {"angle": 0, "axis": "x", "origin": [4.1, 7.07612, 4.38268]},
			"faces": {
				"north": {"uv": [1, 2, 2, 3.5], "texture": "#0"},
				"east": {"uv": [2, 2, 3, 3.5], "texture": "#0"},
				"south": {"uv": [3, 0, 4, 1.5], "texture": "#0"},
				"west": {"uv": [3, 1.5, 4, 3], "texture": "#0"},
				"up": {"uv": [1, 6.5, 0, 5.5], "texture": "#0"},
				"down": {"uv": [7, 2, 6, 3], "texture": "#0"}
			}
		},
		{
			"from": [10.4, 7.07612, 2.13268],
			"to": [11.4, 9.07612, 4.13268],
			"rotation": {"angle": -22.5, "axis": "y", "origin": [11.9, 7.07612, 4.38268]},
			"faces": {
				"north": {"uv": [5.5, 9, 5, 10], "texture": "#0"},
				"east": {"uv": [8.5, 0, 7.5, 1], "texture": "#0"},
				"south": {"uv": [9.5, 5, 9, 6], "texture": "#0"},
				"west": {"uv": [1, 7.5, 0, 8.5], "texture": "#0"},
				"up": {"uv": [5.5, 10, 6, 9], "texture": "#0"},
				"down": {"uv": [6, 9, 6.5, 10], "texture": "#0"}
			}
		},
		{
			"from": [10.15, 15.18679, 15.59341],
			"to": [11.15, 16.18679, 16.59341],
			"rotation": {"angle": -22.5, "axis": "x", "origin": [13.9, 10.56179, 7.84341]},
			"faces": {
				"north": {"uv": [10, 7.5, 9.5, 8], "texture": "#0"},
				"east": {"uv": [9, 9.5, 8.5, 10], "texture": "#0"},
				"south": {"uv": [10, 8, 9.5, 8.5], "texture": "#0"},
				"west": {"uv": [8.5, 9.5, 8, 10], "texture": "#0"},
				"up": {"uv": [9.5, 9, 10, 8.5], "texture": "#0"},
				"down": {"uv": [9, 9.5, 9.5, 10], "texture": "#0"}
			}
		},
		{
			"from": [10.15, 18.07612, 10.63268],
			"to": [11.15, 20.07612, 11.63268],
			"rotation": {"angle": 22.5, "axis": "y", "origin": [3.9, 7.07612, 4.38268]},
			"faces": {
				"north": {"uv": [4, 9, 3.5, 10], "texture": "#0"},
				"east": {"uv": [5, 9, 4.5, 10], "texture": "#0"},
				"south": {"uv": [9.5, 4, 9, 5], "texture": "#0"},
				"west": {"uv": [4.5, 9, 4, 10], "texture": "#0"},
				"up": {"uv": [9.5, 7.5, 10, 7], "texture": "#0"},
				"down": {"uv": [7.5, 9.5, 8, 10], "texture": "#0"}
			}
		},
		{
			"from": [9.4, 19.32612, 11.38268],
			"to": [10.4, 21.32612, 12.38268],
			"rotation": {"angle": 22.5, "axis": "y", "origin": [3.9, 7.07612, 4.38268]},
			"faces": {
				"north": {"uv": [2.5, 9, 2, 10], "texture": "#0"},
				"east": {"uv": [3.5, 9, 3, 10], "texture": "#0"},
				"south": {"uv": [3, 9, 2.5, 10], "texture": "#0"},
				"west": {"uv": [9.5, 2, 9, 3], "texture": "#0"},
				"up": {"uv": [9.5, 7, 10, 6.5], "texture": "#0"},
				"down": {"uv": [7, 9.5, 7.5, 10], "texture": "#0"}
			}
		},
		{
			"from": [8.9, 21.07612, 12.13268],
			"to": [9.9, 22.07612, 13.13268],
			"rotation": {"angle": 22.5, "axis": "y", "origin": [3.9, 7.07612, 4.38268]},
			"faces": {
				"north": {"uv": [10, 4, 9.5, 4.5], "texture": "#0"},
				"east": {"uv": [10, 5.5, 9.5, 6], "texture": "#0"},
				"south": {"uv": [10, 5, 9.5, 5.5], "texture": "#0"},
				"west": {"uv": [10, 4.5, 9.5, 5], "texture": "#0"},
				"up": {"uv": [9.5, 6.5, 10, 6], "texture": "#0"},
				"down": {"uv": [6.5, 9.5, 7, 10], "texture": "#0"}
			}
		},
		{
			"from": [11.15, 8.32612, 1.38268],
			"to": [12.15, 10.32612, 2.38268],
			"rotation": {"angle": -22.5, "axis": "y", "origin": [11.9, 7.07612, 4.38268]},
			"faces": {
				"north": {"uv": [9.5, 0, 9, 1], "texture": "#0"},
				"east": {"uv": [2, 9, 1.5, 10], "texture": "#0"},
				"south": {"uv": [9.5, 1, 9, 2], "texture": "#0"},
				"west": {"uv": [1.5, 9, 1, 10], "texture": "#0"},
				"up": {"uv": [9.5, 3.5, 10, 3], "texture": "#0"},
				"down": {"uv": [9.5, 3.5, 10, 4], "texture": "#0"}
			}
		},
		{
			"from": [11.65, 10.07612, 0.63268],
			"to": [12.65, 11.07612, 1.63268],
			"rotation": {"angle": -22.5, "axis": "y", "origin": [11.9, 7.07612, 4.38268]},
			"faces": {
				"north": {"uv": [1, 9.5, 0.5, 10], "texture": "#0"},
				"east": {"uv": [10, 1.5, 9.5, 2], "texture": "#0"},
				"south": {"uv": [10, 1, 9.5, 1.5], "texture": "#0"},
				"west": {"uv": [10, 0.5, 9.5, 1], "texture": "#0"},
				"up": {"uv": [9.5, 2.5, 10, 2], "texture": "#0"},
				"down": {"uv": [9.5, 2.5, 10, 3], "texture": "#0"}
			}
		},
		{
			"from": [12.15, 12.18679, 7.59341],
			"to": [13.15, 14.18679, 10.59341],
			"rotation": {"angle": -22.5, "axis": "x", "origin": [13.9, 10.56179, 7.84341]},
			"faces": {
				"north": {"uv": [9, 7, 8.5, 8], "texture": "#0"},
				"east": {"uv": [7.5, 1, 6, 2], "texture": "#0"},
				"south": {"uv": [9, 8, 8.5, 9], "texture": "#0"},
				"west": {"uv": [7.5, 0, 6, 1], "texture": "#0"},
				"up": {"uv": [5.5, 9, 6, 7.5], "texture": "#0"},
				"down": {"uv": [6, 7.5, 6.5, 9], "texture": "#0"}
			}
		},
		{
			"from": [12.65, 12.68679, 9.59341],
			"to": [13.65, 14.68679, 12.59341],
			"rotation": {"angle": -22.5, "axis": "x", "origin": [13.9, 10.56179, 7.84341]},
			"faces": {
				"north": {"uv": [9, 6, 8.5, 7], "texture": "#0"},
				"east": {"uv": [6.5, 5.5, 5, 6.5], "texture": "#0"},
				"south": {"uv": [7, 8.5, 6.5, 9.5], "texture": "#0"},
				"west": {"uv": [6.5, 4.5, 5, 5.5], "texture": "#0"},
				"up": {"uv": [7.5, 5.5, 8, 4], "texture": "#0"},
				"down": {"uv": [5, 7.5, 5.5, 9], "texture": "#0"}
			}
		},
		{
			"from": [12.15, 14.18679, 12.09341],
			"to": [13.15, 15.18679, 15.09341],
			"rotation": {"angle": -22.5, "axis": "x", "origin": [13.9, 10.56179, 7.84341]},
			"faces": {
				"north": {"uv": [0.5, 9.5, 0, 10], "texture": "#0"},
				"east": {"uv": [9, 1.5, 7.5, 2], "texture": "#0"},
				"south": {"uv": [10, 0, 9.5, 0.5], "texture": "#0"},
				"west": {"uv": [9, 1, 7.5, 1.5], "texture": "#0"},
				"up": {"uv": [2, 9, 2.5, 7.5], "texture": "#0"},
				"down": {"uv": [2.5, 7.5, 3, 9], "texture": "#0"}
			}
		},
		{
			"from": [11.15, 14.68679, 14.09341],
			"to": [12.15, 15.68679, 16.09341],
			"rotation": {"angle": -22.5, "axis": "x", "origin": [13.9, 10.56179, 7.84341]},
			"faces": {
				"north": {"uv": [9.5, 8.5, 9, 9], "texture": "#0"},
				"east": {"uv": [9.5, 3.5, 8.5, 4], "texture": "#0"},
				"south": {"uv": [9.5, 9, 9, 9.5], "texture": "#0"},
				"west": {"uv": [9.5, 3, 8.5, 3.5], "texture": "#0"},
				"up": {"uv": [8.5, 5, 9, 4], "texture": "#0"},
				"down": {"uv": [8.5, 5, 9, 6], "texture": "#0"}
			}
		},
		{
			"from": [12.9, 22.31179, 8.21841],
			"to": [13.9, 24.31179, 9.21841],
			"rotation": {"angle": 0, "axis": "y", "origin": [11.9, 16.06179, 7.46841]},
			"faces": {
				"north": {"uv": [0.5, 8.5, 0, 9.5], "texture": "#0"},
				"east": {"uv": [9, 2, 8.5, 3], "texture": "#0"},
				"south": {"uv": [1, 8.5, 0.5, 9.5], "texture": "#0"},
				"west": {"uv": [9, 0, 8.5, 1], "texture": "#0"},
				"up": {"uv": [9, 8.5, 9.5, 8], "texture": "#0"},
				"down": {"uv": [8.5, 9, 9, 9.5], "texture": "#0"}
			}
		},
		{
			"from": [13.9, 21.31179, 7.71841],
			"to": [14.9, 23.31179, 8.71841],
			"rotation": {"angle": 0, "axis": "y", "origin": [11.9, 16.06179, 7.46841]},
			"faces": {
				"north": {"uv": [7.5, 8, 7, 9], "texture": "#0"},
				"east": {"uv": [8.5, 8, 8, 9], "texture": "#0"},
				"south": {"uv": [8, 8, 7.5, 9], "texture": "#0"},
				"west": {"uv": [8.5, 7, 8, 8], "texture": "#0"},
				"up": {"uv": [9, 8, 9.5, 7.5], "texture": "#0"},
				"down": {"uv": [8, 9, 8.5, 9.5], "texture": "#0"}
			}
		},
		{
			"from": [15.4, 14.57612, 2.13268],
			"to": [16.4, 16.57612, 4.13268],
			"rotation": {"angle": -22.5, "axis": "y", "origin": [11.9, 7.07612, 4.38268]},
			"faces": {
				"north": {"uv": [8.5, 4, 8, 5], "texture": "#0"},
				"east": {"uv": [8, 7, 7, 8], "texture": "#0"},
				"south": {"uv": [5, 8, 4.5, 9], "texture": "#0"},
				"west": {"uv": [8, 6, 7, 7], "texture": "#0"},
				"up": {"uv": [8, 6, 8.5, 5], "texture": "#0"},
				"down": {"uv": [8, 6, 8.5, 7], "texture": "#0"}
			}
		},
		{
			"from": [16.15, 13.57612, 1.88268],
			"to": [17.15, 15.57612, 2.88268],
			"rotation": {"angle": -22.5, "axis": "y", "origin": [11.9, 7.07612, 4.38268]},
			"faces": {
				"north": {"uv": [3.5, 8, 3, 9], "texture": "#0"},
				"east": {"uv": [4.5, 8, 4, 9], "texture": "#0"},
				"south": {"uv": [4, 8, 3.5, 9], "texture": "#0"},
				"west": {"uv": [8.5, 3, 8, 4], "texture": "#0"},
				"up": {"uv": [9, 7.5, 9.5, 7], "texture": "#0"},
				"down": {"uv": [7.5, 9, 8, 9.5], "texture": "#0"}
			}
		},
		{
			"from": [15.15, 12.82612, 1.38268],
			"to": [16.15, 13.82612, 2.38268],
			"rotation": {"angle": -22.5, "axis": "y", "origin": [11.9, 7.07612, 4.38268]},
			"faces": {
				"north": {"uv": [6.5, 4, 6, 4.5], "texture": "#0"},
				"east": {"uv": [9.5, 6, 9, 6.5], "texture": "#0"},
				"south": {"uv": [8, 5.5, 7.5, 6], "texture": "#0"},
				"west": {"uv": [7, 6, 6.5, 6.5], "texture": "#0"},
				"up": {"uv": [9, 7, 9.5, 6.5], "texture": "#0"},
				"down": {"uv": [7, 9, 7.5, 9.5], "texture": "#0"}
			}
		},
		{
			"from": [13.9, 15.31179, 5.21841],
			"to": [15.9, 17.31179, 7.21841],
			"rotation": {"angle": 0, "axis": "y", "origin": [11.9, 16.06179, 7.46841]},
			"faces": {
				"north": {"uv": [7.5, 5, 6.5, 6], "texture": "#0"},
				"east": {"uv": [4, 7, 3, 8], "texture": "#0"},
				"south": {"uv": [8, 2, 7, 3], "texture": "#0"},
				"west": {"uv": [7, 6.5, 6, 7.5], "texture": "#0"},
				"up": {"uv": [7, 4, 8, 3], "texture": "#0"},
				"down": {"uv": [4, 7, 5, 8], "texture": "#0"}
			}
		},
		{
			"from": [14.4, 18.31179, 6.71841],
			"to": [15.4, 21.31179, 8.71841],
			"rotation": {"angle": 0, "axis": "y", "origin": [11.9, 16.06179, 7.46841]},
			"faces": {
				"north": {"uv": [1.5, 7.5, 1, 9], "texture": "#0"},
				"east": {"uv": [6, 3, 5, 4.5], "texture": "#0"},
				"south": {"uv": [2, 7.5, 1.5, 9], "texture": "#0"},
				"west": {"uv": [3, 5, 2, 6.5], "texture": "#0"},
				"up": {"uv": [6.5, 8.5, 7, 7.5], "texture": "#0"},
				"down": {"uv": [8, 2, 8.5, 3], "texture": "#0"}
			}
		},
		{
			"from": [12.9, 16.31179, 6.21841],
			"to": [14.9, 19.31179, 8.21841],
			"rotation": {"angle": 0, "axis": "y", "origin": [11.9, 16.06179, 7.46841]},
			"faces": {
				"north": {"uv": [5, 4.5, 4, 6], "texture": "#0"},
				"east": {"uv": [6, 1.5, 5, 3], "texture": "#0"},
				"south": {"uv": [2, 5, 1, 6.5], "texture": "#0"},
				"west": {"uv": [6, 0, 5, 1.5], "texture": "#0"},
				"up": {"uv": [6.5, 5, 7.5, 4], "texture": "#0"},
				"down": {"uv": [5, 6.5, 6, 7.5], "texture": "#0"}
			}
		},
		{
			"from": [11.9, 14.31179, 5.96841],
			"to": [13.9, 17.31179, 7.96841],
			"rotation": {"angle": 0, "axis": "y", "origin": [11.9, 16.06179, 7.46841]},
			"faces": {
				"north": {"uv": [5, 0, 4, 1.5], "texture": "#0"},
				"east": {"uv": [4, 4.5, 3, 6], "texture": "#0"},
				"south": {"uv": [5, 3, 4, 4.5], "texture": "#0"},
				"west": {"uv": [5, 1.5, 4, 3], "texture": "#0"},
				"up": {"uv": [1, 7.5, 2, 6.5], "texture": "#0"},
				"down": {"uv": [2, 6.5, 3, 7.5], "texture": "#0"}
			}
		},
		{
			"from": [10.9, 12.07612, 4.38268],
			"to": [12.9, 15.07612, 6.38268],
			"rotation": {"angle": 22.5, "axis": "x", "origin": [10.9, 11.07612, 5.13268]},
			"faces": {
				"north": {"uv": [4, 3, 3, 4.5], "texture": "#0"},
				"east": {"uv": [1, 4, 0, 5.5], "texture": "#0"},
				"south": {"uv": [3, 3.5, 2, 5], "texture": "#0"},
				"west": {"uv": [2, 3.5, 1, 5], "texture": "#0"},
				"up": {"uv": [4, 7, 5, 6], "texture": "#0"},
				"down": {"uv": [0, 6.5, 1, 7.5], "texture": "#0"}
			}
		},
		{
			"from": [9.9, 9.07612, 4.13268],
			"to": [11.9, 13.07612, 6.13268],
			"rotation": {"angle": 22.5, "axis": "x", "origin": [10.9, 11.07612, 5.13268]},
			"faces": {
				"north": {"uv": [1, 0, 0, 2], "texture": "#0"},
				"east": {"uv": [3, 0, 2, 2], "texture": "#0"},
				"south": {"uv": [1, 2, 0, 4], "texture": "#0"},
				"west": {"uv": [2, 0, 1, 2], "texture": "#0"},
				"up": {"uv": [3, 7, 4, 6], "texture": "#0"},
				"down": {"uv": [6, 3, 7, 4], "texture": "#0"}
			}
		},
		{
			"from": [8.9, 7.07612, 3.13268],
			"to": [10.9, 10.07612, 5.13268],
			"rotation": {"angle": 0, "axis": "y", "origin": [11.9, 7.07612, 4.38268]},
			"faces": {
				"north": {"uv": [2, 2, 1, 3.5], "texture": "#0"},
				"east": {"uv": [4, 1.5, 3, 3], "texture": "#0"},
				"south": {"uv": [4, 0, 3, 1.5], "texture": "#0"},
				"west": {"uv": [3, 2, 2, 3.5], "texture": "#0"},
				"up": {"uv": [0, 6.5, 1, 5.5], "texture": "#0"},
				"down": {"uv": [6, 2, 7, 3], "texture": "#0"}
			}
		},
		{
			"from": [4.6, 7.07612, 2.13268],
			"to": [5.6, 9.07612, 4.13268],
			"rotation": {"angle": 22.5, "axis": "y", "origin": [4.1, 7.07612, 4.38268]},
			"faces": {
				"north": {"uv": [5, 9, 5.5, 10], "texture": "#0"},
				"east": {"uv": [0, 7.5, 1, 8.5], "texture": "#0"},
				"south": {"uv": [9, 5, 9.5, 6], "texture": "#0"},
				"west": {"uv": [7.5, 0, 8.5, 1], "texture": "#0"},
				"up": {"uv": [6, 10, 5.5, 9], "texture": "#0"},
				"down": {"uv": [6.5, 9, 6, 10], "texture": "#0"}
			}
		},
		{
			"from": [4.85, 18.07612, 10.63268],
			"to": [5.85, 20.07612, 11.63268],
			"rotation": {"angle": -22.5, "axis": "y", "origin": [12.1, 7.07612, 4.38268]},
			"faces": {
				"north": {"uv": [3.5, 9, 4, 10], "texture": "#0"},
				"east": {"uv": [4, 9, 4.5, 10], "texture": "#0"},
				"south": {"uv": [9, 4, 9.5, 5], "texture": "#0"},
				"west": {"uv": [4.5, 9, 5, 10], "texture": "#0"},
				"up": {"uv": [10, 7.5, 9.5, 7], "texture": "#0"},
				"down": {"uv": [8, 9.5, 7.5, 10], "texture": "#0"}
			}
		},
		{
			"from": [5.6, 19.32612, 11.38268],
			"to": [6.6, 21.32612, 12.38268],
			"rotation": {"angle": -22.5, "axis": "y", "origin": [12.1, 7.07612, 4.38268]},
			"faces": {
				"north": {"uv": [2, 9, 2.5, 10], "texture": "#0"},
				"east": {"uv": [9, 2, 9.5, 3], "texture": "#0"},
				"south": {"uv": [2.5, 9, 3, 10], "texture": "#0"},
				"west": {"uv": [3, 9, 3.5, 10], "texture": "#0"},
				"up": {"uv": [10, 7, 9.5, 6.5], "texture": "#0"},
				"down": {"uv": [7.5, 9.5, 7, 10], "texture": "#0"}
			}
		},
		{
			"from": [6.1, 21.07612, 12.13268],
			"to": [7.1, 22.07612, 13.13268],
			"rotation": {"angle": -22.5, "axis": "y", "origin": [12.1, 7.07612, 4.38268]},
			"faces": {
				"north": {"uv": [9.5, 4, 10, 4.5], "texture": "#0"},
				"east": {"uv": [9.5, 4.5, 10, 5], "texture": "#0"},
				"south": {"uv": [9.5, 5, 10, 5.5], "texture": "#0"},
				"west": {"uv": [9.5, 5.5, 10, 6], "texture": "#0"},
				"up": {"uv": [10, 6.5, 9.5, 6], "texture": "#0"},
				"down": {"uv": [7, 9.5, 6.5, 10], "texture": "#0"}
			}
		},
		{
			"from": [-0.4, 14.57612, 2.13268],
			"to": [0.6, 16.57612, 4.13268],
			"rotation": {"angle": 22.5, "axis": "y", "origin": [4.1, 7.07612, 4.38268]},
			"faces": {
				"north": {"uv": [8, 4, 8.5, 5], "texture": "#0"},
				"east": {"uv": [7, 6, 8, 7], "texture": "#0"},
				"south": {"uv": [4.5, 8, 5, 9], "texture": "#0"},
				"west": {"uv": [7, 7, 8, 8], "texture": "#0"},
				"up": {"uv": [8.5, 6, 8, 5], "texture": "#0"},
				"down": {"uv": [8.5, 6, 8, 7], "texture": "#0"}
			}
		},
		{
			"from": [3.85, 8.32612, 1.38268],
			"to": [4.85, 10.32612, 2.38268],
			"rotation": {"angle": 22.5, "axis": "y", "origin": [4.1, 7.07612, 4.38268]},
			"faces": {
				"north": {"uv": [9, 0, 9.5, 1], "texture": "#0"},
				"east": {"uv": [1, 9, 1.5, 10], "texture": "#0"},
				"south": {"uv": [9, 1, 9.5, 2], "texture": "#0"},
				"west": {"uv": [1.5, 9, 2, 10], "texture": "#0"},
				"up": {"uv": [10, 3.5, 9.5, 3], "texture": "#0"},
				"down": {"uv": [10, 3.5, 9.5, 4], "texture": "#0"}
			}
		},
		{
			"from": [3.35, 10.07612, 0.63268],
			"to": [4.35, 11.07612, 1.63268],
			"rotation": {"angle": 22.5, "axis": "y", "origin": [4.1, 7.07612, 4.38268]},
			"faces": {
				"north": {"uv": [0.5, 9.5, 1, 10], "texture": "#0"},
				"east": {"uv": [9.5, 0.5, 10, 1], "texture": "#0"},
				"south": {"uv": [9.5, 1, 10, 1.5], "texture": "#0"},
				"west": {"uv": [9.5, 1.5, 10, 2], "texture": "#0"},
				"up": {"uv": [10, 2.5, 9.5, 2], "texture": "#0"},
				"down": {"uv": [10, 2.5, 9.5, 3], "texture": "#0"}
			}
		},
		{
			"from": [-1.15, 13.57612, 1.88268],
			"to": [-0.15, 15.57612, 2.88268],
			"rotation": {"angle": 22.5, "axis": "y", "origin": [4.1, 7.07612, 4.38268]},
			"faces": {
				"north": {"uv": [3, 8, 3.5, 9], "texture": "#0"},
				"east": {"uv": [8, 3, 8.5, 4], "texture": "#0"},
				"south": {"uv": [3.5, 8, 4, 9], "texture": "#0"},
				"west": {"uv": [4, 8, 4.5, 9], "texture": "#0"},
				"up": {"uv": [9.5, 7.5, 9, 7], "texture": "#0"},
				"down": {"uv": [8, 9, 7.5, 9.5], "texture": "#0"}
			}
		},
		{
			"from": [-0.15, 12.82612, 1.38268],
			"to": [0.85, 13.82612, 2.38268],
			"rotation": {"angle": 22.5, "axis": "y", "origin": [4.1, 7.07612, 4.38268]},
			"faces": {
				"north": {"uv": [6, 4, 6.5, 4.5], "texture": "#0"},
				"east": {"uv": [6.5, 6, 7, 6.5], "texture": "#0"},
				"south": {"uv": [7.5, 5.5, 8, 6], "texture": "#0"},
				"west": {"uv": [9, 6, 9.5, 6.5], "texture": "#0"},
				"up": {"uv": [9.5, 7, 9, 6.5], "texture": "#0"},
				"down": {"uv": [7.5, 9, 7, 9.5], "texture": "#0"}
			}
		},
		{
			"from": [4.1, 9.07612, 4.13268],
			"to": [6.1, 13.07612, 6.13268],
			"rotation": {"angle": 22.5, "axis": "x", "origin": [5.1, 11.07612, 5.13268]},
			"faces": {
				"north": {"uv": [0, 0, 1, 2], "texture": "#0"},
				"east": {"uv": [1, 0, 2, 2], "texture": "#0"},
				"south": {"uv": [0, 2, 1, 4], "texture": "#0"},
				"west": {"uv": [2, 0, 3, 2], "texture": "#0"},
				"up": {"uv": [4, 7, 3, 6], "texture": "#0"},
				"down": {"uv": [7, 3, 6, 4], "texture": "#0"}
			}
		},
		{
			"from": [3.1, 12.07612, 4.38268],
			"to": [5.1, 15.07612, 6.38268],
			"rotation": {"angle": 22.5, "axis": "x", "origin": [5.1, 11.07612, 5.13268]},
			"faces": {
				"north": {"uv": [3, 3, 4, 4.5], "texture": "#0"},
				"east": {"uv": [1, 3.5, 2, 5], "texture": "#0"},
				"south": {"uv": [2, 3.5, 3, 5], "texture": "#0"},
				"west": {"uv": [0, 4, 1, 5.5], "texture": "#0"},
				"up": {"uv": [5, 7, 4, 6], "texture": "#0"},
				"down": {"uv": [1, 6.5, 0, 7.5], "texture": "#0"}
			}
		},
		{
			"from": [2.1, 14.31179, 5.96841],
			"to": [4.1, 17.31179, 7.96841],
			"rotation": {"angle": 0, "axis": "x", "origin": [4.1, 16.06179, 7.46841]},
			"faces": {
				"north": {"uv": [4, 0, 5, 1.5], "texture": "#0"},
				"east": {"uv": [4, 1.5, 5, 3], "texture": "#0"},
				"south": {"uv": [4, 3, 5, 4.5], "texture": "#0"},
				"west": {"uv": [3, 4.5, 4, 6], "texture": "#0"},
				"up": {"uv": [2, 7.5, 1, 6.5], "texture": "#0"},
				"down": {"uv": [3, 6.5, 2, 7.5], "texture": "#0"}
			}
		},
		{
			"from": [1.1, 16.31179, 6.21841],
			"to": [3.1, 19.31179, 8.21841],
			"rotation": {"angle": 0, "axis": "x", "origin": [4.1, 16.06179, 7.46841]},
			"faces": {
				"north": {"uv": [4, 4.5, 5, 6], "texture": "#0"},
				"east": {"uv": [5, 0, 6, 1.5], "texture": "#0"},
				"south": {"uv": [1, 5, 2, 6.5], "texture": "#0"},
				"west": {"uv": [5, 1.5, 6, 3], "texture": "#0"},
				"up": {"uv": [7.5, 5, 6.5, 4], "texture": "#0"},
				"down": {"uv": [6, 6.5, 5, 7.5], "texture": "#0"}
			}
		},
		{
			"from": [0.1, 15.31179, 5.21841],
			"to": [2.1, 17.31179, 7.21841],
			"rotation": {"angle": 0, "axis": "x", "origin": [4.1, 16.06179, 7.46841]},
			"faces": {
				"north": {"uv": [6.5, 5, 7.5, 6], "texture": "#0"},
				"east": {"uv": [6, 6.5, 7, 7.5], "texture": "#0"},
				"south": {"uv": [7, 2, 8, 3], "texture": "#0"},
				"west": {"uv": [3, 7, 4, 8], "texture": "#0"},
				"up": {"uv": [8, 4, 7, 3], "texture": "#0"},
				"down": {"uv": [5, 7, 4, 8], "texture": "#0"}
			}
		},
		{
			"from": [0.6, 18.31179, 6.71841],
			"to": [1.6, 21.31179, 8.71841],
			"rotation": {"angle": 0, "axis": "x", "origin": [4.1, 16.06179, 7.46841]},
			"faces": {
				"north": {"uv": [1, 7.5, 1.5, 9], "texture": "#0"},
				"east": {"uv": [2, 5, 3, 6.5], "texture": "#0"},
				"south": {"uv": [1.5, 7.5, 2, 9], "texture": "#0"},
				"west": {"uv": [5, 3, 6, 4.5], "texture": "#0"},
				"up": {"uv": [7, 8.5, 6.5, 7.5], "texture": "#0"},
				"down": {"uv": [8.5, 2, 8, 3], "texture": "#0"}
			}
		},
		{
			"from": [1.1, 21.31179, 7.71841],
			"to": [2.1, 23.31179, 8.71841],
			"rotation": {"angle": 0, "axis": "x", "origin": [4.1, 16.06179, 7.46841]},
			"faces": {
				"north": {"uv": [7, 8, 7.5, 9], "texture": "#0"},
				"east": {"uv": [8, 7, 8.5, 8], "texture": "#0"},
				"south": {"uv": [7.5, 8, 8, 9], "texture": "#0"},
				"west": {"uv": [8, 8, 8.5, 9], "texture": "#0"},
				"up": {"uv": [9.5, 8, 9, 7.5], "texture": "#0"},
				"down": {"uv": [8.5, 9, 8, 9.5], "texture": "#0"}
			}
		},
		{
			"from": [2.1, 22.31179, 8.21841],
			"to": [3.1, 24.31179, 9.21841],
			"rotation": {"angle": 0, "axis": "x", "origin": [4.1, 16.06179, 7.46841]},
			"faces": {
				"north": {"uv": [0, 8.5, 0.5, 9.5], "texture": "#0"},
				"east": {"uv": [8.5, 0, 9, 1], "texture": "#0"},
				"south": {"uv": [0.5, 8.5, 1, 9.5], "texture": "#0"},
				"west": {"uv": [8.5, 2, 9, 3], "texture": "#0"},
				"up": {"uv": [9.5, 8.5, 9, 8], "texture": "#0"},
				"down": {"uv": [9, 9, 8.5, 9.5], "texture": "#0"}
			}
		},
		{
			"from": [2.85, 12.18679, 7.59341],
			"to": [3.85, 14.18679, 10.59341],
			"rotation": {"angle": -22.5, "axis": "x", "origin": [2.1, 10.56179, 7.84341]},
			"faces": {
				"north": {"uv": [8.5, 7, 9, 8], "texture": "#0"},
				"east": {"uv": [6, 0, 7.5, 1], "texture": "#0"},
				"south": {"uv": [8.5, 8, 9, 9], "texture": "#0"},
				"west": {"uv": [6, 1, 7.5, 2], "texture": "#0"},
				"up": {"uv": [6, 9, 5.5, 7.5], "texture": "#0"},
				"down": {"uv": [6.5, 7.5, 6, 9], "texture": "#0"}
			}
		},
		{
			"from": [2.35, 12.68679, 9.59341],
			"to": [3.35, 14.68679, 12.59341],
			"rotation": {"angle": -22.5, "axis": "x", "origin": [2.1, 10.56179, 7.84341]},
			"faces": {
				"north": {"uv": [8.5, 6, 9, 7], "texture": "#0"},
				"east": {"uv": [5, 4.5, 6.5, 5.5], "texture": "#0"},
				"south": {"uv": [6.5, 8.5, 7, 9.5], "texture": "#0"},
				"west": {"uv": [5, 5.5, 6.5, 6.5], "texture": "#0"},
				"up": {"uv": [8, 5.5, 7.5, 4], "texture": "#0"},
				"down": {"uv": [5.5, 7.5, 5, 9], "texture": "#0"}
			}
		},
		{
			"from": [2.85, 14.18679, 12.09341],
			"to": [3.85, 15.18679, 15.09341],
			"rotation": {"angle": -22.5, "axis": "x", "origin": [2.1, 10.56179, 7.84341]},
			"faces": {
				"north": {"uv": [0, 9.5, 0.5, 10], "texture": "#0"},
				"east": {"uv": [7.5, 1, 9, 1.5], "texture": "#0"},
				"south": {"uv": [9.5, 0, 10, 0.5], "texture": "#0"},
				"west": {"uv": [7.5, 1.5, 9, 2], "texture": "#0"},
				"up": {"uv": [2.5, 9, 2, 7.5], "texture": "#0"},
				"down": {"uv": [3, 7.5, 2.5, 9], "texture": "#0"}
			}
		},
		{
			"from": [3.85, 14.68679, 14.09341],
			"to": [4.85, 15.68679, 16.09341],
			"rotation": {"angle": -22.5, "axis": "x", "origin": [2.1, 10.56179, 7.84341]},
			"faces": {
				"north": {"uv": [9, 8.5, 9.5, 9], "texture": "#0"},
				"east": {"uv": [8.5, 3, 9.5, 3.5], "texture": "#0"},
				"south": {"uv": [9, 9, 9.5, 9.5], "texture": "#0"},
				"west": {"uv": [8.5, 3.5, 9.5, 4], "texture": "#0"},
				"up": {"uv": [9, 5, 8.5, 4], "texture": "#0"},
				"down": {"uv": [9, 5, 8.5, 6], "texture": "#0"}
			}
		},
		{
			"from": [4.85, 15.18679, 15.59341],
			"to": [5.85, 16.18679, 16.59341],
			"rotation": {"angle": -22.5, "axis": "x", "origin": [2.1, 10.56179, 7.84341]},
			"faces": {
				"north": {"uv": [9.5, 7.5, 10, 8], "texture": "#0"},
				"east": {"uv": [8, 9.5, 8.5, 10], "texture": "#0"},
				"south": {"uv": [9.5, 8, 10, 8.5], "texture": "#0"},
				"west": {"uv": [8.5, 9.5, 9, 10], "texture": "#0"},
				"up": {"uv": [10, 9, 9.5, 8.5], "texture": "#0"},
				"down": {"uv": [9.5, 9.5, 9, 10], "texture": "#0"}
			}
		}
	],
	"display": {
		"thirdperson_righthand": {
			"rotation": [39.5, 0, 0],
			"translation": [0, 0, 1.5],
			"scale": [0.68945, 0.68945, 0.68945]
		},
		"thirdperson_lefthand": {
			"rotation": [39.5, 0, 0],
			"translation": [0, 0, 1.5],
			"scale": [0.68945, 0.68945, 0.68945]
		},
		"firstperson_righthand": {
			"rotation": [-171.72, 26.83, 150.03],
			"translation": [1.25, 1.25, 0],
			"scale": [0.50219, 0.50219, 0.50219]
		},
		"firstperson_lefthand": {
			"rotation": [-171.72, 26.83, 150.03],
			"translation": [1.25, 1.25, 0],
			"scale": [0.50219, 0.50219, 0.50219]
		},
		"ground": {
			"translation": [0, -2.5, 0],
			"scale": [0.82422, 0.82422, 0.82422]
		},
		"gui": {
			"rotation": [-162.75, 0, 180],
			"translation": [0.25, -6.25, 0],
			"scale": [0.8, 0.8, 0.8]
		},
		"head": {
			"translation": [0, 4.75, 0.75],
			"scale": [1.7, 1.7, 1.7]
		},
		"fixed": {
			"rotation": [-18.25, 0, 0],
			"translation": [0, -11.25, 5.5],
			"scale": [2, 2, 2]
		}
	}
}