{
	"credit": "Made with Blockbench",
	"parent": "minecraft:block/carved_pumpkin",
	"textures": {
		"1": "item/hats/antlers",
		"particle": "item/hats/antlers"
	},
	"elements": [
		{
			"from": [5, 0, 7],
			"to": [6, 3, 8],
			"faces": {
				"north": {"uv": [0, 0, 1, 3], "texture": "#1"},
				"east": {"uv": [1, 0, 2, 3], "texture": "#1"},
				"south": {"uv": [2, 0, 3, 3], "texture": "#1"},
				"west": {"uv": [0, 3, 1, 6], "texture": "#1"},
				"up": {"uv": [9, 7, 8, 6], "texture": "#1"},
				"down": {"uv": [8, 8, 7, 9], "texture": "#1"}
			}
		},
		{
			"from": [4, 3, 7],
			"to": [5, 5, 8],
			"faces": {
				"north": {"uv": [3, 6, 4, 8], "texture": "#1"},
				"east": {"uv": [6, 3, 7, 5], "texture": "#1"},
				"south": {"uv": [4, 6, 5, 8], "texture": "#1"},
				"west": {"uv": [5, 6, 6, 8], "texture": "#1"},
				"up": {"uv": [9, 8, 8, 7], "texture": "#1"},
				"down": {"uv": [9, 8, 8, 9], "texture": "#1"}
			}
		},
		{
			"from": [3, 5, 6],
			"to": [4, 8, 7],
			"faces": {
				"north": {"uv": [3, 0, 4, 3], "texture": "#1"},
				"east": {"uv": [1, 3, 2, 6], "texture": "#1"},
				"south": {"uv": [2, 3, 3, 6], "texture": "#1"},
				"west": {"uv": [3, 3, 4, 6], "texture": "#1"},
				"up": {"uv": [1, 10, 0, 9], "texture": "#1"},
				"down": {"uv": [10, 0, 9, 1], "texture": "#1"}
			}
		},
		{
			"from": [5, 5, 7],
			"to": [6, 7, 8],
			"faces": {
				"north": {"uv": [6, 5, 7, 7], "texture": "#1"},
				"east": {"uv": [7, 0, 8, 2], "texture": "#1"},
				"south": {"uv": [7, 2, 8, 4], "texture": "#1"},
				"west": {"uv": [7, 4, 8, 6], "texture": "#1"},
				"up": {"uv": [10, 9, 9, 8], "texture": "#1"},
				"down": {"uv": [10, 9, 9, 10], "texture": "#1"}
			}
		},
		{
			"from": [3, 4, 8],
			"to": [4, 5, 9],
			"faces": {
				"north": {"uv": [1, 9, 2, 10], "texture": "#1"},
				"east": {"uv": [9, 1, 10, 2], "texture": "#1"},
				"south": {"uv": [2, 9, 3, 10], "texture": "#1"},
				"west": {"uv": [9, 2, 10, 3], "texture": "#1"},
				"up": {"uv": [10, 4, 9, 3], "texture": "#1"},
				"down": {"uv": [10, 4, 9, 5], "texture": "#1"}
			}
		},
		{
			"from": [2, 5, 8],
			"to": [3, 6, 9],
			"faces": {
				"north": {"uv": [9, 5, 10, 6], "texture": "#1"},
				"east": {"uv": [6, 9, 7, 10], "texture": "#1"},
				"south": {"uv": [9, 6, 10, 7], "texture": "#1"},
				"west": {"uv": [7, 9, 8, 10], "texture": "#1"},
				"up": {"uv": [10, 8, 9, 7], "texture": "#1"},
				"down": {"uv": [9, 9, 8, 10], "texture": "#1"}
			}
		},
		{
			"from": [10, 5, 7],
			"to": [11, 7, 8],
			"faces": {
				"north": {"uv": [3, 8, 4, 10], "texture": "#1"},
				"east": {"uv": [4, 8, 5, 10], "texture": "#1"},
				"south": {"uv": [8, 4, 9, 6], "texture": "#1"},
				"west": {"uv": [5, 8, 6, 10], "texture": "#1"},
				"up": {"uv": [10, 11, 9, 10], "texture": "#1"},
				"down": {"uv": [11, 9, 10, 10], "texture": "#1"}
			}
		},
		{
			"from": [10, 0, 7],
			"to": [11, 3, 8],
			"faces": {
				"north": {"uv": [0, 6, 1, 9], "texture": "#1"},
				"east": {"uv": [6, 0, 7, 3], "texture": "#1"},
				"south": {"uv": [1, 6, 2, 9], "texture": "#1"},
				"west": {"uv": [2, 6, 3, 9], "texture": "#1"},
				"up": {"uv": [9, 11, 8, 10], "texture": "#1"},
				"down": {"uv": [11, 8, 10, 9], "texture": "#1"}
			}
		},
		{
			"from": [11, 3, 7],
			"to": [12, 5, 8],
			"faces": {
				"north": {"uv": [6, 7, 7, 9], "texture": "#1"},
				"east": {"uv": [7, 6, 8, 8], "texture": "#1"},
				"south": {"uv": [8, 0, 9, 2], "texture": "#1"},
				"west": {"uv": [8, 2, 9, 4], "texture": "#1"},
				"up": {"uv": [8, 11, 7, 10], "texture": "#1"},
				"down": {"uv": [11, 7, 10, 8], "texture": "#1"}
			}
		},
		{
			"from": [12, 4, 8],
			"to": [13, 5, 9],
			"faces": {
				"north": {"uv": [4, 10, 5, 11], "texture": "#1"},
				"east": {"uv": [10, 4, 11, 5], "texture": "#1"},
				"south": {"uv": [5, 10, 6, 11], "texture": "#1"},
				"west": {"uv": [10, 5, 11, 6], "texture": "#1"},
				"up": {"uv": [7, 11, 6, 10], "texture": "#1"},
				"down": {"uv": [11, 6, 10, 7], "texture": "#1"}
			}
		},
		{
			"from": [9, 3, 8],
			"to": [10, 4, 9],
			"faces": {
				"north": {"uv": [10, 10, 11, 11], "texture": "#1"},
				"east": {"uv": [0, 11, 1, 12], "texture": "#1"},
				"south": {"uv": [11, 0, 12, 1], "texture": "#1"},
				"west": {"uv": [1, 11, 2, 12], "texture": "#1"},
				"up": {"uv": [12, 2, 11, 1], "texture": "#1"},
				"down": {"uv": [3, 11, 2, 12], "texture": "#1"}
			}
		},
		{
			"from": [6, 3, 8],
			"to": [7, 4, 9],
			"faces": {
				"north": {"uv": [11, 2, 12, 3], "texture": "#1"},
				"east": {"uv": [3, 11, 4, 12], "texture": "#1"},
				"south": {"uv": [11, 3, 12, 4], "texture": "#1"},
				"west": {"uv": [4, 11, 5, 12], "texture": "#1"},
				"up": {"uv": [12, 5, 11, 4], "texture": "#1"},
				"down": {"uv": [6, 11, 5, 12], "texture": "#1"}
			}
		},
		{
			"from": [13, 5, 8],
			"to": [14, 6, 9],
			"faces": {
				"north": {"uv": [1, 10, 2, 11], "texture": "#1"},
				"east": {"uv": [10, 1, 11, 2], "texture": "#1"},
				"south": {"uv": [2, 10, 3, 11], "texture": "#1"},
				"west": {"uv": [10, 2, 11, 3], "texture": "#1"},
				"up": {"uv": [4, 11, 3, 10], "texture": "#1"},
				"down": {"uv": [11, 3, 10, 4], "texture": "#1"}
			}
		},
		{
			"from": [12, 5, 6],
			"to": [13, 8, 7],
			"faces": {
				"north": {"uv": [4, 0, 5, 3], "texture": "#1"},
				"east": {"uv": [4, 3, 5, 6], "texture": "#1"},
				"south": {"uv": [5, 0, 6, 3], "texture": "#1"},
				"west": {"uv": [5, 3, 6, 6], "texture": "#1"},
				"up": {"uv": [1, 11, 0, 10], "texture": "#1"},
				"down": {"uv": [11, 0, 10, 1], "texture": "#1"}
			}
		}
	],
	"display": {
		"thirdperson_righthand": {
			"translation": [0, 8, 0]
		},
		"thirdperson_lefthand": {
			"translation": [0, 8, 0]
		},
		"firstperson_righthand": {
			"translation": [0, 7.25, 0]
		},
		"firstperson_lefthand": {
			"translation": [0, 7.25, 0]
		},
		"ground": {
			"translation": [0, 10.25, 0],
			"scale": [1.75, 1.75, 1.75]
		},
		"gui": {
			"rotation": [15, 45, 0],
			"translation": [0, 3.75, 0],
			"scale": [1.15, 1.15, 1.15]
		},
		"head": {
			"rotation": [0, -180, 0],
			"translation": [0, 21, 0],
			"scale": [1.9, 1.9, 1.9]
		},
		"fixed": {
			"translation": [0, 4.75, -2.75],
			"scale": [1.75, 1.75, 1.75]
		}
	},
	"groups": [
		{
			"name": "head",
			"origin": [0, 0, 0],
			"color": 0,
			"children": []
		},
		0,
		1,
		2,
		3,
		4,
		5,
		6,
		7,
		8,
		9,
		10,
		11,
		12,
		13
	]
}