{
	"credit": "Made with Blockbench",
	"texture_size": [64, 64],
	"textures": {
		"0": "item/hats/box",
		"particle": "item/hats/box"
	},
	"elements": [
		{
			"from": [1, 11, -5],
			"to": [15, 11, 1],
			"rotation": {"angle": -22.5, "axis": "x", "origin": [8, 11, 1]},
			"faces": {
				"north": {"uv": [0, 0, 3.5, 0], "texture": "#0"},
				"east": {"uv": [0, 0, 1.5, 0], "texture": "#0"},
				"south": {"uv": [0, 0, 3.5, 0], "texture": "#0"},
				"west": {"uv": [0, 0, 1.5, 0], "texture": "#0"},
				"up": {"uv": [10.5, 1.5, 7, 0], "texture": "#0"},
				"down": {"uv": [10.5, 1.5, 7, 3], "texture": "#0"}
			}
		},
		{
			"from": [1, 11, 1],
			"to": [15, 21, 15],
			"faces": {
				"north": {"uv": [3.5, 0, 7, 2.5], "texture": "#0"},
				"east": {"uv": [3.5, 2.5, 7, 5], "texture": "#0"},
				"south": {"uv": [3.5, 5, 7, 7.5], "texture": "#0"},
				"west": {"uv": [0, 7, 3.5, 9.5], "texture": "#0"},
				"up": {"uv": [3.5, 3.5, 0, 0], "texture": "#0"},
				"down": {"uv": [3.5, 3.5, 0, 7], "texture": "#0"}
			}
		},
		{
			"from": [15, 5, 1],
			"to": [15, 11, 15],
			"rotation": {"angle": 45, "axis": "z", "origin": [15, 11, 8]},
			"faces": {
				"north": {"uv": [0, 0, 0, 1.5], "texture": "#0"},
				"east": {"uv": [7, 3, 10.5, 4.5], "texture": "#0"},
				"south": {"uv": [0, 0, 0, 1.5], "texture": "#0"},
				"west": {"uv": [7, 4.5, 10.5, 6], "texture": "#0"},
				"up": {"uv": [0, 3.5, 0, 0], "texture": "#0"},
				"down": {"uv": [0, 0, 0, 3.5], "texture": "#0"}
			}
		},
		{
			"from": [1, 5, 1],
			"to": [1, 11, 15],
			"rotation": {"angle": -45, "axis": "z", "origin": [1, 11, 8]},
			"faces": {
				"north": {"uv": [0, 0, 0, 1.5], "texture": "#0"},
				"east": {"uv": [7, 6, 10.5, 7.5], "texture": "#0"},
				"south": {"uv": [0, 0, 0, 1.5], "texture": "#0"},
				"west": {"uv": [3.5, 7.5, 7, 9], "texture": "#0"},
				"up": {"uv": [0, 3.5, 0, 0], "texture": "#0"},
				"down": {"uv": [0, 0, 0, 3.5], "texture": "#0"}
			}
		},
		{
			"from": [1, 5, 15],
			"to": [15, 11, 15],
			"rotation": {"angle": -22.5, "axis": "x", "origin": [8, 11, 15]},
			"faces": {
				"north": {"uv": [7, 7.5, 10.5, 9], "texture": "#0"},
				"east": {"uv": [0, 0, 0, 1.5], "texture": "#0"},
				"south": {"uv": [3.5, 9, 7, 10.5], "texture": "#0"},
				"west": {"uv": [0, 0, 0, 1.5], "texture": "#0"},
				"up": {"uv": [3.5, 0, 0, 0], "texture": "#0"},
				"down": {"uv": [3.5, 0, 0, 0], "texture": "#0"}
			}
		}
	],
	"display": {
		"thirdperson_righthand": {
			"rotation": [0, 45, 0],
			"scale": [0.4, 0.4, 0.4]
		},
		"thirdperson_lefthand": {
			"rotation": [75, 45, 0],
			"translation": [0, 2.5, 0],
			"scale": [0.375, 0.375, 0.375]
		},
		"firstperson_righthand": {
			"rotation": [0, 45, 0],
			"scale": [0.4, 0.4, 0.4]
		},
		"firstperson_lefthand": {
			"rotation": [0, 45, 0],
			"scale": [0.4, 0.4, 0.4]
		},
		"ground": {
			"translation": [0, 2, 0],
			"scale": [0.5, 0.5, 0.5]
		},
		"gui": {
			"rotation": [30, 225, 0],
			"translation": [0, -2.5, 0],
			"scale": [0.57227, 0.57031, 0.53711]
		},
		"head": {
			"translation": [0, -3.75, 0],
			"scale": [1.10742, 1.10742, 1.10742]
		},
		"fixed": {
			"rotation": [90, 0, 0],
			"translation": [0, 0, -19.75],
			"scale": [1.6, 1.6, 1.6]
		}
	},
	"groups": [
		{
			"name": "group",
			"origin": [8, 11, 15],
			"color": 0,
			"children": [0, 1, 2, 3, 4]
		}
	]
}