{
	"credit": "Made with Blockbench",
	"parent": "carved_pumpkin",
	"textures": {
		"0": "item/hats/broken_black",
		"particle": "item/hats/broken_black"
	},
	"elements": [
		{
			"from": [3.1, 6, 3.5],
			"to": [6.1, 10, 6.5],
			"rotation": {"angle": -22.5, "axis": "x", "origin": [5.85, 8, 4.5]},
			"faces": {
				"north": {"uv": [0, 0, 3, 4], "texture": "#0"},
				"east": {"uv": [3, 0, 6, 4], "texture": "#0"},
				"south": {"uv": [0, 4, 3, 8], "texture": "#0"},
				"west": {"uv": [3, 4, 6, 8], "texture": "#0"},
				"up": {"uv": [9, 11, 6, 8], "texture": "#0"},
				"down": {"uv": [12, 0, 9, 3], "texture": "#0"}
			}
		},
		{
			"from": [9.9, 6, 3.5],
			"to": [12.9, 10, 6.5],
			"rotation": {"angle": -22.5, "axis": "x", "origin": [5.65, 8, 4.5]},
			"faces": {
				"north": {"uv": [6, 0, 9, 4], "texture": "#0"},
				"east": {"uv": [6, 4, 9, 8], "texture": "#0"},
				"south": {"uv": [0, 8, 3, 12], "texture": "#0"},
				"west": {"uv": [3, 8, 6, 12], "texture": "#0"},
				"up": {"uv": [12, 6, 9, 3], "texture": "#0"},
				"down": {"uv": [12, 6, 9, 9], "texture": "#0"}
			}
		},
		{
			"from": [3.6, 9, 3.25],
			"to": [5.6, 13, 5.25],
			"rotation": {"angle": 0, "axis": "x", "origin": [5.35, 8, 4.5]},
			"faces": {
				"north": {"uv": [9, 9, 11, 13], "texture": "#0"},
				"east": {"uv": [6, 11, 8, 15], "texture": "#0"},
				"south": {"uv": [11, 9, 13, 13], "texture": "#0"},
				"west": {"uv": [0, 12, 2, 16], "texture": "#0"},
				"up": {"uv": [14, 2, 12, 0], "texture": "#0"},
				"down": {"uv": [4, 12, 2, 14], "texture": "#0"}
			}
		},
		{
			"from": [10.4, 9, 3.25],
			"to": [12.4, 11, 5.25],
			"rotation": {"angle": 0, "axis": "x", "origin": [5.15, 8, 4.5]},
			"faces": {
				"north": {"uv": [12, 6, 14, 8], "texture": "#0"},
				"east": {"uv": [13, 2, 15, 4], "texture": "#0"},
				"south": {"uv": [13, 4, 15, 6], "texture": "#0"},
				"west": {"uv": [13, 8, 15, 10], "texture": "#0"},
				"up": {"uv": [11, 15, 9, 13], "texture": "#0"},
				"down": {"uv": [15, 10, 13, 12], "texture": "#0"}
			}
		},
		{
			"from": [11.4, 11, 3.25],
			"to": [12.4, 12, 4.25],
			"rotation": {"angle": 0, "axis": "x", "origin": [5.15, 8, 4.25]},
			"faces": {
				"north": {"uv": [12, 13, 13, 14], "texture": "#0"},
				"east": {"uv": [13, 12, 14, 13], "texture": "#0"},
				"south": {"uv": [13, 13, 14, 14], "texture": "#0"},
				"west": {"uv": [14, 0, 15, 1], "texture": "#0"},
				"up": {"uv": [15, 2, 14, 1], "texture": "#0"},
				"down": {"uv": [3, 14, 2, 15], "texture": "#0"}
			}
		},
		{
			"from": [4.1, 10.62149, 5.65975],
			"to": [5.1, 14.62149, 6.65975],
			"rotation": {"angle": 45, "axis": "x", "origin": [5.1, 14.37149, 7.40975]},
			"faces": {
				"north": {"uv": [8, 11, 9, 15], "texture": "#0"},
				"east": {"uv": [12, 2, 13, 6], "texture": "#0"},
				"south": {"uv": [4, 12, 5, 16], "texture": "#0"},
				"west": {"uv": [5, 12, 6, 16], "texture": "#0"},
				"up": {"uv": [13, 9, 12, 8], "texture": "#0"},
				"down": {"uv": [12, 13, 11, 14], "texture": "#0"}
			}
		}
	],
	"display": {
		"thirdperson_righthand": {
			"rotation": [36.5, 0, 0],
			"translation": [0, 0, 3.25]
		},
		"thirdperson_lefthand": {
			"rotation": [36.5, 0, 0],
			"translation": [0, 0, 3.25]
		},
		"firstperson_righthand": {
			"rotation": [-1.14, 5.64, 11.53],
			"translation": [-0.25, 3.75, 3.5],
			"scale": [0.76, 0.75, 0.74]
		},
		"firstperson_lefthand": {
			"rotation": [-1.14, 5.64, 11.53],
			"translation": [-0.25, 3.75, 3.5],
			"scale": [0.76, 0.75, 0.74]
		},
		"gui": {
			"rotation": [-163.58, -0.16, -178.87],
			"translation": [0.25, -2.75, 0],
			"scale": [1.5, 1.5, 1.5]
		},
		"head": {
			"translation": [0, 5.25, 0.5],
			"scale": [1.7, 1.7, 1.7]
		},
		"fixed": {
			"rotation": [-14.75, 0, 0],
			"translation": [0, 0, 4],
			"scale": [2, 2, 2]
		}
	}
}