{
	"credit": "Made with Blockbench",
	"parent": "carved_pumpkin",
	"textures": {
		"0": "item/hats/bull_black",
		"particle": "item/hats/bull_black"
	},
	"elements": [
		{
			"from": [3.25, 4, 6.95],
			"to": [4.25, 7, 9.95],
			"rotation": {"angle": 0, "axis": "x", "origin": [6, 8, 4]},
			"faces": {
				"north": {"uv": [5, 10, 6, 13], "texture": "#0"},
				"east": {"uv": [2, 5, 5, 8], "texture": "#0"},
				"south": {"uv": [6, 10, 7, 13], "texture": "#0"},
				"west": {"uv": [5, 5, 8, 8], "texture": "#0"},
				"up": {"uv": [11, 9, 10, 6], "texture": "#0"},
				"down": {"uv": [8, 10, 7, 13], "texture": "#0"}
			}
		},
		{
			"from": [14.20642, 10.72731, 6],
			"to": [15.20642, 14.72731, 7],
			"rotation": {"angle": 22.5, "axis": "z", "origin": [15.70642, 12.72731, 8.75]},
			"faces": {
				"north": {"uv": [11, 0, 10, 4], "texture": "#0"},
				"east": {"uv": [5, 10, 4, 14], "texture": "#0"},
				"south": {"uv": [4, 10, 3, 14], "texture": "#0"},
				"west": {"uv": [3, 10, 2, 14], "texture": "#0"},
				"up": {"uv": [6, 5, 7, 4], "texture": "#0"},
				"down": {"uv": [7, 4, 8, 5], "texture": "#0"}
			}
		},
		{
			"from": [14.20642, 6.22731, 7.25],
			"to": [16.20642, 11.22731, 9.25],
			"rotation": {"angle": -22.5, "axis": "x", "origin": [14.90642, 6.72731, 8.15]},
			"faces": {
				"north": {"uv": [2, 0, 0, 5], "texture": "#0"},
				"east": {"uv": [2, 5, 0, 10], "texture": "#0"},
				"south": {"uv": [6, 0, 4, 5], "texture": "#0"},
				"west": {"uv": [4, 0, 2, 5], "texture": "#0"},
				"up": {"uv": [8, 10, 10, 8], "texture": "#0"},
				"down": {"uv": [0, 10, 2, 12], "texture": "#0"}
			}
		},
		{
			"from": [12.25, 5, 7.45],
			"to": [16.25, 7, 9.45],
			"rotation": {"angle": 22.5, "axis": "z", "origin": [14.25, 5.5, 8.45]},
			"faces": {
				"north": {"uv": [10, 0, 6, 2], "texture": "#0"},
				"east": {"uv": [10, 6, 8, 8], "texture": "#0"},
				"south": {"uv": [10, 2, 6, 4], "texture": "#0"},
				"west": {"uv": [8, 8, 6, 10], "texture": "#0"},
				"up": {"uv": [2, 10, 6, 8], "texture": "#0"},
				"down": {"uv": [8, 4, 12, 6], "texture": "#0"}
			}
		},
		{
			"from": [11.75, 4, 6.95],
			"to": [12.75, 7, 9.95],
			"rotation": {"angle": 0, "axis": "y", "origin": [10, 8, 4]},
			"faces": {
				"north": {"uv": [6, 10, 5, 13], "texture": "#0"},
				"east": {"uv": [8, 5, 5, 8], "texture": "#0"},
				"south": {"uv": [7, 10, 6, 13], "texture": "#0"},
				"west": {"uv": [5, 5, 2, 8], "texture": "#0"},
				"up": {"uv": [10, 9, 11, 6], "texture": "#0"},
				"down": {"uv": [7, 10, 8, 13], "texture": "#0"}
			}
		},
		{
			"from": [-0.25, 5, 7.45],
			"to": [3.75, 7, 9.45],
			"rotation": {"angle": -22.5, "axis": "z", "origin": [1.75, 5.5, 8.45]},
			"faces": {
				"north": {"uv": [6, 0, 10, 2], "texture": "#0"},
				"east": {"uv": [6, 8, 8, 10], "texture": "#0"},
				"south": {"uv": [6, 2, 10, 4], "texture": "#0"},
				"west": {"uv": [8, 6, 10, 8], "texture": "#0"},
				"up": {"uv": [6, 10, 2, 8], "texture": "#0"},
				"down": {"uv": [12, 4, 8, 6], "texture": "#0"}
			}
		},
		{
			"from": [-0.20642, 6.22731, 7.25],
			"to": [1.79358, 11.22731, 9.25],
			"rotation": {"angle": -22.5, "axis": "x", "origin": [1.09358, 6.72731, 8.15]},
			"faces": {
				"north": {"uv": [0, 0, 2, 5], "texture": "#0"},
				"east": {"uv": [2, 0, 4, 5], "texture": "#0"},
				"south": {"uv": [4, 0, 6, 5], "texture": "#0"},
				"west": {"uv": [0, 5, 2, 10], "texture": "#0"},
				"up": {"uv": [10, 10, 8, 8], "texture": "#0"},
				"down": {"uv": [2, 10, 0, 12], "texture": "#0"}
			}
		},
		{
			"from": [0.79358, 10.72731, 6],
			"to": [1.79358, 14.72731, 7],
			"rotation": {"angle": -22.5, "axis": "z", "origin": [0.29358, 12.72731, 8.75]},
			"faces": {
				"north": {"uv": [10, 0, 11, 4], "texture": "#0"},
				"east": {"uv": [2, 10, 3, 14], "texture": "#0"},
				"south": {"uv": [3, 10, 4, 14], "texture": "#0"},
				"west": {"uv": [4, 10, 5, 14], "texture": "#0"},
				"up": {"uv": [7, 5, 6, 4], "texture": "#0"},
				"down": {"uv": [8, 4, 7, 5], "texture": "#0"}
			}
		}
	],
	"display": {
		"thirdperson_righthand": {
			"rotation": [0.71, 15.02, -5.6],
			"translation": [0, 1.25, 1],
			"scale": [0.55664, 0.55664, 0.55664]
		},
		"thirdperson_lefthand": {
			"rotation": [0.71, 15.02, -5.6],
			"translation": [0, 1.25, 1],
			"scale": [0.55664, 0.55664, 0.55664]
		},
		"firstperson_righthand": {
			"rotation": [19.8, 18.29, -0.98],
			"translation": [1.25, 2.75, 1],
			"scale": [0.76, 0.75, 0.74]
		},
		"firstperson_lefthand": {
			"rotation": [19.8, 18.29, -0.98],
			"translation": [1.25, 2.75, 1],
			"scale": [0.76, 0.75, 0.74]
		},
		"gui": {
			"rotation": [2, 0, 0],
			"translation": [0.25, -1.5, 0],
			"scale": [1.00195, 1.00195, 1.00195]
		},
		"head": {
			"translation": [0, 6.5, -1.5],
			"scale": [1.7, 1.7, 1.7]
		},
		"fixed": {
			"translation": [0, 0, -0.5],
			"scale": [2.18, 2, 2]
		}
	}
}