{
	"credit": "Made with Blockbench",
	"texture_size": [32, 32],
	"textures": {
		"0": "item/hats/bunny_ears",
		"particle": "item/hats/bunny_ears"
	},
	"elements": [
		{
			"from": [10, 0, 7],
			"to": [14, 9, 9],
			"faces": {
				"north": {"uv": [0, 0, 2, 4.5], "texture": "#0"},
				"east": {"uv": [2, 4.5, 3, 9], "texture": "#0"},
				"south": {"uv": [2, 0, 4, 4.5], "texture": "#0"},
				"west": {"uv": [3, 4.5, 4, 9], "texture": "#0"},
				"up": {"uv": [8, 1, 6, 0], "texture": "#0"},
				"down": {"uv": [8, 1, 6, 2], "texture": "#0"}
			}
		},
		{
			"from": [3, 0, 7],
			"to": [7, 9, 9],
			"rotation": {"angle": 0, "axis": "z", "origin": [6, -0.5, 8]},
			"faces": {
				"north": {"uv": [4, 0, 6, 4.5], "texture": "#0"},
				"east": {"uv": [4, 4.5, 5, 9], "texture": "#0"},
				"south": {"uv": [0, 4.5, 2, 9], "texture": "#0"},
				"west": {"uv": [5, 4.5, 6, 9], "texture": "#0"},
				"up": {"uv": [8, 3, 6, 2], "texture": "#0"},
				"down": {"uv": [8, 3, 6, 4], "texture": "#0"}
			}
		}
	],
	"display": {
		"thirdperson_righthand": {
			"rotation": [75, 45, 0],
			"translation": [0, 2.5, 0],
			"scale": [0.375, 0.375, 0.375]
		},
		"thirdperson_lefthand": {
			"rotation": [75, 45, 0],
			"translation": [0, 2.5, 0],
			"scale": [0.375, 0.375, 0.375]
		},
		"firstperson_righthand": {
			"rotation": [0, -90, 25],
			"translation": [1.13, 3.2, 1.13],
			"scale": [0.68, 0.68, 0.68]
		},
		"firstperson_lefthand": {
			"rotation": [0, -90, 25],
			"translation": [1.13, 3.2, 1.13],
			"scale": [0.68, 0.68, 0.68]
		},
		"ground": {
			"translation": [0, 4.75, 0]
		},
		"gui": {
			"rotation": [-180, 0, -180],
			"translation": [0, 3.25, 0]
		},
		"head": {
			"translation": [-0.5, 15, 0],
			"scale": [1.1, 1.1, 1.1]
		},
		"fixed": {
			"translation": [0, 3.75, 0]
		}
	},
	"groups": [
		{
			"name": "group",
			"origin": [8, 8, 8],
			"color": 0,
			"children": [0, 1]
		}
	]
}