{
	"texture_size": [64, 64],
	"textures": {
		"0": "item/hats/cake",
		"particle": "item/hats/cake"
	},
	"elements": [
		{
			"from": [0.25, 6.1, 1.1],
			"to": [14.05, 13.9, 14.9],
			"rotation": {"angle": 22.5, "axis": "z", "origin": [8, 8, 8]},
			"faces": {
				"north": {"uv": [3.5, 0, 7, 2], "texture": "#0"},
				"east": {"uv": [3.5, 2, 7, 4], "texture": "#0"},
				"south": {"uv": [3.5, 4, 7, 6], "texture": "#0"},
				"west": {"uv": [3.5, 6, 7, 8], "texture": "#0"},
				"up": {"uv": [3.5, 3.5, 0, 0], "texture": "#0"},
				"down": {"uv": [3.5, 3.5, 0, 7], "texture": "#0"}
			}
		},
		{
			"from": [4, 0, 4],
			"to": [12, 8, 12],
			"faces": {
				"north": {"uv": [0, 7, 2, 9], "texture": "#0"},
				"east": {"uv": [7, 0, 9, 2], "texture": "#0"},
				"south": {"uv": [7, 2, 9, 4], "texture": "#0"},
				"west": {"uv": [7, 4, 9, 6], "texture": "#0"},
				"up": {"uv": [9, 8, 7, 6], "texture": "#0"},
				"down": {"uv": [4, 8, 2, 10], "texture": "#0"}
			}
		}
	],
	"display": {
		"thirdperson_righthand": {
			"rotation": [75, 45, 0],
			"translation": [0, 2.5, 0],
			"scale": [0.3, 0.3, 0.3]
		},
		"thirdperson_lefthand": {
			"rotation": [75, 45, 0],
			"translation": [0, 2.5, 0],
			"scale": [0.3, 0.3, 0.3]
		},
		"firstperson_righthand": {
			"rotation": [0, 0, 15],
			"translation": [0.88, 3.45, -0.62],
			"scale": [-0.6, 0.6, -0.6]
		},
		"firstperson_lefthand": {
			"rotation": [0, 0, 15],
			"translation": [0.88, 3.45, -0.62],
			"scale": [0.6, 0.6, -0.6]
		},
		"ground": {
			"translation": [0, 3, 0],
			"scale": [0.25, 0.25, 0.25]
		},
		"gui": {
			"rotation": [30, 225, 0],
			"translation": [-0.5, -0.75, 0],
			"scale": [0.7, 0.7, 0.7]
		},
		"head": {
			"translation": [0, 6.5, 0],
			"scale": [1.61, 1.61, 1.61]
		},
		"fixed": {
			"translation": [1.5, 0.5, -1],
			"scale": [1.2, 1.2, 1.2]
		}
	}
}