{
	"credit": "Made with Blockbench",
	"parent": "minecraft:block/carved_pumpkin",
	"texture_size": [32, 32],
	"textures": {
		"1": "item/hats/cap",
		"particle": "/item/hats/cap"
	},
	"elements": [
		{
			"name": "head",
			"from": [4, 0, 4],
			"to": [12, 1, 12],
			"rotation": {"angle": 0, "axis": "y", "origin": [-8, 2, -8]},
			"faces": {
				"north": {"uv": [10, 3, 14, 3.5], "texture": "#1"},
				"east": {"uv": [10, 3, 14, 3.5], "texture": "#1"},
				"south": {"uv": [10, 1.5, 14, 2], "texture": "#1"},
				"west": {"uv": [10, 2, 14, 2.5], "texture": "#1"},
				"up": {"uv": [4, 4, 0, 0], "texture": "#1"},
				"down": {"uv": [4, 4, 0, 8], "texture": "#1"}
			}
		},
		{
			"name": "head",
			"from": [4.5, 0, 12],
			"to": [11.5, 1, 15],
			"rotation": {"angle": 0, "axis": "y", "origin": [-8, 2, -8]},
			"faces": {
				"north": {"uv": [10, 2.5, 13.5, 3], "texture": "#1"},
				"east": {"uv": [8, 11, 9.5, 11.5], "texture": "#1"},
				"south": {"uv": [11, 10, 13, 10.5], "texture": "#1"},
				"west": {"uv": [11, 10.5, 12.5, 11], "texture": "#1"},
				"up": {"uv": [10, 6, 7, 4.5], "texture": "#1"},
				"down": {"uv": [10, 6, 7, 7.5], "texture": "#1"}
			}
		},
		{
			"name": "head",
			"from": [10.5, 0, 15],
			"to": [11.5, 1, 16],
			"rotation": {"angle": 0, "axis": "y", "origin": [-8, 2, -8]},
			"faces": {
				"north": {"uv": [11.5, 11.5, 12, 12], "texture": "#1"},
				"east": {"uv": [3, 12, 3.5, 12.5], "texture": "#1"},
				"south": {"uv": [3.5, 12, 4, 12.5], "texture": "#1"},
				"west": {"uv": [7, 12, 7.5, 12.5], "texture": "#1"},
				"up": {"uv": [7.5, 12.5, 7, 12], "texture": "#1"},
				"down": {"uv": [8.5, 12, 8, 12.5], "texture": "#1"}
			}
		},
		{
			"name": "head",
			"from": [4.5, 0, 15],
			"to": [5.5, 1, 16],
			"rotation": {"angle": 0, "axis": "y", "origin": [-8, 2, -8]},
			"faces": {
				"north": {"uv": [8.5, 12, 9, 12.5], "texture": "#1"},
				"east": {"uv": [9, 12, 9.5, 12.5], "texture": "#1"},
				"south": {"uv": [12, 9, 12.5, 9.5], "texture": "#1"},
				"west": {"uv": [9.5, 12, 10, 12.5], "texture": "#1"},
				"up": {"uv": [12.5, 10, 12, 9.5], "texture": "#1"},
				"down": {"uv": [12, 9.5, 11.5, 10], "texture": "#1"}
			}
		},
		{
			"name": "head",
			"from": [5.5, 0.5, 15],
			"to": [10.5, 1.5, 16],
			"rotation": {"angle": 0, "axis": "y", "origin": [-8, 2, -8]},
			"faces": {
				"north": {"uv": [10, 5.5, 12, 6], "texture": "#1"},
				"east": {"uv": [9, 11.5, 9.5, 12], "texture": "#1"},
				"south": {"uv": [10, 7.5, 12, 8], "texture": "#1"},
				"west": {"uv": [11.5, 11, 12, 11.5], "texture": "#1"},
				"up": {"uv": [12, 8.5, 10, 8], "texture": "#1"},
				"down": {"uv": [12.5, 4.5, 10.5, 4], "texture": "#1"}
			}
		},
		{
			"name": "head",
			"from": [6, 3, 11],
			"to": [10, 4, 12],
			"rotation": {"angle": 0, "axis": "y", "origin": [-8, 2, -8]},
			"faces": {
				"north": {"uv": [9.5, 8.5, 11.5, 9], "texture": "#1"},
				"east": {"uv": [11, 12, 11.5, 12.5], "texture": "#1"},
				"south": {"uv": [7.5, 8.5, 9.5, 9], "texture": "#1"},
				"west": {"uv": [12, 11, 12.5, 11.5], "texture": "#1"},
				"up": {"uv": [4.5, 9.5, 2.5, 9], "texture": "#1"},
				"down": {"uv": [12, 0.5, 10, 1], "texture": "#1"}
			}
		},
		{
			"name": "head",
			"from": [6, 3, 4],
			"to": [10, 4, 5],
			"rotation": {"angle": 0, "axis": "y", "origin": [-8, 2, -8]},
			"faces": {
				"north": {"uv": [10.5, 1, 12.5, 1.5], "texture": "#1"},
				"east": {"uv": [11.5, 12, 12, 12.5], "texture": "#1"},
				"south": {"uv": [2, 10.5, 4, 11], "texture": "#1"},
				"west": {"uv": [12, 11.5, 12.5, 12], "texture": "#1"},
				"up": {"uv": [7.5, 11, 5.5, 10.5], "texture": "#1"},
				"down": {"uv": [12.5, 6, 10.5, 6.5], "texture": "#1"}
			}
		},
		{
			"name": "head",
			"from": [4, 3, 6],
			"to": [5, 4, 10],
			"rotation": {"angle": 0, "axis": "y", "origin": [-8, 2, -8]},
			"faces": {
				"north": {"uv": [12, 11.5, 12.5, 12], "texture": "#1"},
				"east": {"uv": [8.5, 8, 10.5, 8.5], "texture": "#1"},
				"south": {"uv": [0, 12.5, 0.5, 13], "texture": "#1"},
				"west": {"uv": [1, 8, 3, 8.5], "texture": "#1"},
				"up": {"uv": [2, 9.5, 1.5, 7.5], "texture": "#1"},
				"down": {"uv": [11, 10.5, 10.5, 12.5], "texture": "#1"}
			}
		},
		{
			"name": "head",
			"from": [11, 3, 6],
			"to": [12, 4, 10],
			"rotation": {"angle": 0, "axis": "y", "origin": [-8, 2, -8]},
			"faces": {
				"north": {"uv": [12.5, 0, 13, 0.5], "texture": "#1"},
				"east": {"uv": [0.5, 8.5, 2.5, 9], "texture": "#1"},
				"south": {"uv": [0.5, 12.5, 1, 13], "texture": "#1"},
				"west": {"uv": [0.5, 8.5, 2.5, 9], "texture": "#1"},
				"up": {"uv": [1.5, 9.5, 2, 7.5], "texture": "#1"},
				"down": {"uv": [7, 10.5, 6.5, 12.5], "texture": "#1"}
			}
		},
		{
			"name": "head",
			"from": [4, 1, 5],
			"to": [5, 3, 11],
			"rotation": {"angle": 0, "axis": "y", "origin": [-8, 2, -8]},
			"faces": {
				"north": {"uv": [9, 10, 9.5, 11], "texture": "#1"},
				"east": {"uv": [7.5, 6, 10.5, 7], "texture": "#1"},
				"south": {"uv": [11, 11, 11.5, 12], "texture": "#1"},
				"west": {"uv": [7.5, 7.5, 10.5, 8.5], "texture": "#1"},
				"up": {"uv": [4.5, 13, 4, 10], "texture": "#1"},
				"down": {"uv": [5, 10, 4.5, 13], "texture": "#1"}
			}
		},
		{
			"name": "head",
			"from": [5, 1, 11],
			"to": [11, 3, 12],
			"rotation": {"angle": 0, "axis": "y", "origin": [-8, 2, -8]},
			"faces": {
				"north": {"uv": [0, 8, 3, 9], "texture": "#1"},
				"east": {"uv": [0, 11.5, 0.5, 12.5], "texture": "#1"},
				"south": {"uv": [7, 8.5, 10, 9.5], "texture": "#1"},
				"west": {"uv": [0.5, 11.5, 1, 12.5], "texture": "#1"},
				"up": {"uv": [13, 4, 10, 3.5], "texture": "#1"},
				"down": {"uv": [13, 4, 10, 4.5], "texture": "#1"}
			}
		},
		{
			"name": "head",
			"from": [11, 1, 5],
			"to": [12, 3, 11],
			"rotation": {"angle": 0, "axis": "y", "origin": [-8, 2, -8]},
			"faces": {
				"north": {"uv": [1, 11.5, 1.5, 12.5], "texture": "#1"},
				"east": {"uv": [0, 8, 3, 9], "texture": "#1"},
				"south": {"uv": [1.5, 11.5, 2, 12.5], "texture": "#1"},
				"west": {"uv": [3, 9, 6, 10], "texture": "#1"},
				"up": {"uv": [5.5, 12.5, 5, 9.5], "texture": "#1"},
				"down": {"uv": [6, 9.5, 5.5, 12.5], "texture": "#1"}
			}
		},
		{
			"name": "head",
			"from": [5, 1, 4],
			"to": [11, 3, 5],
			"rotation": {"angle": 0, "axis": "y", "origin": [-8, 2, -8]},
			"faces": {
				"north": {"uv": [5.5, 9.5, 8.5, 10.5], "texture": "#1"},
				"east": {"uv": [2, 11.5, 2.5, 12.5], "texture": "#1"},
				"south": {"uv": [9, 9.5, 12, 10.5], "texture": "#1"},
				"west": {"uv": [1.5, 8, 2, 9], "texture": "#1"},
				"up": {"uv": [9, 8.5, 6, 8], "texture": "#1"},
				"down": {"uv": [13, 5, 10, 5.5], "texture": "#1"}
			}
		},
		{
			"name": "head",
			"from": [5, 1, 5],
			"to": [11, 4, 11],
			"rotation": {"angle": 0, "axis": "y", "origin": [-8, 2, -8]},
			"faces": {
				"north": {"uv": [7, 1.5, 10, 3], "texture": "#1"},
				"east": {"uv": [7, 3, 10, 4.5], "texture": "#1"},
				"south": {"uv": [7, 4.5, 10, 6], "texture": "#1"},
				"west": {"uv": [4, 7.5, 7, 9], "texture": "#1"},
				"up": {"uv": [7, 3, 4, 0], "texture": "#1"},
				"down": {"uv": [7, 3, 4, 6], "texture": "#1"}
			}
		},
		{
			"name": "head",
			"from": [7, 4, 7],
			"to": [9, 5, 9],
			"rotation": {"angle": 0, "axis": "y", "origin": [-8, 2, -8]},
			"faces": {
				"north": {"uv": [6, 9, 7, 9.5], "texture": "#1"},
				"east": {"uv": [3, 11.5, 4, 12], "texture": "#1"},
				"south": {"uv": [11.5, 7, 12.5, 7.5], "texture": "#1"},
				"west": {"uv": [8, 11.5, 9, 12], "texture": "#1"},
				"up": {"uv": [4, 9, 3, 8], "texture": "#1"},
				"down": {"uv": [8, 11, 7, 12], "texture": "#1"}
			}
		}
	],
	"display": {
		"thirdperson_righthand": {
			"translation": [0, 8, 0]
		},
		"thirdperson_lefthand": {
			"translation": [0, 8, 0]
		},
		"firstperson_righthand": {
			"translation": [0, 7.25, 0]
		},
		"firstperson_lefthand": {
			"translation": [0, 7.25, 0]
		},
		"ground": {
			"translation": [0, 10.25, 0],
			"scale": [1.75, 1.75, 1.75]
		},
		"gui": {
			"rotation": [15, 45, 0],
			"translation": [0, 3.75, 0],
			"scale": [1.15, 1.15, 1.15]
		},
		"head": {
			"rotation": [0, -180, 0],
			"translation": [0, 18.25, 0],
			"scale": [1.7, 1.7, 1.7]
		},
		"fixed": {
			"translation": [0, 4.75, -2.75],
			"scale": [1.75, 1.75, 1.75]
		}
	},
	"groups": [
		{
			"name": "head",
			"origin": [0, 0, 0],
			"color": 0,
			"children": []
		},
		0,
		1,
		2,
		3,
		4,
		5,
		6,
		7,
		8,
		9,
		10,
		11,
		12,
		13,
		14
	]
}