{
	"texture_size": [32, 32],
	"textures": {
		"0": "item/hats/cardboard_box",
		"particle": "item/hats/cardboard_box"
	},
	"elements": [
		{
			"name": "side",
			"from": [1, 0, 13],
			"to": [15, 9, 13],
			"faces": {
				"north": {"uv": [0, 7, 7, 11.5], "texture": "#0"},
				"east": {"uv": [0, 0, 0, 4.5], "texture": "#missing"},
				"south": {"uv": [0, 7, 7, 11.5], "texture": "#0"},
				"west": {"uv": [0, 0, 0, 4.5], "texture": "#missing"},
				"up": {"uv": [0, 0, 7, 0], "texture": "#missing"},
				"down": {"uv": [0, 0, 7, 0], "texture": "#missing"}
			}
		},
		{
			"from": [1, 0, 3],
			"to": [15, 9, 3],
			"faces": {
				"north": {"uv": [0, 11.5, 7, 16], "texture": "#0"},
				"east": {"uv": [0, 0, 0, 4.5], "texture": "#missing"},
				"south": {"uv": [0, 11.5, 7, 16], "texture": "#0"},
				"west": {"uv": [0, 0, 0, 4.5], "texture": "#missing"},
				"up": {"uv": [0, 0, 7, 0], "texture": "#missing"},
				"down": {"uv": [0, 0, 7, 0], "texture": "#missing"}
			}
		},
		{
			"from": [15, 0, 3],
			"to": [15, 9, 13],
			"faces": {
				"north": {"uv": [0, 0, 0, 4.5], "texture": "#missing"},
				"east": {"uv": [10, 0, 15, 4.5], "texture": "#0"},
				"south": {"uv": [0, 0, 0, 4.5], "texture": "#missing"},
				"west": {"uv": [10, 0, 15, 4.5], "texture": "#0"},
				"up": {"uv": [0, 0, 0, 5], "texture": "#missing"},
				"down": {"uv": [0, 0, 0, 5], "texture": "#missing"}
			}
		},
		{
			"from": [1, 0, 3],
			"to": [1, 9, 13],
			"faces": {
				"north": {"uv": [0, 0, 0, 4.5], "texture": "#missing"},
				"east": {"uv": [10, 0, 15, 4.5], "texture": "#0"},
				"south": {"uv": [0, 0, 0, 4.5], "texture": "#missing"},
				"west": {"uv": [10, 0, 15, 4.5], "texture": "#0"},
				"up": {"uv": [0, 0, 0, 5], "texture": "#missing"},
				"down": {"uv": [0, 0, 0, 5], "texture": "#missing"}
			}
		},
		{
			"name": "bottom",
			"from": [1, 9, 3],
			"to": [15, 9, 13],
			"faces": {
				"north": {"uv": [0, 0, 7, 0], "texture": "#missing"},
				"east": {"uv": [0, 0, 5, 0], "texture": "#missing"},
				"south": {"uv": [0, 0, 7, 0], "texture": "#missing"},
				"west": {"uv": [0, 0, 5, 0], "texture": "#missing"},
				"up": {"uv": [5, 0, 0, 7], "rotation": 90, "texture": "#0"},
				"down": {"uv": [0, 0, 5, 7], "rotation": 90, "texture": "#0"}
			}
		},
		{
			"name": "bottom",
			"from": [1, 0, 3],
			"to": [15, 0, 13],
			"faces": {
				"north": {"uv": [0, 0, 7, 0], "texture": "#missing"},
				"east": {"uv": [0, 0, 5, 0], "texture": "#missing"},
				"south": {"uv": [0, 0, 7, 0], "texture": "#missing"},
				"west": {"uv": [0, 0, 5, 0], "texture": "#missing"},
				"up": {"uv": [5, 0, 10, 7], "texture": "#0"},
				"down": {"uv": [5, 0, 10, 7], "texture": "#0"}
			}
		},
		{
			"from": [1, 0, 13],
			"to": [15, 0, 17],
			"rotation": {"angle": 45, "axis": "x", "origin": [8, 0, 13]},
			"faces": {
				"north": {"uv": [0, 0, 7, 0], "texture": "#missing"},
				"east": {"uv": [0, 0, 2, 0], "texture": "#missing"},
				"south": {"uv": [0, 0, 7, 0], "texture": "#missing"},
				"west": {"uv": [0, 0, 2, 0], "texture": "#missing"},
				"up": {"uv": [10, 4.5, 12.5, 11.5], "rotation": 90, "texture": "#0"},
				"down": {"uv": [10, 4.5, 12.5, 11.5], "rotation": 90, "texture": "#0"}
			}
		},
		{
			"from": [1, -4, 3],
			"to": [15, 0, 3],
			"rotation": {"angle": 45, "axis": "x", "origin": [8, 0, 3]},
			"faces": {
				"north": {"uv": [10, 4.5, 12.5, 11.5], "rotation": 90, "texture": "#0"},
				"east": {"uv": [0, 0, 2, 0], "rotation": 90, "texture": "#missing"},
				"south": {"uv": [10, 4.5, 12.5, 11.5], "rotation": 90, "texture": "#0"},
				"west": {"uv": [0, 0, 2, 0], "rotation": 270, "texture": "#missing"},
				"up": {"uv": [0, 0, 7, 0], "texture": "#missing"},
				"down": {"uv": [0, 0, 7, 0], "rotation": 180, "texture": "#missing"}
			}
		},
		{
			"from": [1, 9, 3],
			"to": [15, 9, 8],
			"rotation": {"angle": -22.5, "axis": "x", "origin": [8, 9, 3]},
			"faces": {
				"north": {"uv": [0, 0, 7, 0], "texture": "#missing"},
				"east": {"uv": [0, 0, 2.5, 0], "texture": "#missing"},
				"south": {"uv": [0, 0, 7, 0], "texture": "#missing"},
				"west": {"uv": [0, 0, 2.5, 0], "texture": "#missing"},
				"up": {"uv": [7, 7, 10, 14], "rotation": 90, "texture": "#0"},
				"down": {"uv": [7, 7, 10, 14], "rotation": 90, "texture": "#0"}
			}
		}
	],
	"display": {
		"thirdperson_righthand": {
			"rotation": [75, 45, 0],
			"translation": [0, 2.5, 0],
			"scale": [0.375, 0.375, 0.375]
		},
		"thirdperson_lefthand": {
			"rotation": [75, 45, 0],
			"translation": [0, 2.5, 0],
			"scale": [0.375, 0.375, 0.375]
		},
		"firstperson_righthand": {
			"rotation": [0, 0, 15],
			"translation": [1.13, 3.2, 1.13],
			"scale": [0.68, 0.68, 0.68]
		},
		"firstperson_lefthand": {
			"rotation": [0, 0, 15],
			"translation": [1.13, 3.2, 1.13],
			"scale": [0.68, 0.68, 0.68]
		},
		"ground": {
			"translation": [0, 3, 0],
			"scale": [0.35, 0.35, 0.35]
		},
		"gui": {
			"rotation": [30, 225, 0],
			"translation": [0, 3, 0],
			"scale": [0.7, 0.7, 0.7]
		},
		"head": {
			"translation": [0, 5.75, -0.25],
			"scale": [1.55, 1.55, 1.55]
		},
		"fixed": {
			"translation": [0, 5, -1],
			"scale": [1.3, 1.3, 1.3]
		}
	},
	"groups": [
		{
			"name": "box",
			"origin": [8, 9, 3],
			"color": 0,
			"children": [0, 1, 2, 3, 4, 5]
		},
		{
			"name": "box2",
			"origin": [8, 9, 3],
			"color": 0,
			"children": [6, 7, 8]
		}
	]
}