{
  "parent": "minecraft:block/carved_pumpkin",
  "overrides": [
    { "predicate": { "custom_model_data": 1 }, "model": "item/antler1" },
    { "predicate": { "custom_model_data": 2 }, "model": "item/antlertall1" },
    { "predicate": { "custom_model_data": 3 }, "model": "item/arrow" },
    { "predicate": { "custom_model_data": 4 }, "model": "item/bear_hat" },
    { "predicate": { "custom_model_data": 5 }, "model": "item/bunny_ears" },
    { "predicate": { "custom_model_data": 6 }, "model": "item/cat_ears" },
    { "predicate": { "custom_model_data": 7 }, "model": "item/chapka" },
    { "predicate": { "custom_model_data": 8 }, "model": "item/cowboy_hat" },
    { "predicate": { "custom_model_data": 9 }, "model": "item/crab_hat" },
    { "predicate": { "custom_model_data": 10 }, "model": "item/cow_ears" },
    { "predicate": { "custom_model_data": 11 }, "model": "item/disguise" },
    { "predicate": { "custom_model_data": 12 }, "model": "item/flower_crown" },
    { "predicate": { "custom_model_data": 13 }, "model": "item/frog" },
    { "predicate": { "custom_model_data": 14 }, "model": "item/goat1" },
    { "predicate": { "custom_model_data": 15 }, "model": "item/guzzler_helmet" },
    { "predicate": { "custom_model_data": 16 }, "model": "item/mlgglasses" },
    { "predicate": { "custom_model_data": 17 }, "model": "item/quest_yellow" },
    { "predicate": { "custom_model_data": 18 }, "model": "item/ram1" },
    { "predicate": { "custom_model_data": 19 }, "model": "item/redmushroomcaphat" },
    { "predicate": { "custom_model_data": 20 }, "model": "item/samurai_helmet" },
    { "predicate": { "custom_model_data": 21 }, "model": "item/sombrero" },
    { "predicate": { "custom_model_data": 22 }, "model": "item/steampunk_goggles" },
    { "predicate": { "custom_model_data": 23 }, "model": "item/stitch" },
    { "predicate": { "custom_model_data": 24 }, "model": "item/straw_hat" },
    { "predicate": { "custom_model_data": 25 }, "model": "item/tophat" },
    { "predicate": { "custom_model_data": 26 }, "model": "item/witch_hat" },
    { "predicate": { "custom_model_data": 27 }, "model": "item/wizard_hat_green" }
  ]
}
