{
	"credit": "Made with Blockbench",
	"textures": {
		"0": "item/hats/cat_ears",
		"particle": "item/hats/cat_ears"
	},
	"elements": [
		{
			"from": [5, 0, 7],
			"to": [8, 5, 9],
			"rotation": {"angle": 0, "axis": "z", "origin": [8.5, 2.5, 8]},
			"faces": {
				"north": {"uv": [0, 0, 3, 5], "texture": "#0"},
				"east": {"uv": [6, 0, 8, 5], "texture": "#0"},
				"south": {"uv": [3, 0, 6, 5], "texture": "#0"},
				"west": {"uv": [6, 5, 8, 10], "texture": "#0"},
				"up": {"uv": [3, 12, 0, 10], "texture": "#0"},
				"down": {"uv": [13, 0, 10, 2], "texture": "#0"}
			}
		},
		{
			"from": [10, 0, 7],
			"to": [13, 5, 9],
			"rotation": {"angle": 0, "axis": "z", "origin": [8.5, 2.5, 8]},
			"faces": {
				"north": {"uv": [0, 5, 3, 10], "texture": "#0"},
				"east": {"uv": [8, 0, 10, 5], "texture": "#0"},
				"south": {"uv": [3, 5, 6, 10], "texture": "#0"},
				"west": {"uv": [8, 5, 10, 10], "texture": "#0"},
				"up": {"uv": [13, 4, 10, 2], "texture": "#0"},
				"down": {"uv": [6, 10, 3, 12], "texture": "#0"}
			}
		}
	],
	"display": {
		"ground": {
			"translation": [0, 6.5, 0]
		},
		"gui": {
			"rotation": [0, -180, 0],
			"translation": [1.5, 7.75, 0],
			"scale": [1.41992, 1.41992, 1.41992]
		},
		"head": {
			"translation": [-1.75, 15.75, -0.75],
			"scale": [1.82422, 1.5625, 1.29102]
		},
		"fixed": {
			"translation": [-1.75, 8.25, 0],
			"scale": [1.48633, 1.48633, 1.48633]
		}
	},
	"groups": [
		{
			"name": "group",
			"origin": [3.5, 8, 7.5],
			"color": 1,
			"children": [0, 1]
		}
	]
}