{
	"credit": "Made with Blockbench",
	"textures": {
		"1": "item/hats/cow_ears"
	},
	"elements": [
		{
			"from": [12, 4, 6],
			"to": [13, 9, 9],
			"rotation": {"angle": 22.5, "axis": "z", "origin": [15.5, 6.5, 7.5]},
			"faces": {
				"north": {"uv": [6, 0, 7, 5], "texture": "#1"},
				"east": {"uv": [0, 0, 3, 5], "texture": "#1"},
				"south": {"uv": [6, 5, 7, 10], "texture": "#1"},
				"west": {"uv": [3, 0, 6, 5], "texture": "#1"},
				"up": {"uv": [9, 3, 8, 0], "texture": "#1"},
				"down": {"uv": [9, 3, 8, 6], "texture": "#1"}
			}
		},
		{
			"from": [3, 4, 6],
			"to": [4, 9, 9],
			"rotation": {"angle": -22.5, "axis": "z", "origin": [0.5, 6.5, 6.5]},
			"faces": {
				"north": {"uv": [7, 0, 8, 5], "texture": "#1"},
				"east": {"uv": [0, 5, 3, 10], "texture": "#1"},
				"south": {"uv": [7, 5, 8, 10], "texture": "#1"},
				"west": {"uv": [3, 5, 6, 10], "texture": "#1"},
				"up": {"uv": [9, 9, 8, 6], "texture": "#1"},
				"down": {"uv": [10, 0, 9, 3], "texture": "#1"}
			}
		},
		{
			"from": [5, 8, 3.5],
			"to": [6, 10, 4.5],
			"faces": {
				"north": {"uv": [9, 3, 10, 5], "texture": "#1"},
				"east": {"uv": [9, 5, 10, 7], "texture": "#1"},
				"south": {"uv": [9, 7, 10, 9], "texture": "#1"},
				"west": {"uv": [8, 9, 9, 11], "texture": "#1"},
				"up": {"uv": [3, 11, 2, 10], "texture": "#1"},
				"down": {"uv": [11, 2, 10, 3], "texture": "#1"}
			}
		},
		{
			"from": [10, 8, 3.5],
			"to": [11, 10, 4.5],
			"faces": {
				"north": {"uv": [9, 9, 10, 11], "texture": "#1"},
				"east": {"uv": [0, 10, 1, 12], "texture": "#1"},
				"south": {"uv": [10, 0, 11, 2], "texture": "#1"},
				"west": {"uv": [1, 10, 2, 12], "texture": "#1"},
				"up": {"uv": [4, 11, 3, 10], "texture": "#1"},
				"down": {"uv": [11, 3, 10, 4], "texture": "#1"}
			}
		}
	],
	"display": {
		"thirdperson_righthand": {
			"rotation": [75, 45, 0],
			"translation": [0, 2.5, 0],
			"scale": [0.375, 0.375, 0.375]
		},
		"thirdperson_lefthand": {
			"rotation": [75, 45, 0],
			"translation": [0, 2.5, 0],
			"scale": [0.375, 0.375, 0.375]
		},
		"gui": {
			"translation": [0, 1.75, 0]
		},
		"head": {
			"translation": [0, 4.5, 0],
			"scale": [1.75, 1.75, 1.75]
		},
		"fixed": {
			"translation": [0, 3, 0]
		}
	},
	"groups": [
		{
			"name": "group",
			"origin": [0, 0, 0],
			"color": 0,
			"children": [0, 1, 2, 3]
		}
	]
}