{
	"credit": "Made with Blockbench",
	"parent": "2",
	"texture_size": [32, 32],
	"textures": {
		"0": "item/hats/cangrejo",
		"particle": "item/hats/cangrejo"
	},
	"elements": [
		{
			"from": [4, 0, 5],
			"to": [5, 2, 6],
			"rotation": {"angle": -22.5, "axis": "z", "origin": [4.5, 1, 5.5]},
			"faces": {
				"north": {"uv": [0, 10, 0.5, 11], "texture": "#0"},
				"east": {"uv": [10, 0, 10.5, 1], "texture": "#0"},
				"south": {"uv": [0.5, 10, 1, 11], "texture": "#0"},
				"west": {"uv": [1, 10, 1.5, 11], "texture": "#0"},
				"up": {"uv": [8.5, 10.5, 8, 10], "texture": "#0"},
				"down": {"uv": [10.5, 8, 10, 8.5], "texture": "#0"}
			}
		},
		{
			"from": [4, 0, 8],
			"to": [5, 2, 9],
			"rotation": {"angle": -22.5, "axis": "z", "origin": [4.5, 1, 5.5]},
			"faces": {
				"north": {"uv": [10, 1, 10.5, 2], "texture": "#0"},
				"east": {"uv": [1.5, 10, 2, 11], "texture": "#0"},
				"south": {"uv": [2, 10, 2.5, 11], "texture": "#0"},
				"west": {"uv": [10, 2, 10.5, 3], "texture": "#0"},
				"up": {"uv": [9, 10.5, 8.5, 10], "texture": "#0"},
				"down": {"uv": [10.5, 8.5, 10, 9], "texture": "#0"}
			}
		},
		{
			"from": [11, 0, 5],
			"to": [12, 2, 6],
			"rotation": {"angle": 22.5, "axis": "z", "origin": [11.5, 1, 5.5]},
			"faces": {
				"north": {"uv": [2.5, 10, 3, 11], "texture": "#0"},
				"east": {"uv": [3, 10, 3.5, 11], "texture": "#0"},
				"south": {"uv": [10, 3, 10.5, 4], "texture": "#0"},
				"west": {"uv": [3.5, 10, 4, 11], "texture": "#0"},
				"up": {"uv": [9.5, 10.5, 9, 10], "texture": "#0"},
				"down": {"uv": [10.5, 9, 10, 9.5], "texture": "#0"}
			}
		},
		{
			"from": [11, 0, 8],
			"to": [12, 2, 9],
			"rotation": {"angle": 22.5, "axis": "z", "origin": [11.5, 1, 5.5]},
			"faces": {
				"north": {"uv": [4, 10, 4.5, 11], "texture": "#0"},
				"east": {"uv": [10, 4, 10.5, 5], "texture": "#0"},
				"south": {"uv": [4.5, 10, 5, 11], "texture": "#0"},
				"west": {"uv": [5, 10, 5.5, 11], "texture": "#0"},
				"up": {"uv": [10, 10.5, 9.5, 10], "texture": "#0"},
				"down": {"uv": [10.5, 9.5, 10, 10], "texture": "#0"}
			}
		},
		{
			"name": "2",
			"from": [1, 3, 5],
			"to": [5, 5, 9],
			"rotation": {"angle": -22.5, "axis": "z", "origin": [5, 3, 7]},
			"faces": {
				"north": {"uv": [8, 0, 10, 1], "texture": "#0"},
				"east": {"uv": [8, 1, 10, 2], "texture": "#0"},
				"south": {"uv": [2, 8, 4, 9], "texture": "#0"},
				"west": {"uv": [8, 2, 10, 3], "texture": "#0"},
				"up": {"uv": [2, 8, 0, 6], "texture": "#0"},
				"down": {"uv": [8, 0, 6, 2], "texture": "#0"}
			}
		},
		{
			"name": "Ojo",
			"from": [9, 4, 4],
			"to": [10, 6, 5],
			"rotation": {"angle": 0, "axis": "y", "origin": [9.5, 3.5, 3.5]},
			"faces": {
				"north": {"uv": [10, 5, 10.5, 6], "texture": "#0"},
				"east": {"uv": [5.5, 10, 6, 11], "texture": "#0"},
				"south": {"uv": [6, 10, 6.5, 11], "texture": "#0"},
				"west": {"uv": [10, 6, 10.5, 7], "texture": "#0"},
				"up": {"uv": [10.5, 10.5, 10, 10], "texture": "#0"},
				"down": {"uv": [11, 0, 10.5, 0.5], "texture": "#0"}
			}
		},
		{
			"name": "Ojo",
			"from": [6, 4, 4],
			"to": [7, 6, 5],
			"rotation": {"angle": 0, "axis": "y", "origin": [6.5, 4, 3.5]},
			"faces": {
				"north": {"uv": [6.5, 10, 7, 11], "texture": "#0"},
				"east": {"uv": [7, 10, 7.5, 11], "texture": "#0"},
				"south": {"uv": [10, 7, 10.5, 8], "texture": "#0"},
				"west": {"uv": [7.5, 10, 8, 11], "texture": "#0"},
				"up": {"uv": [11, 1, 10.5, 0.5], "texture": "#0"},
				"down": {"uv": [11, 1, 10.5, 1.5], "texture": "#0"}
			}
		},
		{
			"from": [5, 1, 4],
			"to": [11, 4, 10],
			"faces": {
				"north": {"uv": [3, 0, 6, 1.5], "texture": "#0"},
				"east": {"uv": [3, 1.5, 6, 3], "texture": "#0"},
				"south": {"uv": [3, 3, 6, 4.5], "texture": "#0"},
				"west": {"uv": [3, 4.5, 6, 6], "texture": "#0"},
				"up": {"uv": [3, 3, 0, 0], "texture": "#0"},
				"down": {"uv": [3, 3, 0, 6], "texture": "#0"}
			}
		},
		{
			"name": "5",
			"from": [11, 3, 5],
			"to": [15, 5, 9],
			"rotation": {"angle": 22.5, "axis": "z", "origin": [11, 3, 7]},
			"faces": {
				"north": {"uv": [8, 3, 10, 4], "texture": "#0"},
				"east": {"uv": [4, 8, 6, 9], "texture": "#0"},
				"south": {"uv": [8, 4, 10, 5], "texture": "#0"},
				"west": {"uv": [8, 5, 10, 6], "texture": "#0"},
				"up": {"uv": [4, 8, 2, 6], "texture": "#0"},
				"down": {"uv": [8, 2, 6, 4], "texture": "#0"}
			}
		},
		{
			"name": "4",
			"from": [11, 2, 5],
			"to": [15, 4, 9],
			"rotation": {"angle": 0, "axis": "y", "origin": [11, 4, 7]},
			"faces": {
				"north": {"uv": [6, 8, 8, 9], "texture": "#0"},
				"east": {"uv": [8, 6, 10, 7], "texture": "#0"},
				"south": {"uv": [8, 7, 10, 8], "texture": "#0"},
				"west": {"uv": [8, 8, 10, 9], "texture": "#0"},
				"up": {"uv": [6, 8, 4, 6], "texture": "#0"},
				"down": {"uv": [8, 4, 6, 6], "texture": "#0"}
			}
		},
		{
			"name": "1",
			"from": [1, 2, 5],
			"to": [5, 4, 9],
			"rotation": {"angle": 0, "axis": "y", "origin": [5, 3, 7]},
			"faces": {
				"north": {"uv": [2, 9, 4, 10], "texture": "#0"},
				"east": {"uv": [4, 9, 6, 10], "texture": "#0"},
				"south": {"uv": [6, 9, 8, 10], "texture": "#0"},
				"west": {"uv": [8, 9, 10, 10], "texture": "#0"},
				"up": {"uv": [8, 8, 6, 6], "texture": "#0"},
				"down": {"uv": [2, 8, 0, 10], "texture": "#0"}
			}
		}
	],
	"display": {
		"thirdperson_righthand": {
			"rotation": [56.48, 0, 0],
			"translation": [0.5, 1.5, 5.5],
			"scale": [0.7, 0.7, 0.7]
		},
		"thirdperson_lefthand": {
			"rotation": [56.48, 0, 0],
			"translation": [0.5, 1.5, 5.5],
			"scale": [0.7, 0.7, 0.7]
		},
		"firstperson_righthand": {
			"rotation": [-180, 44.5, -180],
			"translation": [-4.5, 6.5, 4.5],
			"scale": [0.4, 0.4, 0.4]
		},
		"firstperson_lefthand": {
			"rotation": [-180, 44.5, -180],
			"translation": [-4.5, 6.5, 4.5],
			"scale": [0.4, 0.4, 0.4]
		},
		"ground": {
			"translation": [0, 4.75, 0]
		},
		"gui": {
			"rotation": [-147.25, -38, -180],
			"translation": [-0.5, 4, 0]
		},
		"head": {
			"translation": [0, 17, 0.5],
			"scale": [1.35, 1.35, 1.35]
		},
		"fixed": {
			"rotation": [-90, 0, 0],
			"translation": [0.25, 3.75, -30],
			"scale": [4, 4, 4]
		}
	},
	"groups": [
		{
			"name": "group",
			"origin": [0, 0, 0],
			"color": 0,
			"children": [0, 1, 2, 3, 4, 5, 6, 7, 8, 9, 10]
		}
	]
}