{
	"credit": "Made with Blockbench",
	"parent": "minecraft:block/carved_pumpkin",
	"texture_size": [32, 32],
	"textures": {
		"2": "item/hats/crown",
		"particle": "item/hats/crown"
	},
	"elements": [
		{
			"name": "head",
			"from": [4, 3, 11],
			"to": [5, 6, 12],
			"rotation": {"angle": 0, "axis": "y", "origin": [-8, 2, -8]},
			"faces": {
				"north": {"uv": [2, 5, 2.5, 6.5], "texture": "#2"},
				"east": {"uv": [2.5, 5, 3, 6.5], "texture": "#2"},
				"south": {"uv": [3, 5, 3.5, 6.5], "texture": "#2"},
				"west": {"uv": [3.5, 5, 4, 6.5], "texture": "#2"},
				"up": {"uv": [7.5, 8.5, 7, 8], "texture": "#2"},
				"down": {"uv": [8.5, 7, 8, 7.5], "texture": "#2"}
			}
		},
		{
			"name": "head",
			"from": [4, 3, 4],
			"to": [5, 6, 5],
			"rotation": {"angle": 0, "axis": "y", "origin": [-8, 2, -8]},
			"faces": {
				"north": {"uv": [4, 5, 4.5, 6.5], "texture": "#2"},
				"east": {"uv": [4.5, 5, 5, 6.5], "texture": "#2"},
				"south": {"uv": [5, 5, 5.5, 6.5], "texture": "#2"},
				"west": {"uv": [5.5, 5, 6, 6.5], "texture": "#2"},
				"up": {"uv": [8, 8.5, 7.5, 8], "texture": "#2"},
				"down": {"uv": [8.5, 7.5, 8, 8], "texture": "#2"}
			}
		},
		{
			"name": "head",
			"from": [11, 3, 4],
			"to": [12, 6, 5],
			"rotation": {"angle": 0, "axis": "y", "origin": [-8, 2, -8]},
			"faces": {
				"north": {"uv": [6, 5, 6.5, 6.5], "texture": "#2"},
				"east": {"uv": [2, 6.5, 2.5, 8], "texture": "#2"},
				"south": {"uv": [2.5, 6.5, 3, 8], "texture": "#2"},
				"west": {"uv": [3, 6.5, 3.5, 8], "texture": "#2"},
				"up": {"uv": [8.5, 8.5, 8, 8], "texture": "#2"},
				"down": {"uv": [9, 0, 8.5, 0.5], "texture": "#2"}
			}
		},
		{
			"name": "head",
			"from": [11, 3, 11],
			"to": [12, 6, 12],
			"rotation": {"angle": 0, "axis": "y", "origin": [-8, 2, -8]},
			"faces": {
				"north": {"uv": [3.5, 6.5, 4, 8], "texture": "#2"},
				"east": {"uv": [4, 6.5, 4.5, 8], "texture": "#2"},
				"south": {"uv": [4.5, 6.5, 5, 8], "texture": "#2"},
				"west": {"uv": [5, 6.5, 5.5, 8], "texture": "#2"},
				"up": {"uv": [9, 1, 8.5, 0.5], "texture": "#2"},
				"down": {"uv": [9, 1, 8.5, 1.5], "texture": "#2"}
			}
		},
		{
			"name": "head",
			"from": [11, 3, 8.75],
			"to": [12, 5, 9.75],
			"rotation": {"angle": 0, "axis": "y", "origin": [-8, 2, -8]},
			"faces": {
				"north": {"uv": [6.5, 5, 7, 6], "texture": "#2"},
				"east": {"uv": [5.5, 6.5, 6, 7.5], "texture": "#2"},
				"south": {"uv": [6, 6.5, 6.5, 7.5], "texture": "#2"},
				"west": {"uv": [6.5, 6, 7, 7], "texture": "#2"},
				"up": {"uv": [9, 2, 8.5, 1.5], "texture": "#2"},
				"down": {"uv": [9, 2, 8.5, 2.5], "texture": "#2"}
			}
		},
		{
			"name": "head",
			"from": [11, 3, 6.25],
			"to": [12, 5, 7.25],
			"rotation": {"angle": 0, "axis": "y", "origin": [-8, 2, -8]},
			"faces": {
				"north": {"uv": [7, 0, 7.5, 1], "texture": "#2"},
				"east": {"uv": [7, 1, 7.5, 2], "texture": "#2"},
				"south": {"uv": [7, 2, 7.5, 3], "texture": "#2"},
				"west": {"uv": [7, 4, 7.5, 5], "texture": "#2"},
				"up": {"uv": [9, 3, 8.5, 2.5], "texture": "#2"},
				"down": {"uv": [9, 3, 8.5, 3.5], "texture": "#2"}
			}
		},
		{
			"name": "head",
			"from": [4, 3, 6.25],
			"to": [5, 5, 7.25],
			"rotation": {"angle": 0, "axis": "y", "origin": [-8, 2, -8]},
			"faces": {
				"north": {"uv": [7, 5, 7.5, 6], "texture": "#2"},
				"east": {"uv": [7, 6, 7.5, 7], "texture": "#2"},
				"south": {"uv": [6.5, 7, 7, 8], "texture": "#2"},
				"west": {"uv": [7, 7, 7.5, 8], "texture": "#2"},
				"up": {"uv": [9, 4, 8.5, 3.5], "texture": "#2"},
				"down": {"uv": [9, 4, 8.5, 4.5], "texture": "#2"}
			}
		},
		{
			"name": "head",
			"from": [4, 3, 8.75],
			"to": [5, 5, 9.75],
			"rotation": {"angle": 0, "axis": "y", "origin": [-8, 2, -8]},
			"faces": {
				"north": {"uv": [7.5, 0, 8, 1], "texture": "#2"},
				"east": {"uv": [7.5, 1, 8, 2], "texture": "#2"},
				"south": {"uv": [7.5, 2, 8, 3], "texture": "#2"},
				"west": {"uv": [7.5, 4, 8, 5], "texture": "#2"},
				"up": {"uv": [9, 5, 8.5, 4.5], "texture": "#2"},
				"down": {"uv": [9, 5, 8.5, 5.5], "texture": "#2"}
			}
		},
		{
			"name": "head",
			"from": [8.75, 3, 11],
			"to": [9.75, 5, 12],
			"rotation": {"angle": 0, "axis": "y", "origin": [-8, 2, -8]},
			"faces": {
				"north": {"uv": [7.5, 5, 8, 6], "texture": "#2"},
				"east": {"uv": [5.5, 7.5, 6, 8.5], "texture": "#2"},
				"south": {"uv": [6, 7.5, 6.5, 8.5], "texture": "#2"},
				"west": {"uv": [7.5, 6, 8, 7], "texture": "#2"},
				"up": {"uv": [6, 9, 5.5, 8.5], "texture": "#2"},
				"down": {"uv": [9, 5.5, 8.5, 6], "texture": "#2"}
			}
		},
		{
			"name": "head",
			"from": [6.25, 3, 11],
			"to": [7.25, 5, 12],
			"rotation": {"angle": 0, "axis": "y", "origin": [-8, 2, -8]},
			"faces": {
				"north": {"uv": [7.5, 7, 8, 8], "texture": "#2"},
				"east": {"uv": [0, 8, 0.5, 9], "texture": "#2"},
				"south": {"uv": [8, 0, 8.5, 1], "texture": "#2"},
				"west": {"uv": [0.5, 8, 1, 9], "texture": "#2"},
				"up": {"uv": [6.5, 9, 6, 8.5], "texture": "#2"},
				"down": {"uv": [9, 6, 8.5, 6.5], "texture": "#2"}
			}
		},
		{
			"name": "head",
			"from": [8.75, 3, 4],
			"to": [9.75, 5, 5],
			"rotation": {"angle": 0, "axis": "y", "origin": [-8, 2, -8]},
			"faces": {
				"north": {"uv": [1, 8, 1.5, 9], "texture": "#2"},
				"east": {"uv": [8, 1, 8.5, 2], "texture": "#2"},
				"south": {"uv": [1.5, 8, 2, 9], "texture": "#2"},
				"west": {"uv": [2, 8, 2.5, 9], "texture": "#2"},
				"up": {"uv": [9, 7, 8.5, 6.5], "texture": "#2"},
				"down": {"uv": [7.5, 8.5, 7, 9], "texture": "#2"}
			}
		},
		{
			"name": "head",
			"from": [6.25, 3, 4],
			"to": [7.25, 5, 5],
			"rotation": {"angle": 0, "axis": "y", "origin": [-8, 2, -8]},
			"faces": {
				"north": {"uv": [8, 2, 8.5, 3], "texture": "#2"},
				"east": {"uv": [2.5, 8, 3, 9], "texture": "#2"},
				"south": {"uv": [3, 8, 3.5, 9], "texture": "#2"},
				"west": {"uv": [8, 3, 8.5, 4], "texture": "#2"},
				"up": {"uv": [9, 7.5, 8.5, 7], "texture": "#2"},
				"down": {"uv": [8, 8.5, 7.5, 9], "texture": "#2"}
			}
		},
		{
			"name": "head",
			"from": [4, 1, 11],
			"to": [12, 3, 12],
			"rotation": {"angle": 0, "axis": "y", "origin": [-8, 2, -8]},
			"faces": {
				"north": {"uv": [0, 0, 4, 1], "texture": "#2"},
				"east": {"uv": [3.5, 8, 4, 9], "texture": "#2"},
				"south": {"uv": [0, 1, 4, 2], "texture": "#2"},
				"west": {"uv": [4, 8, 4.5, 9], "texture": "#2"},
				"up": {"uv": [7, 4.5, 3, 4], "texture": "#2"},
				"down": {"uv": [8, 3, 4, 3.5], "texture": "#2"}
			}
		},
		{
			"name": "head",
			"from": [7.25, 1.25, 11.5],
			"to": [8.75, 2.75, 12.5],
			"rotation": {"angle": 0, "axis": "y", "origin": [-8, 2, -8]},
			"faces": {
				"north": {"uv": [10.5, 1, 11.25, 1.75], "texture": "#2"},
				"east": {"uv": [14, 9, 14.5, 10], "texture": "#2"},
				"south": {"uv": [10.5, 2, 11.5, 3], "texture": "#2"},
				"west": {"uv": [14.5, 9, 15, 10], "texture": "#2"},
				"up": {"uv": [14.5, 5.5, 13.5, 5], "texture": "#2"},
				"down": {"uv": [15.5, 4, 14.5, 4.5], "texture": "#2"}
			}
		},
		{
			"name": "head",
			"from": [4, 1, 4],
			"to": [12, 3, 5],
			"rotation": {"angle": 0, "axis": "y", "origin": [-8, 2, -8]},
			"faces": {
				"north": {"uv": [0, 2, 4, 3], "texture": "#2"},
				"east": {"uv": [8, 4, 8.5, 5], "texture": "#2"},
				"south": {"uv": [0, 3, 4, 4], "texture": "#2"},
				"west": {"uv": [4.5, 8, 5, 9], "texture": "#2"},
				"up": {"uv": [8, 4, 4, 3.5], "texture": "#2"},
				"down": {"uv": [7, 4.5, 3, 5], "texture": "#2"}
			}
		},
		{
			"name": "head",
			"from": [11, 1, 5],
			"to": [12, 3, 11],
			"rotation": {"angle": 0, "axis": "y", "origin": [-8, 2, -8]},
			"faces": {
				"north": {"uv": [5, 8, 5.5, 9], "texture": "#2"},
				"east": {"uv": [0, 4, 3, 5], "texture": "#2"},
				"south": {"uv": [8, 5, 8.5, 6], "texture": "#2"},
				"west": {"uv": [4, 0, 7, 1], "texture": "#2"},
				"up": {"uv": [0.5, 8, 0, 5], "texture": "#2"},
				"down": {"uv": [1, 5, 0.5, 8], "texture": "#2"}
			}
		},
		{
			"name": "head",
			"from": [4, 1, 5],
			"to": [5, 3, 11],
			"rotation": {"angle": 0, "axis": "y", "origin": [-8, 2, -8]},
			"faces": {
				"north": {"uv": [8, 6, 8.5, 7], "texture": "#2"},
				"east": {"uv": [4, 1, 7, 2], "texture": "#2"},
				"south": {"uv": [6.5, 8, 7, 9], "texture": "#2"},
				"west": {"uv": [4, 2, 7, 3], "texture": "#2"},
				"up": {"uv": [1.5, 8, 1, 5], "texture": "#2"},
				"down": {"uv": [2, 5, 1.5, 8], "texture": "#2"}
			}
		}
	],
	"display": {
		"thirdperson_righthand": {
			"translation": [0, 8, 0]
		},
		"thirdperson_lefthand": {
			"translation": [0, 8, 0]
		},
		"firstperson_righthand": {
			"translation": [0, 7.25, 0]
		},
		"firstperson_lefthand": {
			"translation": [0, 7.25, 0]
		},
		"ground": {
			"translation": [0, 10.25, 0],
			"scale": [1.75, 1.75, 1.75]
		},
		"gui": {
			"rotation": [15, 45, 0],
			"translation": [0, 3.75, 0],
			"scale": [1.15, 1.15, 1.15]
		},
		"head": {
			"rotation": [0, -180, 0],
			"translation": [0, 18.25, 0],
			"scale": [1.7, 1.7, 1.7]
		},
		"fixed": {
			"translation": [0, 4.75, -2.75],
			"scale": [1.75, 1.75, 1.75]
		}
	},
	"groups": [
		{
			"name": "head",
			"origin": [0, 0, 0],
			"color": 0,
			"children": []
		},
		0,
		1,
		2,
		3,
		4,
		5,
		6,
		7,
		8,
		9,
		10,
		11,
		12,
		13,
		14,
		15,
		16
	]
}