{
	"credit": "Made with Blockbench",
	"parent": "carved_pumpkin",
	"textures": {
		"0": "item/hats/demon_down_black",
		"particle": "item/hats/demon_down_black"
	},
	"elements": [
		{
			"from": [2.25, 9, 5.75],
			"to": [4.25, 12, 8.75],
			"rotation": {"angle": 0, "axis": "x", "origin": [6, 8, 4]},
			"faces": {
				"north": {"uv": [3, 0, 5, 3], "texture": "#0"},
				"east": {"uv": [0, 0, 3, 3], "texture": "#0"},
				"south": {"uv": [3, 3, 5, 6], "texture": "#0"},
				"west": {"uv": [0, 3, 3, 6], "texture": "#0"},
				"up": {"uv": [7, 3, 5, 0], "texture": "#0"},
				"down": {"uv": [7, 3, 5, 6], "texture": "#0"}
			}
		},
		{
			"from": [11, 5.25, 0.25],
			"to": [12, 6.25, 1.25],
			"rotation": {"angle": 0, "axis": "y", "origin": [10, 8, 4]},
			"faces": {
				"north": {"uv": [10, 9, 9, 10], "texture": "#0"},
				"east": {"uv": [11, 2, 10, 3], "texture": "#0"},
				"south": {"uv": [11, 1, 10, 2], "texture": "#0"},
				"west": {"uv": [11, 0, 10, 1], "texture": "#0"},
				"up": {"uv": [10, 4, 11, 3], "texture": "#0"},
				"down": {"uv": [10, 4, 11, 5], "texture": "#0"}
			}
		},
		{
			"from": [11.5, 5.75, 0.75],
			"to": [12.5, 7.75, 1.75],
			"rotation": {"angle": 0, "axis": "y", "origin": [10, 8, 4]},
			"faces": {
				"north": {"uv": [5, 9, 4, 11], "texture": "#0"},
				"east": {"uv": [7, 9, 6, 11], "texture": "#0"},
				"south": {"uv": [6, 9, 5, 11], "texture": "#0"},
				"west": {"uv": [10, 4, 9, 6], "texture": "#0"},
				"up": {"uv": [9, 8, 10, 7], "texture": "#0"},
				"down": {"uv": [9, 8, 10, 9], "texture": "#0"}
			}
		},
		{
			"from": [12, 7.25, 1.25],
			"to": [13, 9.25, 2.25],
			"rotation": {"angle": 0, "axis": "y", "origin": [10, 8, 4]},
			"faces": {
				"north": {"uv": [2, 9, 1, 11], "texture": "#0"},
				"east": {"uv": [4, 9, 3, 11], "texture": "#0"},
				"south": {"uv": [10, 2, 9, 4], "texture": "#0"},
				"west": {"uv": [3, 9, 2, 11], "texture": "#0"},
				"up": {"uv": [9, 7, 10, 6], "texture": "#0"},
				"down": {"uv": [7, 9, 8, 10], "texture": "#0"}
			}
		},
		{
			"from": [12.5, 7.75, 2.25],
			"to": [13.5, 10.75, 4.25],
			"rotation": {"angle": 0, "axis": "y", "origin": [10, 8, 4]},
			"faces": {
				"north": {"uv": [9, 0, 8, 3], "texture": "#0"},
				"east": {"uv": [8, 6, 6, 9], "texture": "#0"},
				"south": {"uv": [9, 3, 8, 6], "texture": "#0"},
				"west": {"uv": [6, 6, 4, 9], "texture": "#0"},
				"up": {"uv": [0, 11, 1, 9], "texture": "#0"},
				"down": {"uv": [9, 0, 10, 2], "texture": "#0"}
			}
		},
		{
			"from": [13, 8.5, 4.25],
			"to": [14, 11.5, 6.25],
			"rotation": {"angle": 0, "axis": "y", "origin": [10, 8, 4]},
			"faces": {
				"north": {"uv": [8, 0, 7, 3], "texture": "#0"},
				"east": {"uv": [4, 6, 2, 9], "texture": "#0"},
				"south": {"uv": [8, 3, 7, 6], "texture": "#0"},
				"west": {"uv": [2, 6, 0, 9], "texture": "#0"},
				"up": {"uv": [8, 8, 9, 6], "texture": "#0"},
				"down": {"uv": [8, 8, 9, 10], "texture": "#0"}
			}
		},
		{
			"from": [11.75, 9, 5.75],
			"to": [13.75, 12, 8.75],
			"rotation": {"angle": 0, "axis": "y", "origin": [10, 8, 4]},
			"faces": {
				"north": {"uv": [5, 0, 3, 3], "texture": "#0"},
				"east": {"uv": [3, 3, 0, 6], "texture": "#0"},
				"south": {"uv": [5, 3, 3, 6], "texture": "#0"},
				"west": {"uv": [3, 0, 0, 3], "texture": "#0"},
				"up": {"uv": [5, 3, 7, 0], "texture": "#0"},
				"down": {"uv": [5, 3, 7, 6], "texture": "#0"}
			}
		},
		{
			"from": [2, 8.5, 4.25],
			"to": [3, 11.5, 6.25],
			"rotation": {"angle": 0, "axis": "x", "origin": [6, 8, 4]},
			"faces": {
				"north": {"uv": [7, 0, 8, 3], "texture": "#0"},
				"east": {"uv": [0, 6, 2, 9], "texture": "#0"},
				"south": {"uv": [7, 3, 8, 6], "texture": "#0"},
				"west": {"uv": [2, 6, 4, 9], "texture": "#0"},
				"up": {"uv": [9, 8, 8, 6], "texture": "#0"},
				"down": {"uv": [9, 8, 8, 10], "texture": "#0"}
			}
		},
		{
			"from": [2.5, 7.75, 2.25],
			"to": [3.5, 10.75, 4.25],
			"rotation": {"angle": 0, "axis": "x", "origin": [6, 8, 4]},
			"faces": {
				"north": {"uv": [8, 0, 9, 3], "texture": "#0"},
				"east": {"uv": [4, 6, 6, 9], "texture": "#0"},
				"south": {"uv": [8, 3, 9, 6], "texture": "#0"},
				"west": {"uv": [6, 6, 8, 9], "texture": "#0"},
				"up": {"uv": [1, 11, 0, 9], "texture": "#0"},
				"down": {"uv": [10, 0, 9, 2], "texture": "#0"}
			}
		},
		{
			"from": [3, 7.25, 1.25],
			"to": [4, 9.25, 2.25],
			"rotation": {"angle": 0, "axis": "x", "origin": [6, 8, 4]},
			"faces": {
				"north": {"uv": [1, 9, 2, 11], "texture": "#0"},
				"east": {"uv": [2, 9, 3, 11], "texture": "#0"},
				"south": {"uv": [9, 2, 10, 4], "texture": "#0"},
				"west": {"uv": [3, 9, 4, 11], "texture": "#0"},
				"up": {"uv": [10, 7, 9, 6], "texture": "#0"},
				"down": {"uv": [8, 9, 7, 10], "texture": "#0"}
			}
		},
		{
			"from": [3.5, 5.75, 0.75],
			"to": [4.5, 7.75, 1.75],
			"rotation": {"angle": 0, "axis": "x", "origin": [6, 8, 4]},
			"faces": {
				"north": {"uv": [4, 9, 5, 11], "texture": "#0"},
				"east": {"uv": [9, 4, 10, 6], "texture": "#0"},
				"south": {"uv": [5, 9, 6, 11], "texture": "#0"},
				"west": {"uv": [6, 9, 7, 11], "texture": "#0"},
				"up": {"uv": [10, 8, 9, 7], "texture": "#0"},
				"down": {"uv": [10, 8, 9, 9], "texture": "#0"}
			}
		},
		{
			"from": [4, 5.25, 0.25],
			"to": [5, 6.25, 1.25],
			"rotation": {"angle": 0, "axis": "x", "origin": [6, 8, 4]},
			"faces": {
				"north": {"uv": [9, 9, 10, 10], "texture": "#0"},
				"east": {"uv": [10, 0, 11, 1], "texture": "#0"},
				"south": {"uv": [10, 1, 11, 2], "texture": "#0"},
				"west": {"uv": [10, 2, 11, 3], "texture": "#0"},
				"up": {"uv": [11, 4, 10, 3], "texture": "#0"},
				"down": {"uv": [11, 4, 10, 5], "texture": "#0"}
			}
		}
	],
	"display": {
		"thirdperson_righthand": {
			"translation": [0, 0, 3.25]
		},
		"thirdperson_lefthand": {
			"translation": [0, 0, 3.25]
		},
		"firstperson_righthand": {
			"rotation": [19.5, 15.75, 0],
			"translation": [3.75, 2, 1],
			"scale": [0.76, 0.75, 0.74]
		},
		"firstperson_lefthand": {
			"rotation": [19.5, 15.75, 0],
			"translation": [3.75, 2, 1],
			"scale": [0.76, 0.75, 0.74]
		},
		"gui": {
			"rotation": [2, 0, 0],
			"translation": [0.25, -1.5, 0],
			"scale": [1.32617, 1.32617, 1.32617]
		},
		"head": {
			"translation": [0, -2, 2.5],
			"scale": [1.7, 1.7, 1.7]
		},
		"fixed": {
			"translation": [0, 0, 5.75],
			"scale": [2.18, 2, 2]
		}
	}
}