{
	"credit": "Made with Blockbench",
	"ambientocclusion": false,
	"texture_size": [32, 32],
	"textures": {
		"0": "item/hats/detective_hat",
		"particle": "item/hats/detective_hat"
	},
	"elements": [
		{
			"from": [3.32, 0, 3.32],
			"to": [12.68, 5.2, 12.68],
			"rotation": {"angle": 0, "axis": "y", "origin": [3.32, 0, 3.32]},
			"faces": {
				"north": {"uv": [4.5, 0, 9, 2.5], "texture": "#0"},
				"east": {"uv": [4.5, 2.5, 9, 5], "texture": "#0"},
				"south": {"uv": [4.5, 5, 9, 7.5], "texture": "#0"},
				"west": {"uv": [4.5, 7.5, 9, 10], "texture": "#0"},
				"up": {"uv": [4.5, 4.5, 0, 0], "texture": "#0"},
				"down": {"uv": [4.5, 4.5, 0, 9], "texture": "#0"}
			}
		},
		{
			"from": [3.424, -0.7564, 12.32267],
			"to": [12.576, 0.2836, 16.48267],
			"rotation": {"angle": 22.5, "axis": "x", "origin": [8, -0.2364, 14.40267]},
			"faces": {
				"east": {"uv": [12.5, 0.5, 14.5, 1], "texture": "#0"},
				"south": {"uv": [11.5, 11, 16, 11.5], "texture": "#0"},
				"west": {"uv": [12.5, 1, 14.5, 1.5], "texture": "#0"},
				"up": {"uv": [13.5, 5, 9, 3], "texture": "#0"},
				"down": {"uv": [13.5, 5, 9, 7], "texture": "#0"}
			}
		},
		{
			"from": [3.424, -0.7564, -0.48267],
			"to": [12.576, 0.2836, 3.67733],
			"rotation": {"angle": -22.5, "axis": "x", "origin": [8, -0.2364, 1.59733]},
			"faces": {
				"north": {"uv": [11.5, 11.5, 16, 12], "texture": "#0"},
				"east": {"uv": [12, 13, 14, 13.5], "texture": "#0"},
				"west": {"uv": [13.5, 3, 15.5, 3.5], "texture": "#0"},
				"up": {"uv": [13.5, 9, 9, 7], "texture": "#0"},
				"down": {"uv": [13.5, 9, 9, 11], "texture": "#0"}
			}
		},
		{
			"from": [2.8, 0, 4.36],
			"to": [3.32, 5.72, 11.64],
			"rotation": {"angle": 0, "axis": "y", "origin": [2.28, 0, 5.4]},
			"faces": {
				"north": {"uv": [2, 12, 2.5, 15], "texture": "#0"},
				"south": {"uv": [2.5, 12, 3, 15], "texture": "#0"},
				"west": {"uv": [0, 9, 3.5, 12], "texture": "#0"},
				"up": {"uv": [0.5, 15.5, 0, 12], "texture": "#0"},
				"down": {"uv": [1, 12, 0.5, 15.5], "texture": "#0"}
			}
		},
		{
			"from": [12.68, 0, 4.36],
			"to": [13.2, 5.72, 11.64],
			"rotation": {"angle": 0, "axis": "y", "origin": [13.72, 0, 5.4]},
			"faces": {
				"north": {"uv": [3, 12, 3.5, 15], "texture": "#0"},
				"east": {"uv": [9, 0, 12.5, 3], "texture": "#0"},
				"south": {"uv": [11.5, 12.5, 12, 15.5], "texture": "#0"},
				"up": {"uv": [1.5, 15.5, 1, 12], "texture": "#0"},
				"down": {"uv": [2, 12, 1.5, 15.5], "texture": "#0"}
			}
		},
		{
			"from": [8.104, 5.2, 4.36],
			"to": [12.68, 5.72, 11.64],
			"rotation": {"angle": 0, "axis": "y", "origin": [11.64, 5.2, 4.36]},
			"faces": {
				"north": {"uv": [12.5, 1.5, 14.5, 2], "texture": "#0"},
				"south": {"uv": [12.5, 2, 14.5, 2.5], "texture": "#0"},
				"west": {"uv": [11.5, 12, 15, 12.5], "texture": "#0"},
				"up": {"uv": [5.5, 13.5, 3.5, 10], "texture": "#0"}
			}
		},
		{
			"from": [3.32, 5.2, 4.36],
			"to": [7.896, 5.72, 11.64],
			"rotation": {"angle": 0, "axis": "y", "origin": [4.36, 5.2, 4.36]},
			"faces": {
				"north": {"uv": [12.5, 2.5, 14.5, 3], "texture": "#0"},
				"east": {"uv": [12.5, 0, 16, 0.5], "texture": "#0"},
				"south": {"uv": [12, 12.5, 14, 13], "texture": "#0"},
				"up": {"uv": [9.5, 14.5, 7.5, 11], "texture": "#0"}
			}
		},
		{
			"from": [7.3384, 5.6776, 7.3384],
			"to": [8.6616, 6.57616, 8.6616],
			"rotation": {"angle": 0, "axis": "y", "origin": [7.5384, 5.116, 7.3384]},
			"faces": {
				"north": {"uv": [3.5, 9, 4, 9.5], "texture": "#0"},
				"east": {"uv": [4, 9, 4.5, 9.5], "texture": "#0"},
				"south": {"uv": [3.5, 9.5, 4, 10], "texture": "#0"},
				"west": {"uv": [4, 9.5, 4.5, 10], "texture": "#0"},
				"up": {"uv": [14, 4, 13.5, 3.5], "texture": "#0"}
			}
		},
		{
			"from": [5.90411, 5.6776, 6.96162],
			"to": [10.07371, 6.2392, 8.38482],
			"rotation": {"angle": 45, "axis": "y", "origin": [8.38891, 5.6776, 7.82322]},
			"faces": {
				"north": {"uv": [7.5, 10, 9, 10.5], "texture": "#0"},
				"east": {"uv": [13.5, 4, 14, 4.5], "texture": "#0"},
				"south": {"uv": [7.5, 10.5, 9, 11], "texture": "#0"},
				"west": {"uv": [13.5, 4.5, 14, 5], "texture": "#0"},
				"up": {"uv": [5, 14, 3.5, 13.5], "texture": "#0"}
			}
		}
	],
	"display": {
		"thirdperson_righthand": {
			"rotation": [75, 45, 0],
			"translation": [0, 2.5, 1],
			"scale": [0.375, 0.375, 0.375]
		},
		"thirdperson_lefthand": {
			"rotation": [75, 45, 0],
			"translation": [0, 2.5, 1],
			"scale": [0.375, 0.375, 0.375]
		},
		"firstperson_righthand": {
			"rotation": [0, 225, 0],
			"translation": [0, 2, 0],
			"scale": [0.4, 0.4, -0.4]
		},
		"firstperson_lefthand": {
			"rotation": [0, 225, 0],
			"translation": [0, 2, 0],
			"scale": [0.4, 0.4, -0.4]
		},
		"ground": {
			"translation": [0, 3, 0],
			"scale": [0.25, 0.25, 0.25]
		},
		"gui": {
			"rotation": [30, 138, 0],
			"translation": [0.5, 2.25, 0],
			"scale": [0.7, 0.7, 0.7]
		},
		"head": {
			"rotation": [15, 0, 0],
			"translation": [0, 14.75, 3],
			"scale": [1.6, 1.6, 1.6]
		},
		"fixed": {
			"rotation": [-90, 0, 0],
			"translation": [0, 0.25, -17.75],
			"scale": [2, 2, 2]
		}
	}
}