{
	"credit": "Made with Blockbench",
	"texture_size": [64, 32],
	"textures": {
		"1": "item/hats/duck",
		"particle": "item/hats/duck"
	},
	"elements": [
		{
			"name": "right_leg",
			"from": [1.5, 0, 5],
			"to": [5.5, 5, 8],
			"faces": {
				"north": {"uv": [6.5, 2, 7.5, 4.5], "texture": "#1"},
				"east": {"uv": [9.25, 2, 10, 4.5], "texture": "#1"},
				"south": {"uv": [8.25, 2, 9.25, 4.5], "texture": "#1"},
				"west": {"uv": [7.5, 2, 8.25, 4.5], "texture": "#1"},
				"up": {"uv": [8.25, 2, 7.5, 0], "rotation": 270, "texture": "#1"},
				"down": {"uv": [9, 0, 8.25, 2], "rotation": 90, "texture": "#1"}
			}
		},
		{
			"name": "right_leg",
			"from": [1.5, -4.75, 5],
			"to": [5.5, 0.25, 8],
			"faces": {
				"north": {"uv": [6.5, 2, 7.5, 4.5], "texture": "#1"},
				"east": {"uv": [8.25, 2, 9, 4.5], "texture": "#1"},
				"south": {"uv": [8.25, 2, 9.25, 4.5], "texture": "#1"},
				"west": {"uv": [7.5, 2, 8.25, 4.5], "texture": "#1"},
				"up": {"uv": [9, 2, 8.25, 0], "rotation": 270, "texture": "#1"},
				"down": {"uv": [9, 2, 8.25, 4], "rotation": 90, "texture": "#1"}
			}
		},
		{
			"name": "right_leg",
			"from": [1.5, -4.75, 8],
			"to": [5.5, 0.25, 11],
			"faces": {
				"north": {"uv": [6.5, 2, 7.5, 4.5], "texture": "#1"},
				"east": {"uv": [7.75, 2, 8.5, 4.5], "texture": "#1"},
				"south": {"uv": [8.25, 2, 9.25, 4.5], "texture": "#1"},
				"west": {"uv": [7.5, 2, 8.25, 4.5], "texture": "#1"},
				"up": {"uv": [9, 2, 8.25, 0], "rotation": 270, "texture": "#1"},
				"down": {"uv": [9, 2, 8.25, 4], "rotation": 90, "texture": "#1"}
			}
		},
		{
			"name": "bill",
			"from": [1, 14, 6],
			"to": [3, 15, 10],
			"faces": {
				"north": {"uv": [12.5, 9, 13, 9.5], "texture": "#1"},
				"east": {"uv": [14.5, 9, 15.5, 9.5], "texture": "#1"},
				"south": {"uv": [14, 9, 14.5, 9.5], "texture": "#1"},
				"west": {"uv": [13, 9, 14, 9.5], "texture": "#1"},
				"up": {"uv": [14, 9, 13, 8], "rotation": 270, "texture": "#1"},
				"down": {"uv": [15, 8, 14, 9], "rotation": 90, "texture": "#1"}
			}
		},
		{
			"name": "bill",
			"from": [0.25, 14, 7],
			"to": [1.25, 15, 9],
			"faces": {
				"north": {"uv": [12.25, 9.5, 12.5, 10], "texture": "#1"},
				"east": {"uv": [13.25, 9.5, 13.75, 10], "texture": "#1"},
				"south": {"uv": [13, 9.5, 13.25, 10], "texture": "#1"},
				"west": {"uv": [12.5, 9.5, 13, 10], "texture": "#1"},
				"up": {"uv": [13, 9.5, 12.5, 9], "rotation": 270, "texture": "#1"},
				"down": {"uv": [13.5, 9, 13, 9.5], "rotation": 90, "texture": "#1"}
			}
		},
		{
			"name": "bill",
			"from": [0, 14.25, 6],
			"to": [1, 15.25, 10],
			"faces": {
				"north": {"uv": [12.25, 9.5, 12.5, 10], "texture": "#1"},
				"east": {"uv": [13.75, 9.5, 14.75, 10], "texture": "#1"},
				"south": {"uv": [13.5, 9.5, 13.75, 10], "texture": "#1"},
				"west": {"uv": [12.5, 9.5, 13.5, 10], "texture": "#1"},
				"up": {"uv": [13.5, 9.5, 12.5, 9], "rotation": 270, "texture": "#1"},
				"down": {"uv": [14.5, 9, 13.5, 9.5], "rotation": 90, "texture": "#1"}
			}
		},
		{
			"name": "bill",
			"from": [1, 13.5, 7],
			"to": [3, 14.5, 9],
			"faces": {
				"north": {"uv": [13.75, 13.5, 14.25, 14], "texture": "#1"},
				"east": {"uv": [15.25, 13.5, 15.75, 14], "texture": "#1"},
				"south": {"uv": [14.75, 13.5, 15.25, 14], "texture": "#1"},
				"west": {"uv": [14.25, 13.5, 14.75, 14], "texture": "#1"},
				"up": {"uv": [14.75, 13.5, 14.25, 12.5], "rotation": 270, "texture": "#1"},
				"down": {"uv": [15.25, 12.5, 14.75, 13.5], "rotation": 90, "texture": "#1"}
			}
		},
		{
			"name": "right_wing",
			"from": [6, 7, 4],
			"to": [11, 11, 5],
			"faces": {
				"north": {"uv": [6, 9, 7.25, 11], "texture": "#1"},
				"east": {"uv": [8.75, 9, 9, 11], "texture": "#1"},
				"south": {"uv": [7.5, 9, 8.75, 11], "texture": "#1"},
				"west": {"uv": [7.25, 9, 7.5, 11], "texture": "#1"},
				"up": {"uv": [7.5, 9, 7.25, 6.5], "rotation": 270, "texture": "#1"},
				"down": {"uv": [7.75, 6.5, 7.5, 9], "rotation": 90, "texture": "#1"}
			}
		},
		{
			"name": "rotation",
			"from": [5, 5, 5],
			"to": [12, 11, 11],
			"faces": {
				"north": {"uv": [0, 9, 1.75, 12], "texture": "#1"},
				"east": {"uv": [5, 9, 6.5, 12], "texture": "#1"},
				"south": {"uv": [3.25, 9, 5, 12], "texture": "#1"},
				"west": {"uv": [1.75, 9, 3.25, 12], "texture": "#1"},
				"up": {"uv": [3.25, 9, 1.75, 5.5], "rotation": 270, "texture": "#1"},
				"down": {"uv": [4.75, 5.5, 3.25, 9], "rotation": 90, "texture": "#1"}
			}
		},
		{
			"name": "rotation",
			"from": [12, 7, 6],
			"to": [14, 12, 10],
			"faces": {
				"north": {"uv": [0, 5.5, 0.5, 8], "texture": "#1"},
				"east": {"uv": [2, 5.5, 3, 8], "texture": "#1"},
				"south": {"uv": [1.5, 5.5, 2, 8], "texture": "#1"},
				"west": {"uv": [0.5, 5.5, 1.5, 8], "texture": "#1"},
				"up": {"uv": [1.5, 5.5, 0.5, 4.5], "rotation": 270, "texture": "#1"},
				"down": {"uv": [2.5, 4.5, 1.5, 5.5], "rotation": 90, "texture": "#1"}
			}
		},
		{
			"name": "rotation",
			"from": [13, 9, 7],
			"to": [15, 13, 9],
			"faces": {
				"north": {"uv": [0, 5.5, 0.5, 7.5], "texture": "#1"},
				"east": {"uv": [1.5, 5.5, 2, 7.5], "texture": "#1"},
				"south": {"uv": [1, 5.5, 1.5, 7.5], "texture": "#1"},
				"west": {"uv": [0.5, 5.5, 1, 7.5], "texture": "#1"},
				"up": {"uv": [1, 5.5, 0.5, 4.5], "rotation": 270, "texture": "#1"},
				"down": {"uv": [1.5, 4.5, 1, 5.5], "rotation": 90, "texture": "#1"}
			}
		},
		{
			"name": "rotation",
			"from": [4, 7, 7],
			"to": [5, 11, 9],
			"faces": {
				"north": {"uv": [0, 6, 0.25, 8], "texture": "#1"},
				"east": {"uv": [1, 6, 1.5, 8], "texture": "#1"},
				"south": {"uv": [0.75, 6, 1, 8], "texture": "#1"},
				"west": {"uv": [0.25, 6, 0.75, 8], "texture": "#1"},
				"up": {"uv": [0.75, 6, 0.25, 5.5], "rotation": 270, "texture": "#1"},
				"down": {"uv": [1.25, 5.5, 0.75, 6], "rotation": 90, "texture": "#1"}
			}
		},
		{
			"name": "left_wing",
			"from": [6, 7, 11],
			"to": [11, 11, 12],
			"faces": {
				"north": {"uv": [6, 9, 7.25, 11], "texture": "#1"},
				"east": {"uv": [8.75, 9, 9, 11], "texture": "#1"},
				"south": {"uv": [7.5, 9, 8.75, 11], "texture": "#1"},
				"west": {"uv": [7.25, 9, 7.5, 11], "texture": "#1"},
				"up": {"uv": [7.5, 9, 7.25, 6.5], "rotation": 270, "texture": "#1"},
				"down": {"uv": [7.75, 6.5, 7.5, 9], "rotation": 90, "texture": "#1"}
			}
		},
		{
			"name": "left_leg",
			"from": [1.5, 0, 8],
			"to": [5.5, 5, 11],
			"faces": {
				"north": {"uv": [6.5, 2, 7.5, 4.5], "texture": "#1"},
				"east": {"uv": [9.25, 2, 10, 4.5], "texture": "#1"},
				"south": {"uv": [8.25, 2, 9.25, 4.5], "texture": "#1"},
				"west": {"uv": [7.5, 2, 8.25, 4.5], "texture": "#1"},
				"up": {"uv": [8.25, 2, 7.5, 0], "rotation": 270, "texture": "#1"},
				"down": {"uv": [9, 0, 8.25, 2], "rotation": 90, "texture": "#1"}
			}
		},
		{
			"name": "left_leg",
			"from": [5.45, 0.1, 8],
			"to": [9.45, 5.1, 11],
			"faces": {
				"north": {"uv": [6.5, 2, 7.5, 4.5], "texture": "#1"},
				"east": {"uv": [8.5, 2, 9.25, 4.5], "texture": "#1"},
				"south": {"uv": [8.25, 2, 9.25, 4.5], "texture": "#1"},
				"west": {"uv": [9.25, 2, 10, 4.5], "texture": "#1"},
				"up": {"uv": [8.25, 2, 7.5, 0], "rotation": 270, "texture": "#1"},
				"down": {"uv": [8, 2.5, 7.25, 4.5], "rotation": 90, "texture": "#1"}
			}
		},
		{
			"name": "left_leg",
			"from": [5.45, 0.1, 5],
			"to": [9.45, 5.1, 8],
			"faces": {
				"north": {"uv": [6.5, 2, 7.5, 4.5], "texture": "#1"},
				"east": {"uv": [8.5, 2, 9.25, 4.5], "texture": "#1"},
				"south": {"uv": [8.25, 2, 9.25, 4.5], "texture": "#1"},
				"west": {"uv": [9.25, 2, 10, 4.5], "texture": "#1"},
				"up": {"uv": [8.25, 2, 7.5, 0], "rotation": 270, "texture": "#1"},
				"down": {"uv": [8, 2.5, 7.25, 4.5], "rotation": 90, "texture": "#1"}
			}
		},
		{
			"name": "head",
			"from": [3, 9, 6],
			"to": [6, 17, 10],
			"faces": {
				"north": {"uv": [0, 1.5, 0.75, 5.5], "texture": "#1"},
				"east": {"uv": [2.5, 1.5, 3.5, 5.5], "texture": "#1"},
				"south": {"uv": [1.75, 1.5, 2.5, 5.5], "texture": "#1"},
				"west": {"uv": [0.75, 1.5, 1.75, 5.5], "texture": "#1"},
				"up": {"uv": [1.75, 1.5, 0.75, 0], "rotation": 270, "texture": "#1"},
				"down": {"uv": [2.75, 0, 1.75, 1.5], "rotation": 90, "texture": "#1"}
			}
		}
	],
	"display": {
		"thirdperson_righthand": {
			"translation": [0, 3, 0]
		},
		"thirdperson_lefthand": {
			"rotation": [0, -180, 0],
			"translation": [0, 3, 0]
		},
		"firstperson_lefthand": {
			"rotation": [0, -180, 0]
		},
		"gui": {
			"rotation": [10, 45, 0]
		},
		"head": {
			"rotation": [0, -90, 0],
			"translation": [0, 11.25, -3],
			"scale": [1.7, 1.7, 1.7]
		}
	}
}