{
	"credit": "Made with Blockbench",
	"parent": "minecraft:block/carved_pumpkin",
	"texture_size": [64, 64],
	"textures": {
		"0": "item/hats/elf",
		"particle": "item/hats/elf"
	},
	"elements": [
		{
			"name": "head_sub_0",
			"from": [12, -1, 4],
			"to": [13, 1, 12],
			"shade": false,
			"rotation": {"angle": 0, "axis": "y", "origin": [-8, 2, -8]},
			"faces": {
				"north": {"uv": [1.5, 7.25, 1.75, 7.75], "texture": "#0"},
				"east": {"uv": [5.5, 0, 7.5, 0.5], "texture": "#0"},
				"south": {"uv": [1.75, 7.25, 2, 7.75], "texture": "#0"},
				"west": {"uv": [5.5, 0.5, 7.5, 1], "texture": "#0"},
				"up": {"uv": [5.75, 6, 5.5, 4], "texture": "#0"},
				"down": {"uv": [6, 4, 5.75, 6], "texture": "#0"}
			}
		},
		{
			"name": "head_sub_1",
			"from": [12, -4, 7],
			"to": [13, -1, 9],
			"shade": false,
			"rotation": {"angle": 0, "axis": "y", "origin": [-8, 2, -8]},
			"faces": {
				"north": {"uv": [8.25, 4.25, 8.5, 5], "texture": "#0"},
				"east": {"uv": [8.75, 4.25, 9.25, 5], "texture": "#0"},
				"south": {"uv": [8.5, 4.25, 8.75, 5], "texture": "#0"},
				"west": {"uv": [9.25, 4.25, 9.75, 5], "texture": "#0"},
				"up": {"uv": [8.5, 5.5, 8.25, 5], "texture": "#0"},
				"down": {"uv": [8.75, 5, 8.5, 5.5], "texture": "#0"}
			}
		},
		{
			"name": "head_sub_2",
			"from": [13, -2, 7],
			"to": [14, 2, 8],
			"shade": false,
			"rotation": {"angle": 0, "axis": "y", "origin": [-8, 2, -8]},
			"faces": {
				"north": {"uv": [8, 7, 8.25, 8], "texture": "#0"},
				"east": {"uv": [8.25, 7, 8.5, 8], "texture": "#0"},
				"south": {"uv": [9, 7, 9.25, 8], "texture": "#0"},
				"west": {"uv": [8.5, 7, 8.75, 8], "texture": "#0"},
				"up": {"uv": [9, 7.75, 8.75, 7.5], "texture": "#0"},
				"down": {"uv": [9, 7.75, 8.75, 8], "texture": "#0"}
			}
		},
		{
			"name": "head_sub_3",
			"from": [13, -1, 8],
			"to": [14, 0, 9],
			"shade": false,
			"rotation": {"angle": 0, "axis": "y", "origin": [-8, 2, -8]},
			"faces": {
				"north": {"uv": [9, 0, 9.25, 0.25], "texture": "#0"},
				"east": {"uv": [8.75, 0, 9, 0.25], "texture": "#0"},
				"south": {"uv": [8.5, 0, 8.75, 0.25], "texture": "#0"},
				"west": {"uv": [8.25, 0, 8.5, 0.25], "texture": "#0"},
				"up": {"uv": [8.5, 0.75, 8.25, 0.5], "texture": "#0"},
				"down": {"uv": [8.75, 0.5, 8.5, 0.75], "texture": "#0"}
			}
		},
		{
			"name": "head_sub_4",
			"from": [2, -1, 8],
			"to": [3, 0, 9],
			"shade": false,
			"rotation": {"angle": 0, "axis": "y", "origin": [-8, 2, -8]},
			"faces": {
				"north": {"uv": [8.75, 0.25, 9, 0.5], "texture": "#0"},
				"east": {"uv": [8.75, 0, 9, 0.25], "texture": "#0"},
				"south": {"uv": [8.5, 0, 8.75, 0.25], "texture": "#0"},
				"west": {"uv": [8.5, 0, 8.75, 0.25], "texture": "#0"},
				"up": {"uv": [8.5, 0.75, 8.25, 0.5], "texture": "#0"},
				"down": {"uv": [8.75, 0.5, 8.5, 0.75], "texture": "#0"}
			}
		},
		{
			"name": "head_sub_2",
			"from": [3, -4, 7],
			"to": [4, -1, 9],
			"shade": false,
			"rotation": {"angle": 0, "axis": "y", "origin": [-8, 2, -8]},
			"faces": {
				"north": {"uv": [8.25, 4.25, 8.5, 5], "texture": "#0"},
				"east": {"uv": [9.25, 4.25, 9.75, 5], "texture": "#0"},
				"south": {"uv": [8.75, 5, 9, 4.25], "texture": "#0"},
				"west": {"uv": [9.25, 5, 8.75, 4.25], "texture": "#0"},
				"up": {"uv": [8.5, 5.5, 8.25, 5], "texture": "#0"},
				"down": {"uv": [8.75, 5, 8.5, 5.5], "texture": "#0"}
			}
		},
		{
			"name": "head_sub_3",
			"from": [2, -2, 7],
			"to": [3, 2, 8],
			"shade": false,
			"rotation": {"angle": 0, "axis": "y", "origin": [-8, 2, -8]},
			"faces": {
				"north": {"uv": [8, 7, 8.25, 8], "texture": "#0"},
				"east": {"uv": [8.25, 7, 8.5, 8], "texture": "#0"},
				"south": {"uv": [9, 7, 9.25, 8], "texture": "#0"},
				"west": {"uv": [8.25, 7, 8.5, 8], "texture": "#0"},
				"up": {"uv": [9, 8, 8.75, 7.75], "texture": "#0"},
				"down": {"uv": [9, 7.5, 8.75, 7.75], "texture": "#0"}
			}
		},
		{
			"name": "head",
			"from": [4, -1, 3],
			"to": [12, 1, 13],
			"rotation": {"angle": 0, "axis": "y", "origin": [-8, 2, -8]},
			"faces": {
				"north": {"uv": [5.5, 1, 7.5, 1.5], "texture": "#0"},
				"east": {"uv": [1.5, 4.5, 4, 5], "texture": "#0"},
				"south": {"uv": [1.5, 5.5, 3.5, 6], "texture": "#0"},
				"west": {"uv": [1.5, 5, 4, 5.5], "texture": "#0"},
				"up": {"uv": [2, 2.5, 0, 0], "texture": "#0"},
				"down": {"uv": [4, 0, 2, 2.5], "texture": "#0"}
			}
		},
		{
			"name": "head",
			"from": [4, 1, 4],
			"to": [12, 2, 12],
			"rotation": {"angle": 0, "axis": "y", "origin": [-8, 2, -8]},
			"faces": {
				"north": {"uv": [0, 6, 2, 6.25], "texture": "#0"},
				"east": {"uv": [2, 6, 4, 6.25], "texture": "#0"},
				"south": {"uv": [4, 6, 6, 6.25], "texture": "#0"},
				"west": {"uv": [6, 4, 8, 4.25], "texture": "#0"},
				"up": {"uv": [2, 4.5, 0, 2.5], "texture": "#0"},
				"down": {"uv": [4, 2.5, 2, 4.5], "texture": "#0"}
			}
		},
		{
			"name": "head",
			"from": [5, 2, 4],
			"to": [11, 3, 12],
			"rotation": {"angle": 0, "axis": "y", "origin": [-8, 2, -8]},
			"faces": {
				"north": {"uv": [3.5, 6.25, 5, 6.5], "texture": "#0"},
				"east": {"uv": [6, 4.25, 8, 4.5], "texture": "#0"},
				"south": {"uv": [5, 6.25, 6.5, 6.5], "texture": "#0"},
				"west": {"uv": [6, 4.5, 8, 4.75], "texture": "#0"},
				"up": {"uv": [5.5, 2, 4, 0], "texture": "#0"},
				"down": {"uv": [5.5, 2, 4, 4], "texture": "#0"}
			}
		},
		{
			"name": "head",
			"from": [4, 3, 7],
			"to": [5, 4, 9],
			"rotation": {"angle": 0, "axis": "y", "origin": [-8, 2, -8]},
			"faces": {
				"north": {"uv": [7.75, 7, 8, 7.25], "texture": "#0"},
				"east": {"uv": [2, 7.25, 2.5, 7.5], "texture": "#0"},
				"south": {"uv": [7.75, 7.25, 8, 7.5], "texture": "#0"},
				"west": {"uv": [2.5, 7.25, 3, 7.5], "texture": "#0"},
				"up": {"uv": [3.75, 7.75, 3.5, 7.25], "texture": "#0"},
				"down": {"uv": [4, 7.25, 3.75, 7.75], "texture": "#0"}
			}
		},
		{
			"name": "head",
			"from": [5, 3, 5],
			"to": [11, 4, 11],
			"rotation": {"angle": 0, "axis": "y", "origin": [-8, 2, -8]},
			"faces": {
				"north": {"uv": [6.5, 1.5, 8, 1.75], "texture": "#0"},
				"east": {"uv": [6.5, 1.75, 8, 2], "texture": "#0"},
				"south": {"uv": [6.5, 2, 8, 2.25], "texture": "#0"},
				"west": {"uv": [6.5, 2.25, 8, 2.5], "texture": "#0"},
				"up": {"uv": [5.5, 5.5, 4, 4], "texture": "#0"},
				"down": {"uv": [1.5, 4.5, 0, 6], "texture": "#0"}
			}
		},
		{
			"name": "head",
			"from": [7, 3, 4],
			"to": [9, 4, 5],
			"rotation": {"angle": 0, "axis": "y", "origin": [-8, 2, -8]},
			"faces": {
				"north": {"uv": [4, 7.25, 4.5, 7.5], "texture": "#0"},
				"east": {"uv": [7.5, 7.75, 7.75, 8], "texture": "#0"},
				"south": {"uv": [4.5, 7.25, 5, 7.5], "texture": "#0"},
				"west": {"uv": [7.75, 7.75, 8, 8], "texture": "#0"},
				"up": {"uv": [7.75, 5, 7.25, 4.75], "texture": "#0"},
				"down": {"uv": [5.5, 7.25, 5, 7.5], "texture": "#0"}
			}
		},
		{
			"name": "head",
			"from": [7, 3, 11],
			"to": [9, 4, 12],
			"rotation": {"angle": 0, "axis": "y", "origin": [-8, 2, -8]},
			"faces": {
				"north": {"uv": [7.25, 5, 7.75, 5.25], "texture": "#0"},
				"east": {"uv": [8, 0.5, 8.25, 0.75], "texture": "#0"},
				"south": {"uv": [7.25, 5.25, 7.75, 5.5], "texture": "#0"},
				"west": {"uv": [0.75, 8, 1, 8.25], "texture": "#0"},
				"up": {"uv": [7.75, 5.75, 7.25, 5.5], "texture": "#0"},
				"down": {"uv": [7.75, 6.75, 7.25, 7], "texture": "#0"}
			}
		},
		{
			"name": "head",
			"from": [11, 3, 7],
			"to": [12, 4, 9],
			"rotation": {"angle": 0, "axis": "y", "origin": [-8, 2, -8]},
			"faces": {
				"north": {"uv": [8, 0.75, 8.25, 1], "texture": "#0"},
				"east": {"uv": [7.25, 7, 7.75, 7.25], "texture": "#0"},
				"south": {"uv": [1, 8, 1.25, 8.25], "texture": "#0"},
				"west": {"uv": [7.25, 7.25, 7.75, 7.5], "texture": "#0"},
				"up": {"uv": [7.75, 0.5, 7.5, 0], "texture": "#0"},
				"down": {"uv": [7.75, 0.5, 7.5, 1], "texture": "#0"}
			}
		},
		{
			"name": "head",
			"from": [5, 4, 7],
			"to": [6, 5, 9],
			"rotation": {"angle": 0, "axis": "y", "origin": [-8, 2, -8]},
			"faces": {
				"north": {"uv": [8, 1, 8.25, 1.25], "texture": "#0"},
				"east": {"uv": [7.5, 1, 8, 1.25], "texture": "#0"},
				"south": {"uv": [1.25, 8, 1.5, 8.25], "texture": "#0"},
				"west": {"uv": [7.5, 1.25, 8, 1.5], "texture": "#0"},
				"up": {"uv": [2.25, 8, 2, 7.5], "texture": "#0"},
				"down": {"uv": [2.5, 7.5, 2.25, 8], "texture": "#0"}
			}
		},
		{
			"name": "head",
			"from": [7, 4, 5],
			"to": [9, 7, 6],
			"rotation": {"angle": 0, "axis": "y", "origin": [-8, 2, -8]},
			"faces": {
				"north": {"uv": [6.5, 2.5, 7, 3.25], "texture": "#0"},
				"east": {"uv": [6.75, 7, 7, 7.75], "texture": "#0"},
				"south": {"uv": [3.5, 6.5, 4, 7.25], "texture": "#0"},
				"west": {"uv": [7, 6.75, 7.25, 7.5], "texture": "#0"},
				"up": {"uv": [3, 7.75, 2.5, 7.5], "texture": "#0"},
				"down": {"uv": [8, 3.5, 7.5, 3.75], "texture": "#0"}
			}
		},
		{
			"name": "head",
			"from": [6, 4, 6],
			"to": [10, 6, 10],
			"rotation": {"angle": 0, "axis": "y", "origin": [-8, 2, -8]},
			"faces": {
				"north": {"uv": [6, 4.75, 7, 5.25], "texture": "#0"},
				"east": {"uv": [6, 5.25, 7, 5.75], "texture": "#0"},
				"south": {"uv": [6, 5.75, 7, 6.25], "texture": "#0"},
				"west": {"uv": [0, 6.25, 1, 6.75], "texture": "#0"},
				"up": {"uv": [6.5, 2.5, 5.5, 1.5], "texture": "#0"},
				"down": {"uv": [6.5, 2.5, 5.5, 3.5], "texture": "#0"}
			}
		},
		{
			"name": "head",
			"from": [7, 6, 6],
			"to": [9, 7, 10],
			"rotation": {"angle": 0, "axis": "y", "origin": [-8, 2, -8]},
			"faces": {
				"north": {"uv": [7.5, 3.75, 8, 4], "texture": "#0"},
				"east": {"uv": [4, 6.75, 5, 7], "texture": "#0"},
				"south": {"uv": [4, 7.5, 4.5, 7.75], "texture": "#0"},
				"west": {"uv": [6, 6.75, 7, 7], "texture": "#0"},
				"up": {"uv": [1.5, 7.25, 1, 6.25], "texture": "#0"},
				"down": {"uv": [2, 6.25, 1.5, 7.25], "texture": "#0"}
			}
		},
		{
			"name": "head",
			"from": [7, 7, 5],
			"to": [9, 8, 9],
			"rotation": {"angle": 0, "axis": "y", "origin": [-8, 2, -8]},
			"faces": {
				"north": {"uv": [4.5, 7.5, 5, 7.75], "texture": "#0"},
				"east": {"uv": [7, 2.5, 8, 2.75], "texture": "#0"},
				"south": {"uv": [5, 7.5, 5.5, 7.75], "texture": "#0"},
				"west": {"uv": [7, 2.75, 8, 3], "texture": "#0"},
				"up": {"uv": [2.5, 7.25, 2, 6.25], "texture": "#0"},
				"down": {"uv": [3, 6.25, 2.5, 7.25], "texture": "#0"}
			}
		},
		{
			"name": "head",
			"from": [7, 5, 3],
			"to": [8, 7, 4],
			"rotation": {"angle": 0, "axis": "y", "origin": [-8, 2, -8]},
			"faces": {
				"north": {"uv": [0.5, 7.25, 0.75, 7.75], "texture": "#0"},
				"east": {"uv": [0.75, 7.25, 1, 7.75], "texture": "#0"},
				"south": {"uv": [1, 7.25, 1.25, 7.75], "texture": "#0"},
				"west": {"uv": [1.25, 7.25, 1.5, 7.75], "texture": "#0"},
				"up": {"uv": [8, 5.75, 7.75, 5.5], "texture": "#0"},
				"down": {"uv": [8, 6.75, 7.75, 7], "texture": "#0"}
			}
		},
		{
			"name": "head",
			"from": [7, 6, 4],
			"to": [9, 8, 5],
			"rotation": {"angle": 0, "axis": "y", "origin": [-8, 2, -8]},
			"faces": {
				"north": {"uv": [0.5, 6.75, 1, 7.25], "texture": "#0"},
				"east": {"uv": [7, 7.5, 7.25, 8], "texture": "#0"},
				"south": {"uv": [5, 6.75, 5.5, 7.25], "texture": "#0"},
				"west": {"uv": [7.25, 7.5, 7.5, 8], "texture": "#0"},
				"up": {"uv": [8, 6.75, 7.5, 6.5], "texture": "#0"},
				"down": {"uv": [8, 7.5, 7.5, 7.75], "texture": "#0"}
			}
		},
		{
			"name": "head",
			"from": [10, 4, 7],
			"to": [11, 5, 9],
			"rotation": {"angle": 0, "axis": "y", "origin": [-8, 2, -8]},
			"faces": {
				"north": {"uv": [8, 1.25, 8.25, 1.5], "texture": "#0"},
				"east": {"uv": [7.75, 0, 8.25, 0.25], "texture": "#0"},
				"south": {"uv": [1.5, 8, 1.75, 8.25], "texture": "#0"},
				"west": {"uv": [7.75, 0.25, 8.25, 0.5], "texture": "#0"},
				"up": {"uv": [0.75, 8.25, 0.5, 7.75], "texture": "#0"},
				"down": {"uv": [8, 0.5, 7.75, 1], "texture": "#0"}
			}
		},
		{
			"name": "head",
			"from": [9, 6, 5],
			"to": [10, 7, 9],
			"rotation": {"angle": 0, "axis": "y", "origin": [-8, 2, -8]},
			"faces": {
				"north": {"uv": [8, 1.5, 8.25, 1.75], "texture": "#0"},
				"east": {"uv": [7, 3, 8, 3.25], "texture": "#0"},
				"south": {"uv": [8, 1.75, 8.25, 2], "texture": "#0"},
				"west": {"uv": [4, 7, 5, 7.25], "texture": "#0"},
				"up": {"uv": [7.25, 5.75, 7, 4.75], "texture": "#0"},
				"down": {"uv": [6.25, 7, 6, 8], "texture": "#0"}
			}
		},
		{
			"name": "head",
			"from": [9, 7, 6],
			"to": [10, 8, 8],
			"rotation": {"angle": 0, "axis": "y", "origin": [-8, 2, -8]},
			"faces": {
				"north": {"uv": [2, 8, 2.25, 8.25], "texture": "#0"},
				"east": {"uv": [0.75, 7.75, 1.25, 8], "texture": "#0"},
				"south": {"uv": [8, 2, 8.25, 2.25], "texture": "#0"},
				"west": {"uv": [1.25, 7.75, 1.75, 8], "texture": "#0"},
				"up": {"uv": [2, 8.25, 1.75, 7.75], "texture": "#0"},
				"down": {"uv": [2.75, 7.75, 2.5, 8.25], "texture": "#0"}
			}
		},
		{
			"name": "head",
			"from": [6, 7, 6],
			"to": [7, 8, 8],
			"rotation": {"angle": 0, "axis": "y", "origin": [-8, 2, -8]},
			"faces": {
				"north": {"uv": [2.25, 8, 2.5, 8.25], "texture": "#0"},
				"east": {"uv": [3.5, 7.75, 4, 8], "texture": "#0"},
				"south": {"uv": [8, 2.25, 8.25, 2.5], "texture": "#0"},
				"west": {"uv": [4, 7.75, 4.5, 8], "texture": "#0"},
				"up": {"uv": [3, 8.25, 2.75, 7.75], "texture": "#0"},
				"down": {"uv": [4.75, 7.75, 4.5, 8.25], "texture": "#0"}
			}
		},
		{
			"name": "head",
			"from": [6, 6, 5],
			"to": [7, 7, 9],
			"rotation": {"angle": 0, "axis": "y", "origin": [-8, 2, -8]},
			"faces": {
				"north": {"uv": [8, 2.5, 8.25, 2.75], "texture": "#0"},
				"east": {"uv": [7, 5.75, 8, 6], "texture": "#0"},
				"south": {"uv": [8, 2.75, 8.25, 3], "texture": "#0"},
				"west": {"uv": [7, 6, 8, 6.25], "texture": "#0"},
				"up": {"uv": [6.5, 8, 6.25, 7], "texture": "#0"},
				"down": {"uv": [6.75, 7, 6.5, 8], "texture": "#0"}
			}
		},
		{
			"name": "head",
			"from": [7, 4, 10],
			"to": [9, 5, 11],
			"rotation": {"angle": 0, "axis": "y", "origin": [-8, 2, -8]},
			"faces": {
				"north": {"uv": [4.75, 7.75, 5.25, 8], "texture": "#0"},
				"east": {"uv": [8, 3, 8.25, 3.25], "texture": "#0"},
				"south": {"uv": [7.75, 4.75, 8.25, 5], "texture": "#0"},
				"west": {"uv": [8, 3.25, 8.25, 3.5], "texture": "#0"},
				"up": {"uv": [8.25, 5.25, 7.75, 5], "texture": "#0"},
				"down": {"uv": [8.25, 5.25, 7.75, 5.5], "texture": "#0"}
			}
		},
		{
			"name": "head",
			"from": [11, 2, 5],
			"to": [12, 3, 11],
			"rotation": {"angle": 0, "axis": "y", "origin": [-8, 2, -8]},
			"faces": {
				"north": {"uv": [3.5, 8, 3.75, 8.25], "texture": "#0"},
				"east": {"uv": [6.5, 3.25, 8, 3.5], "texture": "#0"},
				"south": {"uv": [8, 3.5, 8.25, 3.75], "texture": "#0"},
				"west": {"uv": [4, 6.5, 5.5, 6.75], "texture": "#0"},
				"up": {"uv": [5.75, 8, 5.5, 6.5], "texture": "#0"},
				"down": {"uv": [6, 6.5, 5.75, 8], "texture": "#0"}
			}
		},
		{
			"name": "head",
			"from": [4, 2, 5],
			"to": [5, 3, 11],
			"rotation": {"angle": 0, "axis": "y", "origin": [-8, 2, -8]},
			"faces": {
				"north": {"uv": [3.75, 8, 4, 8.25], "texture": "#0"},
				"east": {"uv": [6, 6.5, 7.5, 6.75], "texture": "#0"},
				"south": {"uv": [8, 3.75, 8.25, 4], "texture": "#0"},
				"west": {"uv": [6.5, 6.25, 8, 6.5], "texture": "#0"},
				"up": {"uv": [0.25, 8.25, 0, 6.75], "texture": "#0"},
				"down": {"uv": [0.5, 6.75, 0.25, 8.25], "texture": "#0"}
			}
		},
		{
			"name": "head",
			"from": [3, -1, 4],
			"to": [4, 1, 12],
			"rotation": {"angle": 0, "axis": "y", "origin": [-8, 2, -8]},
			"faces": {
				"north": {"uv": [5.25, 7.75, 5.5, 8.25], "texture": "#0"},
				"east": {"uv": [3.5, 5.5, 5.5, 6], "texture": "#0"},
				"south": {"uv": [6.75, 7.75, 7, 8.25], "texture": "#0"},
				"west": {"uv": [5.5, 3.5, 7.5, 4], "texture": "#0"},
				"up": {"uv": [3.25, 8.25, 3, 6.25], "texture": "#0"},
				"down": {"uv": [3.5, 6.25, 3.25, 8.25], "texture": "#0"}
			}
		}
	],
	"display": {
		"thirdperson_righthand": {
			"translation": [0, 8, 0]
		},
		"thirdperson_lefthand": {
			"translation": [0, 8, 0]
		},
		"firstperson_righthand": {
			"translation": [0, 7.25, 0]
		},
		"firstperson_lefthand": {
			"translation": [0, 7.25, 0]
		},
		"ground": {
			"translation": [0, 10.25, 0],
			"scale": [1.75, 1.75, 1.75]
		},
		"gui": {
			"rotation": [15, 45, 0],
			"translation": [0, 3.75, 0],
			"scale": [1.15, 1.15, 1.15]
		},
		"head": {
			"rotation": [0, -180, 0],
			"translation": [0, 19, 0],
			"scale": [1.7, 1.7, 1.7]
		},
		"fixed": {
			"translation": [0, 4.75, -2.75],
			"scale": [1.75, 1.75, 1.75]
		}
	},
	"groups": [
		{
			"name": "head",
			"origin": [0, 0, 0],
			"color": 0,
			"children": []
		},
		0,
		1,
		2,
		3,
		4,
		5,
		6,
		7,
		8,
		9,
		10,
		11,
		12,
		13,
		14,
		15,
		16,
		17,
		18,
		19,
		20,
		21,
		22,
		23,
		24,
		25,
		26,
		27,
		28,
		29,
		30
	]
}