{
	"credit": "Made with Blockbench",
	"texture_size": [64, 64],
	"textures": {
		"0_0": "item/hats/fat_cat",
		"particle": "item/hats/block/fat_cat"
	},
	"elements": [
		{
			"from": [3, 0, 3],
			"to": [14, 11, 14],
			"faces": {
				"north": {"uv": [0, 0, 2.75, 2.75], "texture": "#0_0"},
				"east": {"uv": [0, 2.75, 2.75, 5.5], "texture": "#0_0"},
				"south": {"uv": [2.75, 0, 5.5, 2.75], "texture": "#0_0"},
				"west": {"uv": [2.75, 2.75, 5.5, 5.5], "texture": "#0_0"},
				"up": {"uv": [2.75, 8.25, 0, 5.5], "texture": "#0_0"},
				"down": {"uv": [8.25, 0, 5.5, 2.75], "texture": "#0_0"}
			}
		},
		{
			"from": [3, 0, 1],
			"to": [5, 2, 3],
			"faces": {
				"north": {"uv": [5.25, 5.5, 5.75, 6], "texture": "#0_0"},
				"east": {"uv": [5.75, 5.25, 6.25, 5.75], "texture": "#0_0"},
				"south": {"uv": [5.75, 5.75, 6.25, 6.25], "texture": "#0_0"},
				"west": {"uv": [5.25, 6, 5.75, 6.5], "texture": "#0_0"},
				"up": {"uv": [6.75, 5.75, 6.25, 5.25], "texture": "#0_0"},
				"down": {"uv": [6.25, 6.25, 5.75, 6.75], "texture": "#0_0"}
			}
		},
		{
			"from": [3, 0, 14],
			"to": [5, 2, 16],
			"faces": {
				"north": {"uv": [6.25, 5.75, 6.75, 6.25], "texture": "#0_0"},
				"east": {"uv": [6.25, 6.25, 6.75, 6.75], "texture": "#0_0"},
				"south": {"uv": [5.25, 6.5, 5.75, 7], "texture": "#0_0"},
				"west": {"uv": [6.75, 5.25, 7.25, 5.75], "texture": "#0_0"},
				"up": {"uv": [6.25, 7.25, 5.75, 6.75], "texture": "#0_0"},
				"down": {"uv": [7.25, 5.75, 6.75, 6.25], "texture": "#0_0"}
			}
		},
		{
			"from": [12, 0, 14],
			"to": [14, 2, 16],
			"faces": {
				"north": {"uv": [6.25, 6.75, 6.75, 7.25], "texture": "#0_0"},
				"east": {"uv": [6.75, 6.25, 7.25, 6.75], "texture": "#0_0"},
				"south": {"uv": [6.75, 6.75, 7.25, 7.25], "texture": "#0_0"},
				"west": {"uv": [5.25, 7, 5.75, 7.5], "texture": "#0_0"},
				"up": {"uv": [7.75, 5.75, 7.25, 5.25], "texture": "#0_0"},
				"down": {"uv": [6.25, 7.25, 5.75, 7.75], "texture": "#0_0"}
			}
		},
		{
			"from": [12, 0, 1],
			"to": [14, 2, 3],
			"faces": {
				"north": {"uv": [7.25, 5.75, 7.75, 6.25], "texture": "#0_0"},
				"east": {"uv": [6.25, 7.25, 6.75, 7.75], "texture": "#0_0"},
				"south": {"uv": [7.25, 6.25, 7.75, 6.75], "texture": "#0_0"},
				"west": {"uv": [6.75, 7.25, 7.25, 7.75], "texture": "#0_0"},
				"up": {"uv": [7.75, 7.25, 7.25, 6.75], "texture": "#0_0"},
				"down": {"uv": [7.75, 7.25, 7.25, 7.75], "texture": "#0_0"}
			}
		},
		{
			"from": [4, 11, 5],
			"to": [6, 13, 7],
			"faces": {
				"north": {"uv": [5.25, 7.5, 5.75, 8], "texture": "#0_0"},
				"east": {"uv": [7.75, 5.25, 8.25, 5.75], "texture": "#0_0"},
				"south": {"uv": [5.75, 7.75, 6.25, 8.25], "texture": "#0_0"},
				"west": {"uv": [7.75, 5.75, 8.25, 6.25], "texture": "#0_0"},
				"up": {"uv": [6.75, 8.25, 6.25, 7.75], "texture": "#0_0"},
				"down": {"uv": [8.25, 6.25, 7.75, 6.75], "texture": "#0_0"}
			}
		},
		{
			"from": [11, 11, 5],
			"to": [13, 13, 7],
			"faces": {
				"north": {"uv": [6.75, 7.75, 7.25, 8.25], "texture": "#0_0"},
				"east": {"uv": [7.75, 6.75, 8.25, 7.25], "texture": "#0_0"},
				"south": {"uv": [7.25, 7.75, 7.75, 8.25], "texture": "#0_0"},
				"west": {"uv": [7.75, 7.25, 8.25, 7.75], "texture": "#0_0"},
				"up": {"uv": [8.25, 8.25, 7.75, 7.75], "texture": "#0_0"},
				"down": {"uv": [3.25, 8, 2.75, 8.5], "texture": "#0_0"}
			}
		},
		{
			"from": [3.5, 0, 14.25],
			"to": [13.5, 10, 14.25],
			"faces": {
				"north": {"uv": [8, 2.75, 5.5, 5.25], "texture": "#0_0"},
				"east": {"uv": [0, 0, 0, 2.5], "texture": "#0_0"},
				"south": {"uv": [5.5, 2.75, 8, 5.25], "texture": "#0_0"},
				"west": {"uv": [0, 0, 0, 2.5], "texture": "#0_0"},
				"up": {"uv": [2.5, 0, 0, 0], "texture": "#0_0"},
				"down": {"uv": [2.5, 0, 0, 0], "texture": "#0_0"}
			}
		}
	],
	"display": {
		"thirdperson_righthand": {
			"rotation": [75, 45, 0],
			"translation": [0, 2.5, 0],
			"scale": [0.375, 0.375, 0.375]
		},
		"thirdperson_lefthand": {
			"rotation": [75, 45, 0],
			"translation": [0, 2.5, 0],
			"scale": [0.375, 0.375, 0.375]
		},
		"firstperson_righthand": {
			"rotation": [120.84, 49.7, -125.06],
			"translation": [3.25, 3.6, 0.8],
			"scale": [0.68, 0.68, 0.68]
		},
		"firstperson_lefthand": {
			"rotation": [120.84, 49.7, -125.06],
			"translation": [3.25, 3.6, 0.8],
			"scale": [0.68, 0.68, 0.68]
		},
		"ground": {
			"translation": [0, 2, 0],
			"scale": [0.5, 0.5, 0.5]
		},
		"gui": {
			"rotation": [30, 225, 0],
			"translation": [0.25, 1, 0],
			"scale": [0.625, 0.625, 0.625]
		},
		"head": {
			"translation": [0, 13.75, -0.25]
		},
		"fixed": {
			"rotation": [-90, 0, 0],
			"translation": [0, 0, -15.25],
			"scale": [2, 2, 2]
		}
	},
	"groups": [
		{
			"name": "group",
			"origin": [0, 0, 0],
			"color": 0,
			"children": [0, 1, 2, 3, 4, 5, 6, 7]
		}
	]
}