{
	"credit": "Made with Blockbench",
	"texture_size": [64, 64],
	"textures": {
		"0": "item/hats/fish_hat",
		"particle": "item/hats/fish_hat"
	},
	"elements": [
		{
			"from": [3, 6, 3],
			"to": [13, 10, 13],
			"faces": {
				"north": {"uv": [2.75, 0, 5.25, 1], "texture": "#0"},
				"east": {"uv": [2.75, 1.25, 5.25, 2.25], "texture": "#0"},
				"south": {"uv": [2.75, 2.5, 5.25, 3.5], "texture": "#0"},
				"west": {"uv": [2.75, 3.75, 5.25, 4.75], "texture": "#0"},
				"up": {"uv": [2.5, 2.5, 0, 0], "texture": "#0"},
				"down": {"uv": [2.5, 2.75, 0, 5.25], "texture": "#0"}
			}
		},
		{
			"from": [10, 9, 2.5],
			"to": [12, 11, 4.5],
			"faces": {
				"north": {"uv": [5.5, 4.25, 6, 4.75], "texture": "#0"},
				"east": {"uv": [6.25, 5.5, 6.75, 6], "texture": "#0"},
				"south": {"uv": [6.25, 6.25, 6.75, 6.75], "texture": "#0"},
				"west": {"uv": [0, 6.5, 0.5, 7], "texture": "#0"},
				"up": {"uv": [1.25, 7, 0.75, 6.5], "texture": "#0"},
				"down": {"uv": [2, 6.5, 1.5, 7], "texture": "#0"}
			}
		},
		{
			"from": [5, 10.2, 6.5],
			"to": [11, 10.2, 11.5],
			"faces": {
				"north": {"uv": [7.75, 3.5, 9.25, 3.5], "texture": "#0"},
				"east": {"uv": [3.25, 7.75, 4.5, 7.75], "texture": "#0"},
				"south": {"uv": [7.75, 3.75, 9.25, 3.75], "texture": "#0"},
				"west": {"uv": [7.75, 4, 9, 4], "texture": "#0"},
				"up": {"uv": [4.25, 6.25, 2.75, 5], "texture": "#0"},
				"down": {"uv": [6, 5, 4.5, 6.25], "texture": "#0"}
			}
		},
		{
			"from": [4, 9, 2.5],
			"to": [6, 11, 4.5],
			"faces": {
				"north": {"uv": [2.25, 6.5, 2.75, 7], "texture": "#0"},
				"east": {"uv": [3, 6.5, 3.5, 7], "texture": "#0"},
				"south": {"uv": [3.75, 6.5, 4.25, 7], "texture": "#0"},
				"west": {"uv": [4.5, 6.5, 5, 7], "texture": "#0"},
				"up": {"uv": [5.75, 7, 5.25, 6.5], "texture": "#0"},
				"down": {"uv": [7.5, 3, 7, 3.5], "texture": "#0"}
			}
		},
		{
			"from": [8, 7, 13.1],
			"to": [8, 11, 18.1],
			"rotation": {"angle": -45, "axis": "x", "origin": [8, 8, 15]},
			"faces": {
				"north": {"uv": [5.75, 7.25, 5.75, 8.25], "texture": "#0"},
				"east": {"uv": [5.5, 3, 6.75, 4], "texture": "#0"},
				"south": {"uv": [2, 7.75, 2, 8.75], "texture": "#0"},
				"west": {"uv": [6.25, 4.25, 7.5, 5.25], "texture": "#0"},
				"up": {"uv": [7.75, 5.5, 7.75, 4.25], "texture": "#0"},
				"down": {"uv": [6, 7.75, 6, 9], "texture": "#0"}
			}
		},
		{
			"from": [8.5, 7, 2.75],
			"to": [9, 9, 4.75],
			"faces": {
				"north": {"uv": [2.25, 5.5, 2.5, 6], "texture": "#0"},
				"east": {"uv": [7, 5.5, 7.5, 6], "texture": "#0"},
				"south": {"uv": [0, 7.25, 0.25, 7.75], "texture": "#0"},
				"west": {"uv": [6, 7, 6.5, 7.5], "texture": "#0"},
				"up": {"uv": [0.75, 7.75, 0.5, 7.25], "texture": "#0"},
				"down": {"uv": [1.25, 7.25, 1, 7.75], "texture": "#0"}
			}
		},
		{
			"from": [7.5, 8.5, 2.75],
			"to": [8.5, 9, 4.75],
			"rotation": {"angle": 0, "axis": "y", "origin": [7, 8, 3.5]},
			"faces": {
				"north": {"uv": [7.75, 1.5, 8, 1.75], "texture": "#0"},
				"east": {"uv": [7, 3.75, 7.5, 4], "texture": "#0"},
				"south": {"uv": [7.75, 2, 8, 2.25], "texture": "#0"},
				"west": {"uv": [1.5, 7.25, 2, 7.5], "texture": "#0"},
				"up": {"uv": [2.5, 7.75, 2.25, 7.25], "texture": "#0"},
				"down": {"uv": [3, 7.25, 2.75, 7.75], "texture": "#0"}
			}
		},
		{
			"from": [7.5, 7, 2.75],
			"to": [8.5, 7.5, 4.75],
			"rotation": {"angle": 0, "axis": "y", "origin": [7, 8, 3.5]},
			"faces": {
				"north": {"uv": [7.75, 2.5, 8, 2.75], "texture": "#0"},
				"east": {"uv": [3.25, 7.25, 3.75, 7.5], "texture": "#0"},
				"south": {"uv": [7.75, 3, 8, 3.25], "texture": "#0"},
				"west": {"uv": [4, 7.25, 4.5, 7.5], "texture": "#0"},
				"up": {"uv": [5, 7.75, 4.75, 7.25], "texture": "#0"},
				"down": {"uv": [5.5, 7.25, 5.25, 7.75], "texture": "#0"}
			}
		},
		{
			"from": [7, 7, 2.75],
			"to": [7.5, 9, 4.75],
			"faces": {
				"north": {"uv": [7.5, 7, 7.75, 7.5], "texture": "#0"},
				"east": {"uv": [7, 6.25, 7.5, 6.75], "texture": "#0"},
				"south": {"uv": [7.75, 0, 8, 0.5], "texture": "#0"},
				"west": {"uv": [6.75, 7, 7.25, 7.5], "texture": "#0"},
				"up": {"uv": [8, 1.25, 7.75, 0.75], "texture": "#0"},
				"down": {"uv": [1.75, 7.75, 1.5, 8.25], "texture": "#0"}
			}
		},
		{
			"from": [2.95, 7, 4],
			"to": [2.95, 10, 12],
			"rotation": {"angle": -22.5, "axis": "y", "origin": [2.95, 8.5, 5]},
			"faces": {
				"north": {"uv": [7.75, 5.75, 7.75, 6.5], "texture": "#0"},
				"east": {"uv": [0, 5.5, 2, 6.25], "texture": "#0"},
				"south": {"uv": [6.25, 7.75, 6.25, 8.5], "texture": "#0"},
				"west": {"uv": [5.5, 0, 7.5, 0.75], "texture": "#0"},
				"up": {"uv": [6.5, 9.75, 6.5, 7.75], "texture": "#0"},
				"down": {"uv": [6.75, 7.75, 6.75, 9.75], "texture": "#0"}
			}
		},
		{
			"from": [13.05, 7, 4],
			"to": [13.05, 10, 12],
			"rotation": {"angle": 22.5, "axis": "y", "origin": [13.05, 8.5, 5]},
			"faces": {
				"north": {"uv": [7, 7.75, 7, 8.5], "texture": "#0"},
				"east": {"uv": [5.5, 1, 7.5, 1.75], "texture": "#0"},
				"south": {"uv": [7.25, 7.75, 7.25, 8.5], "texture": "#0"},
				"west": {"uv": [5.5, 2, 7.5, 2.75], "texture": "#0"},
				"up": {"uv": [7.5, 9.75, 7.5, 7.75], "texture": "#0"},
				"down": {"uv": [7.75, 7.75, 7.75, 9.75], "texture": "#0"}
			}
		}
	],
	"display": {
		"thirdperson_righthand": {
			"translation": [0, 0.25, 0],
			"scale": [0.5, 0.5, 0.5]
		},
		"thirdperson_lefthand": {
			"scale": [0.5, 0.5, 0.5]
		},
		"firstperson_righthand": {
			"scale": [0.5, 0.5, 0.5]
		},
		"firstperson_lefthand": {
			"scale": [0.5, 0.5, 0.5]
		},
		"gui": {
			"rotation": [18, 145, -5],
			"scale": [0.8, 0.8, 0.8]
		},
		"head": {
			"translation": [0, 4.5, 0],
			"scale": [1.7, 1.7, 1.7]
		},
		"fixed": {
			"rotation": [-90, 0, 0],
			"translation": [0, 0, -2]
		}
	}
}