{
	"credit": "Made with Blockbench",
	"texture_size": [32, 32],
	"textures": {
		"0": "item/hats/flower",
		"particle": "item/hats/flower"
	},
	"elements": [
		{
			"from": [12, 1, 8],
			"to": [16, 7, 10],
			"rotation": {"angle": 0, "axis": "y", "origin": [13, 0, 8]},
			"faces": {
				"north": {"uv": [0, 3, 2, 6], "texture": "#0"},
				"east": {"uv": [1, 7.5, 2, 10.5], "texture": "#0"},
				"south": {"uv": [2, 3, 4, 6], "texture": "#0"},
				"west": {"uv": [2, 7.5, 3, 10.5], "texture": "#0"},
				"up": {"uv": [11, 8.5, 9, 7.5], "texture": "#0"},
				"down": {"uv": [11, 8.5, 9, 9.5], "texture": "#0"}
			}
		},
		{
			"from": [0, 1, 8],
			"to": [4, 7, 10],
			"rotation": {"angle": 0, "axis": "z", "origin": [0, 0, 8]},
			"faces": {
				"north": {"uv": [0, 0, 2, 3], "texture": "#0"},
				"east": {"uv": [7, 1.5, 8, 4.5], "texture": "#0"},
				"south": {"uv": [2, 0, 4, 3], "texture": "#0"},
				"west": {"uv": [0, 7.5, 1, 10.5], "texture": "#0"},
				"up": {"uv": [11, 6.5, 9, 5.5], "texture": "#0"},
				"down": {"uv": [11, 6.5, 9, 7.5], "texture": "#0"}
			}
		},
		{
			"from": [3, 6.7, 8],
			"to": [9, 10.7, 10],
			"rotation": {"angle": 22.5, "axis": "z", "origin": [3, 5, 8]},
			"faces": {
				"north": {"uv": [4, 0, 7, 1.5], "texture": "#0"},
				"east": {"uv": [2, 10.5, 3, 12], "texture": "#0"},
				"south": {"uv": [4, 1.5, 7, 3], "texture": "#0"},
				"west": {"uv": [11, 2, 12, 3.5], "texture": "#0"},
				"up": {"uv": [10, 5.5, 7, 4.5], "texture": "#0"},
				"down": {"uv": [6, 7.5, 3, 8.5], "texture": "#0"}
			}
		},
		{
			"from": [7, 9, 8],
			"to": [13, 13, 10],
			"rotation": {"angle": -22.5, "axis": "z", "origin": [7, 7, 8]},
			"faces": {
				"north": {"uv": [4, 3, 7, 4.5], "texture": "#0"},
				"east": {"uv": [11, 5.5, 12, 7], "texture": "#0"},
				"south": {"uv": [4, 4.5, 7, 6], "texture": "#0"},
				"west": {"uv": [11, 7, 12, 8.5], "texture": "#0"},
				"up": {"uv": [9, 8.5, 6, 7.5], "texture": "#0"},
				"down": {"uv": [11, 1.5, 8, 2.5], "texture": "#0"}
			}
		},
		{
			"from": [9, -3.8, 8],
			"to": [15, -0.3, 10],
			"rotation": {"angle": 22.5, "axis": "z", "origin": [9, -4, 8]},
			"faces": {
				"north": {"uv": [0, 6, 3, 7.5], "texture": "#0"},
				"east": {"uv": [11, 8.5, 12, 10], "texture": "#0"},
				"south": {"uv": [3, 6, 6, 7.5], "texture": "#0"},
				"west": {"uv": [11, 10, 12, 11.5], "texture": "#0"},
				"up": {"uv": [11, 3.5, 8, 2.5], "texture": "#0"},
				"down": {"uv": [11, 3.5, 8, 4.5], "texture": "#0"}
			}
		},
		{
			"from": [1, -1.5, 8],
			"to": [7, 2, 10],
			"rotation": {"angle": -22.5, "axis": "z", "origin": [1, -2, 8]},
			"faces": {
				"north": {"uv": [6, 6, 9, 7.5], "texture": "#0"},
				"east": {"uv": [0, 11.5, 1, 13], "texture": "#0"},
				"south": {"uv": [7, 0, 10, 1.5], "texture": "#0"},
				"west": {"uv": [1, 11.5, 2, 13], "texture": "#0"},
				"up": {"uv": [6, 9.5, 3, 8.5], "texture": "#0"},
				"down": {"uv": [9, 8.5, 6, 9.5], "texture": "#0"}
			}
		},
		{
			"from": [-1, 2, 8],
			"to": [0, 6, 10],
			"rotation": {"angle": 0, "axis": "y", "origin": [-1, 2, 8]},
			"faces": {
				"north": {"uv": [3, 11.5, 3.5, 13.5], "texture": "#0"},
				"east": {"uv": [3, 9.5, 4, 11.5], "texture": "#0"},
				"south": {"uv": [3.5, 11.5, 4, 13.5], "texture": "#0"},
				"west": {"uv": [4, 9.5, 5, 11.5], "texture": "#0"},
				"up": {"uv": [2.5, 13, 2, 12], "texture": "#0"},
				"down": {"uv": [12.5, 2, 12, 3], "texture": "#0"}
			}
		},
		{
			"from": [16, 2, 8],
			"to": [17, 6, 10],
			"rotation": {"angle": 0, "axis": "y", "origin": [16, 2, 8]},
			"faces": {
				"north": {"uv": [4, 11.5, 4.5, 13.5], "texture": "#0"},
				"east": {"uv": [5, 9.5, 6, 11.5], "texture": "#0"},
				"south": {"uv": [4.5, 11.5, 5, 13.5], "texture": "#0"},
				"west": {"uv": [6, 9.5, 7, 11.5], "texture": "#0"},
				"up": {"uv": [3, 13, 2.5, 12], "texture": "#0"},
				"down": {"uv": [12.5, 4.5, 12, 5.5], "texture": "#0"}
			}
		},
		{
			"from": [9.8, 12, 8],
			"to": [13.8, 13, 10],
			"rotation": {"angle": -22.5, "axis": "z", "origin": [10, 11, 8]},
			"faces": {
				"north": {"uv": [7, 5.5, 9, 6], "texture": "#0"},
				"east": {"uv": [10, 1, 11, 1.5], "texture": "#0"},
				"south": {"uv": [11, 3.5, 13, 4], "texture": "#0"},
				"west": {"uv": [12, 0.5, 13, 1], "texture": "#0"},
				"up": {"uv": [9, 10.5, 7, 9.5], "texture": "#0"},
				"down": {"uv": [11, 9.5, 9, 10.5], "texture": "#0"}
			}
		},
		{
			"from": [2, -2.5, 8],
			"to": [6, -1.5, 10],
			"rotation": {"angle": -22.5, "axis": "z", "origin": [1, -2, 8]},
			"faces": {
				"north": {"uv": [11, 4, 13, 4.5], "texture": "#0"},
				"east": {"uv": [12, 3, 13, 3.5], "texture": "#0"},
				"south": {"uv": [5, 11.5, 7, 12], "texture": "#0"},
				"west": {"uv": [5, 12, 6, 12.5], "texture": "#0"},
				"up": {"uv": [12, 1, 10, 0], "texture": "#0"},
				"down": {"uv": [12, 4.5, 10, 5.5], "texture": "#0"}
			}
		},
		{
			"from": [2.1, 11, 8],
			"to": [6.1, 12, 10],
			"rotation": {"angle": 22.5, "axis": "z", "origin": [3, 10, 8]},
			"faces": {
				"north": {"uv": [7, 11.5, 9, 12], "texture": "#0"},
				"east": {"uv": [12, 5.5, 13, 6], "texture": "#0"},
				"south": {"uv": [9, 11.5, 11, 12], "texture": "#0"},
				"west": {"uv": [6, 12, 7, 12.5], "texture": "#0"},
				"up": {"uv": [2, 11.5, 0, 10.5], "texture": "#0"},
				"down": {"uv": [9, 10.5, 7, 11.5], "texture": "#0"}
			}
		},
		{
			"from": [9.8, -3.5, 8],
			"to": [13.8, -2.5, 10],
			"rotation": {"angle": 22.5, "axis": "z", "origin": [12, -3, 8]},
			"faces": {
				"north": {"uv": [11, 11.5, 13, 12], "texture": "#0"},
				"east": {"uv": [12, 6, 13, 6.5], "texture": "#0"},
				"south": {"uv": [12, 0, 14, 0.5], "texture": "#0"},
				"west": {"uv": [12, 6.5, 13, 7], "texture": "#0"},
				"up": {"uv": [11, 11.5, 9, 10.5], "texture": "#0"},
				"down": {"uv": [13, 1, 11, 2], "texture": "#0"}
			}
		}
	],
	"display": {
		"thirdperson_righthand": {
			"translation": [0, 4.75, 0.75],
			"scale": [0.45, 0.45, 0.45]
		},
		"thirdperson_lefthand": {
			"translation": [0, 4.75, 0.75],
			"scale": [0.45, 0.45, 0.45]
		},
		"head": {
			"rotation": [12, 0, 0],
			"translation": [0, 4.75, -3],
			"scale": [1.25, 1.25, 1]
		}
	},
	"groups": [
		{
			"name": "group",
			"origin": [8, 8, 8],
			"color": 0,
			"children": [0, 1, 2, 3, 4, 5, 6, 7, 8, 9, 10, 11]
		}
	]
}