{
	"credit": "Made with Blockbench",
	"texture_size": [64, 64],
	"textures": {
		"0": "item/hats/freddy",
		"particle": "item/hats/freddy"
	},
	"elements": [
		{
			"from": [4, 3.3, 4],
			"to": [12, 11.3, 12],
			"faces": {
				"north": {"uv": [0, 7.5, 2, 9.5], "texture": "#0"},
				"east": {"uv": [2, 7.5, 4, 9.5], "texture": "#0"},
				"south": {"uv": [4, 7.5, 6, 9.5], "texture": "#0"},
				"west": {"uv": [6, 7.5, 8, 9.5], "texture": "#0"},
				"up": {"uv": [10, 6.5, 8, 4.5], "texture": "#0"},
				"down": {"uv": [10, 6.5, 8, 8.5], "texture": "#0"}
			}
		},
		{
			"from": [3.5, 2.375, 4.5],
			"to": [12.5, 12.3, 14.725],
			"faces": {
				"north": {"uv": [2.5, 0, 4.75, 2.5], "texture": "#0"},
				"east": {"uv": [2.5, 2.5, 0, 5], "texture": "#0"},
				"south": {"uv": [2.5, 2.5, 4.75, 5], "texture": "#0"},
				"west": {"uv": [0, 2.5, 2.5, 5], "texture": "#0"},
				"up": {"uv": [7, 2.5, 4.75, 0], "texture": "#0"},
				"down": {"uv": [7, 2.5, 4.75, 5], "texture": "#0"}
			}
		},
		{
			"from": [4, 2.875, 14.75],
			"to": [12, 11.8, 15.15],
			"faces": {
				"north": {"uv": [7, 0, 9, 2.25], "texture": "#0"},
				"east": {"uv": [1.75, 11.75, 1.875, 14], "texture": "#0"},
				"south": {"uv": [7, 2.25, 9, 4.5], "texture": "#0"},
				"west": {"uv": [2, 11.75, 2.125, 14], "texture": "#0"},
				"up": {"uv": [13.75, 1.375, 11.75, 1.25], "texture": "#0"},
				"down": {"uv": [13.75, 1.5, 11.75, 1.625], "texture": "#0"}
			}
		},
		{
			"from": [4.25, 12.3, 4],
			"to": [11.75, 12.8, 14.175],
			"faces": {
				"north": {"uv": [11.75, 1.75, 13.625, 1.875], "texture": "#0"},
				"east": {"uv": [10.5, 3.75, 13, 3.875], "texture": "#0"},
				"south": {"uv": [11.75, 2, 13.625, 2.125], "texture": "#0"},
				"west": {"uv": [11.25, 8.25, 13.75, 8.375], "texture": "#0"},
				"up": {"uv": [5.875, 7.5, 4, 5], "texture": "#0"},
				"down": {"uv": [7.875, 5, 6, 7.5], "texture": "#0"}
			}
		},
		{
			"from": [5.25, 12.8, 6.5],
			"to": [10.75, 13.525, 11.925],
			"rotation": {"angle": 0, "axis": "y", "origin": [0, 0, 1]},
			"faces": {
				"north": {"uv": [11.75, 2.25, 13.125, 2.375], "texture": "#0"},
				"east": {"uv": [11.75, 6, 13.125, 6.125], "texture": "#0"},
				"south": {"uv": [12, 11.5, 13.375, 11.625], "texture": "#0"},
				"west": {"uv": [4.25, 12.25, 5.625, 12.375], "texture": "#0"},
				"up": {"uv": [10.375, 2.375, 9, 1], "texture": "#0"},
				"down": {"uv": [10.375, 2.5, 9, 3.875], "texture": "#0"}
			}
		},
		{
			"from": [6, 13.525, 7.25],
			"to": [10, 17.25, 11.175],
			"rotation": {"angle": 0, "axis": "y", "origin": [0, 0, 1]},
			"faces": {
				"north": {"uv": [10.25, 7.75, 11.25, 8.625], "texture": "#0"},
				"east": {"uv": [9.5, 10.25, 10.5, 11.125], "texture": "#0"},
				"south": {"uv": [10.5, 1, 11.5, 1.875], "texture": "#0"},
				"west": {"uv": [10.5, 2, 11.5, 2.875], "texture": "#0"},
				"up": {"uv": [11, 5.75, 10, 4.75], "texture": "#0"},
				"down": {"uv": [11, 5.75, 10, 6.75], "texture": "#0"}
			}
		},
		{
			"from": [3.5, 2.375, 3.5],
			"to": [12.5, 6.6, 4.525],
			"faces": {
				"north": {"uv": [8, 8.5, 10.25, 9.5], "texture": "#0"},
				"east": {"uv": [2.25, 11.75, 2.5, 12.75], "texture": "#0"},
				"south": {"uv": [9, 0, 11.25, 1], "texture": "#0"},
				"west": {"uv": [2.5, 11.75, 2.75, 12.75], "texture": "#0"},
				"up": {"uv": [12.5, 9.5, 10.25, 9.25], "texture": "#0"},
				"down": {"uv": [12.75, 3.5, 10.5, 3.75], "texture": "#0"}
			}
		},
		{
			"from": [10.975, 6.6, 3.5],
			"to": [12.5, 12.3, 4.5],
			"faces": {
				"north": {"uv": [9, 10.5, 9.375, 11.875], "texture": "#0"},
				"east": {"uv": [11.75, 1, 11.5, 2.375], "texture": "#0"},
				"south": {"uv": [3.75, 10.75, 4.125, 12.125], "texture": "#0"},
				"west": {"uv": [11, 11.25, 11.25, 12.625], "texture": "#0"},
				"up": {"uv": [12.875, 1, 12.5, 0.75], "texture": "#0"},
				"down": {"uv": [12.875, 3, 12.5, 3.25], "texture": "#0"}
			}
		},
		{
			"from": [8.7, 8.6, 3.5],
			"to": [10.975, 12.3, 4.5],
			"faces": {
				"north": {"uv": [6, 10.5, 6.625, 11.375], "texture": "#0"},
				"east": {"uv": [12, 9.5, 12.25, 10.375], "texture": "#0"},
				"south": {"uv": [6.75, 10.5, 7.375, 11.375], "texture": "#0"},
				"west": {"uv": [9.75, 12, 10, 12.875], "texture": "#0"},
				"up": {"uv": [12.875, 6.5, 12.25, 6.25], "texture": "#0"},
				"down": {"uv": [12.875, 6.5, 12.25, 6.75], "texture": "#0"}
			}
		},
		{
			"from": [5.025, 8.6, 3.5],
			"to": [7.3, 12.3, 4.5],
			"rotation": {"angle": 0, "axis": "y", "origin": [16, 0, 0]},
			"faces": {
				"north": {"uv": [7.5, 10.5, 8.125, 11.375], "texture": "#0"},
				"east": {"uv": [10, 12, 10.25, 12.875], "texture": "#0"},
				"south": {"uv": [8.25, 10.5, 8.875, 11.375], "texture": "#0"},
				"west": {"uv": [10.25, 12, 10.5, 12.875], "texture": "#0"},
				"up": {"uv": [12.875, 9, 12.25, 8.75], "texture": "#0"},
				"down": {"uv": [12.875, 9, 12.25, 9.25], "texture": "#0"}
			}
		},
		{
			"from": [4.95, 9.15, 3.425],
			"to": [7.375, 9.85, 3.5],
			"rotation": {"angle": 0, "axis": "z", "origin": [6.1625, 9.5, 3.4625]},
			"faces": {
				"north": {"uv": [12.5, 5.5, 13.125, 5.625], "texture": "#0"},
				"east": {"uv": [2.5, 12.75, 2.625, 12.875], "texture": "#0"},
				"south": {"uv": [12.5, 5.75, 13.125, 5.875], "texture": "#0"},
				"west": {"uv": [12.75, 3.5, 12.875, 3.625], "texture": "#0"},
				"up": {"uv": [6.875, 12.625, 6.25, 12.5], "texture": "#0"},
				"down": {"uv": [13.125, 6.75, 12.5, 6.875], "texture": "#0"}
			}
		},
		{
			"from": [8.625, 9.15, 3.425],
			"to": [11.05, 9.85, 3.5],
			"rotation": {"angle": 0, "axis": "z", "origin": [9.8375, 9.5, 3.4625]},
			"faces": {
				"north": {"uv": [7, 12.5, 7.625, 12.625], "texture": "#0"},
				"east": {"uv": [3.75, 12.75, 3.875, 12.875], "texture": "#0"},
				"south": {"uv": [12.5, 7, 13.125, 7.125], "texture": "#0"},
				"west": {"uv": [4, 12.75, 4.125, 12.875], "texture": "#0"},
				"up": {"uv": [13.125, 7.375, 12.5, 7.25], "texture": "#0"},
				"down": {"uv": [13.125, 7.5, 12.5, 7.625], "texture": "#0"}
			}
		},
		{
			"from": [3.5, 6.6, 3.5],
			"to": [5.025, 12.3, 4.5],
			"rotation": {"angle": 0, "axis": "y", "origin": [16, 0, 0]},
			"faces": {
				"north": {"uv": [4.25, 10.75, 4.625, 12.125], "texture": "#0"},
				"east": {"uv": [11.25, 11, 11.5, 12.375], "texture": "#0"},
				"south": {"uv": [4.75, 10.75, 5.125, 12.125], "texture": "#0"},
				"west": {"uv": [11.5, 1, 11.75, 2.375], "texture": "#0"},
				"up": {"uv": [12.875, 3.5, 12.5, 3.25], "texture": "#0"},
				"down": {"uv": [5.375, 12.5, 5, 12.75], "texture": "#0"}
			}
		},
		{
			"from": [7.3, 6.6, 3.5],
			"to": [8.7, 12.3, 4.5],
			"faces": {
				"north": {"uv": [5.25, 10.75, 5.625, 12.125], "texture": "#0"},
				"east": {"uv": [11.5, 4.75, 11.75, 6.125], "texture": "#0"},
				"south": {"uv": [11, 4.75, 11.375, 6.125], "texture": "#0"},
				"west": {"uv": [6, 11.5, 6.25, 12.875], "texture": "#0"},
				"up": {"uv": [12.875, 5.25, 12.5, 5], "texture": "#0"},
				"down": {"uv": [12.875, 5.25, 12.5, 5.5], "texture": "#0"}
			}
		},
		{
			"from": [2.85, 12.1, 8.5],
			"to": [5.35, 14.65, 9.925],
			"rotation": {"angle": 45, "axis": "z", "origin": [3.5, 11.3375, 9.2125]},
			"faces": {
				"north": {"uv": [9.5, 11.25, 10.125, 11.875], "texture": "#0"},
				"east": {"uv": [2.75, 11.75, 3.125, 12.375], "texture": "#0"},
				"south": {"uv": [11.25, 9.5, 11.875, 10.125], "texture": "#0"},
				"west": {"uv": [3.25, 11.75, 3.625, 12.375], "texture": "#0"},
				"up": {"uv": [9.625, 4.375, 9, 4], "texture": "#0"},
				"down": {"uv": [12.375, 4, 11.75, 4.375], "texture": "#0"}
			}
		},
		{
			"from": [3.35, 8.55, 8.9],
			"to": [4.85, 12.1, 9.525],
			"rotation": {"angle": 45, "axis": "z", "origin": [3.5, 11.3375, 9.2125]},
			"faces": {
				"north": {"uv": [6.25, 11.5, 6.625, 12.375], "texture": "#0"},
				"east": {"uv": [2.75, 12.5, 2.875, 13.375], "texture": "#0"},
				"south": {"uv": [6.75, 11.5, 7.125, 12.375], "texture": "#0"},
				"west": {"uv": [3, 12.5, 3.125, 13.375], "texture": "#0"},
				"up": {"uv": [12.875, 11.125, 12.5, 11], "texture": "#0"},
				"down": {"uv": [12.875, 11.25, 12.5, 11.375], "texture": "#0"}
			}
		},
		{
			"from": [3.05, 12.1, 8.425],
			"to": [5.15, 14.425, 8.5],
			"rotation": {"angle": 45, "axis": "z", "origin": [3.5, 11.3375, 9.2125]},
			"faces": {
				"north": {"uv": [8.25, 11.5, 8.75, 12.125], "texture": "#0"},
				"east": {"uv": [10, 7.75, 10.125, 8.375], "texture": "#0"},
				"south": {"uv": [11.5, 11, 12, 11.625], "texture": "#0"},
				"west": {"uv": [5.5, 12.5, 5.625, 13.125], "texture": "#0"},
				"up": {"uv": [13, 7.875, 12.5, 7.75], "texture": "#0"},
				"down": {"uv": [13, 8, 12.5, 8.125], "texture": "#0"}
			}
		},
		{
			"from": [3, 2.375, 3.5],
			"to": [3.5, 6.9, 8.925],
			"faces": {
				"north": {"uv": [11.5, 12.25, 11.625, 13.375], "texture": "#0"},
				"east": {"uv": [0, 9.5, 1.375, 10.625], "texture": "#0"},
				"south": {"uv": [11.75, 12.25, 11.875, 13.375], "texture": "#0"},
				"west": {"uv": [1.5, 9.5, 2.875, 10.625], "texture": "#0"},
				"up": {"uv": [12.375, 5.875, 12.25, 4.5], "texture": "#0"},
				"down": {"uv": [5.875, 12.25, 5.75, 13.625], "texture": "#0"}
			}
		},
		{
			"from": [3, 2.375, 8.9],
			"to": [3.5, 5.9, 11.325],
			"faces": {
				"north": {"uv": [3.25, 12.5, 3.375, 13.375], "texture": "#0"},
				"east": {"uv": [10.5, 10.25, 11.125, 11.125], "texture": "#0"},
				"south": {"uv": [3.5, 12.5, 3.625, 13.375], "texture": "#0"},
				"west": {"uv": [0, 10.75, 0.625, 11.625], "texture": "#0"},
				"up": {"uv": [7.875, 13.125, 7.75, 12.5], "texture": "#0"},
				"down": {"uv": [8.125, 12.5, 8, 13.125], "texture": "#0"}
			}
		},
		{
			"from": [12.5, 2.375, 3.5],
			"to": [13, 6.9, 8.925],
			"rotation": {"angle": 0, "axis": "y", "origin": [16, 0, 0]},
			"faces": {
				"north": {"uv": [12.25, 11.75, 12.375, 12.875], "texture": "#0"},
				"east": {"uv": [2.875, 9.5, 1.5, 10.625], "texture": "#0"},
				"south": {"uv": [12, 12.25, 12.125, 13.375], "texture": "#0"},
				"west": {"uv": [4.5, 9.5, 5.875, 10.625], "texture": "#0"},
				"up": {"uv": [8.375, 13.625, 8.25, 12.25], "texture": "#0"},
				"down": {"uv": [8.625, 12.25, 8.5, 13.625], "texture": "#0"}
			}
		},
		{
			"from": [12.5, 2.375, 8.9],
			"to": [13, 5.9, 11.325],
			"rotation": {"angle": 0, "axis": "y", "origin": [16, 0, 0]},
			"faces": {
				"north": {"uv": [12.5, 4, 12.625, 4.875], "texture": "#0"},
				"east": {"uv": [0.625, 10.75, 0, 11.625], "texture": "#0"},
				"south": {"uv": [4.25, 12.5, 4.375, 13.375], "texture": "#0"},
				"west": {"uv": [1.5, 10.75, 2.125, 11.625], "texture": "#0"},
				"up": {"uv": [9.125, 13.125, 9, 12.5], "texture": "#0"},
				"down": {"uv": [9.375, 12.5, 9.25, 13.125], "texture": "#0"}
			}
		},
		{
			"from": [11.15, 8.55, 8.9],
			"to": [12.65, 12.1, 9.525],
			"rotation": {"angle": -45, "axis": "z", "origin": [12.5, 11.3375, 9.2125]},
			"faces": {
				"north": {"uv": [7.25, 11.5, 7.625, 12.375], "texture": "#0"},
				"east": {"uv": [4.5, 12.5, 4.625, 13.375], "texture": "#0"},
				"south": {"uv": [7.75, 11.5, 8.125, 12.375], "texture": "#0"},
				"west": {"uv": [4.75, 12.5, 4.875, 13.375], "texture": "#0"},
				"up": {"uv": [12.875, 11.875, 12.5, 11.75], "texture": "#0"},
				"down": {"uv": [12.875, 12, 12.5, 12.125], "texture": "#0"}
			}
		},
		{
			"from": [10.85, 12.1, 8.425],
			"to": [12.95, 14.425, 8.5],
			"rotation": {"angle": -45, "axis": "z", "origin": [12.5, 11.3375, 9.2125]},
			"faces": {
				"north": {"uv": [0, 11.75, 0.5, 12.375], "texture": "#0"},
				"east": {"uv": [9.5, 12.5, 9.625, 13.125], "texture": "#0"},
				"south": {"uv": [0.5, 11.75, 1, 12.375], "texture": "#0"},
				"west": {"uv": [10.5, 12.5, 10.625, 13.125], "texture": "#0"},
				"up": {"uv": [13, 9.375, 12.5, 9.25], "texture": "#0"},
				"down": {"uv": [13, 10.5, 12.5, 10.625], "texture": "#0"}
			}
		},
		{
			"from": [10.65, 12.1, 8.5],
			"to": [13.15, 14.65, 9.925],
			"rotation": {"angle": -45, "axis": "z", "origin": [12.5, 11.3375, 9.2125]},
			"faces": {
				"north": {"uv": [10.125, 11.25, 9.5, 11.875], "texture": "#0"},
				"east": {"uv": [3.625, 11.75, 3.25, 12.375], "texture": "#0"},
				"south": {"uv": [11.875, 9.5, 11.25, 10.125], "texture": "#0"},
				"west": {"uv": [3.125, 11.75, 2.75, 12.375], "texture": "#0"},
				"up": {"uv": [9, 4.375, 9.625, 4], "texture": "#0"},
				"down": {"uv": [9.625, 12, 9, 12.375], "texture": "#0"}
			}
		},
		{
			"from": [4.5, 2.375, 1.15],
			"to": [11.5, 6, 3.525],
			"faces": {
				"north": {"uv": [6, 9.5, 7.75, 10.375], "texture": "#0"},
				"east": {"uv": [2.25, 10.75, 2.875, 11.625], "texture": "#0"},
				"south": {"uv": [7.75, 9.5, 9.5, 10.375], "texture": "#0"},
				"west": {"uv": [3, 10.75, 3.625, 11.625], "texture": "#0"},
				"up": {"uv": [11.25, 10.125, 9.5, 9.5], "texture": "#0"},
				"down": {"uv": [11.75, 4, 10, 4.625], "texture": "#0"}
			}
		},
		{
			"from": [10, 1.75, 1.7],
			"to": [11, 2.375, 2.575],
			"faces": {
				"north": {"uv": [11.25, 12.5, 11.5, 12.625], "texture": "#0"},
				"east": {"uv": [12.5, 12.25, 12.75, 12.375], "texture": "#0"},
				"south": {"uv": [12.5, 12.5, 12.75, 12.625], "texture": "#0"},
				"west": {"uv": [0, 12.75, 0.25, 12.875], "texture": "#0"},
				"up": {"uv": [10, 4.25, 9.75, 4], "texture": "#0"},
				"down": {"uv": [10, 4.25, 9.75, 4.5], "texture": "#0"}
			}
		},
		{
			"from": [5, 1.75, 1.7],
			"to": [6, 2.375, 2.575],
			"rotation": {"angle": 0, "axis": "y", "origin": [16, 0, 0]},
			"faces": {
				"north": {"uv": [0.25, 12.75, 0.5, 12.875], "texture": "#0"},
				"east": {"uv": [0.5, 12.75, 0.75, 12.875], "texture": "#0"},
				"south": {"uv": [0.75, 12.75, 1, 12.875], "texture": "#0"},
				"west": {"uv": [2.25, 12.75, 2.5, 12.875], "texture": "#0"},
				"up": {"uv": [11, 12.75, 10.75, 12.5], "texture": "#0"},
				"down": {"uv": [12.75, 10.75, 12.5, 11], "texture": "#0"}
			}
		},
		{
			"from": [7, 4.875, 0.65],
			"to": [9, 6.5, 2.525],
			"faces": {
				"north": {"uv": [10.5, 12, 11, 12.375], "texture": "#0"},
				"east": {"uv": [12, 10.5, 12.5, 10.875], "texture": "#0"},
				"south": {"uv": [12, 11, 12.5, 11.375], "texture": "#0"},
				"west": {"uv": [3.75, 12.25, 4.25, 12.625], "texture": "#0"},
				"up": {"uv": [7.5, 5, 7, 4.5], "texture": "#0"},
				"down": {"uv": [8, 4.5, 7.5, 5], "texture": "#0"}
			}
		},
		{
			"from": [4.025, 0, 3.5],
			"to": [11.975, 1.7, 13],
			"rotation": {"angle": -22.5, "axis": "x", "origin": [8, 1, 7]},
			"faces": {
				"north": {"uv": [10.25, 8.75, 12.25, 9.125], "texture": "#0"},
				"east": {"uv": [10, 6.75, 12.375, 7.125], "texture": "#0"},
				"south": {"uv": [10.5, 3, 12.5, 3.375], "texture": "#0"},
				"west": {"uv": [10, 7.25, 12.375, 7.625], "texture": "#0"},
				"up": {"uv": [2, 7.375, 0, 5], "texture": "#0"},
				"down": {"uv": [4, 5, 2, 7.375], "texture": "#0"}
			}
		},
		{
			"from": [5.55, 1.675, 3.5],
			"to": [6.125, 1.9, 13],
			"rotation": {"angle": -22.5, "axis": "x", "origin": [8, 1, 7]},
			"faces": {
				"north": {"uv": [12.75, 4, 12.875, 4.125], "texture": "#0"},
				"east": {"uv": [11.25, 8.5, 13.625, 8.625], "texture": "#0"},
				"south": {"uv": [12.75, 4.25, 12.875, 4.375], "texture": "#0"},
				"west": {"uv": [11.5, 2.5, 13.875, 2.625], "texture": "#0"},
				"up": {"uv": [8.875, 13.875, 8.75, 11.5], "texture": "#0"},
				"down": {"uv": [1.125, 11.75, 1, 14.125], "texture": "#0"}
			}
		},
		{
			"from": [6.125, 1.675, 3.5],
			"to": [9.875, 1.9, 4],
			"rotation": {"angle": -22.5, "axis": "x", "origin": [8, 1, 7]},
			"faces": {
				"north": {"uv": [0, 12.5, 1, 12.625], "texture": "#0"},
				"east": {"uv": [12.75, 4.5, 12.875, 4.625], "texture": "#0"},
				"south": {"uv": [12.5, 0, 13.5, 0.125], "texture": "#0"},
				"west": {"uv": [12.75, 4.75, 12.875, 4.875], "texture": "#0"},
				"up": {"uv": [13.5, 0.375, 12.5, 0.25], "texture": "#0"},
				"down": {"uv": [13.5, 0.5, 12.5, 0.625], "texture": "#0"}
			}
		},
		{
			"from": [5.55, 1.9, 3.5],
			"to": [6.125, 2.325, 4],
			"rotation": {"angle": -22.5, "axis": "x", "origin": [8, 1, 7]},
			"faces": {
				"north": {"uv": [5, 12.75, 5.125, 12.875], "texture": "#0"},
				"east": {"uv": [5.25, 12.75, 5.375, 12.875], "texture": "#0"},
				"south": {"uv": [6.25, 12.75, 6.375, 12.875], "texture": "#0"},
				"west": {"uv": [6.5, 12.75, 6.625, 12.875], "texture": "#0"},
				"up": {"uv": [6.875, 12.875, 6.75, 12.75], "texture": "#0"},
				"down": {"uv": [7.125, 12.75, 7, 12.875], "texture": "#0"}
			}
		},
		{
			"from": [9.875, 1.9, 3.5],
			"to": [10.45, 2.325, 4],
			"rotation": {"angle": -22.5, "axis": "x", "origin": [8, 1, 7]},
			"faces": {
				"north": {"uv": [7.25, 12.75, 7.375, 12.875], "texture": "#0"},
				"east": {"uv": [7.5, 12.75, 7.625, 12.875], "texture": "#0"},
				"south": {"uv": [12.75, 9.5, 12.875, 9.625], "texture": "#0"},
				"west": {"uv": [12.75, 9.75, 12.875, 9.875], "texture": "#0"},
				"up": {"uv": [12.875, 10.125, 12.75, 10], "texture": "#0"},
				"down": {"uv": [12.875, 10.25, 12.75, 10.375], "texture": "#0"}
			}
		},
		{
			"from": [9.875, 1.675, 3.5],
			"to": [10.45, 1.9, 13],
			"rotation": {"angle": -22.5, "axis": "x", "origin": [8, 1, 7]},
			"faces": {
				"north": {"uv": [10.75, 12.75, 10.875, 12.875], "texture": "#0"},
				"east": {"uv": [11.5, 2.75, 13.875, 2.875], "texture": "#0"},
				"south": {"uv": [12.75, 10.75, 12.875, 10.875], "texture": "#0"},
				"west": {"uv": [11.75, 1, 14.125, 1.125], "texture": "#0"},
				"up": {"uv": [1.375, 14.125, 1.25, 11.75], "texture": "#0"},
				"down": {"uv": [1.625, 11.75, 1.5, 14.125], "texture": "#0"}
			}
		},
		{
			"from": [5.5, 0, 2.2],
			"to": [10.5, 1.7, 3.5],
			"rotation": {"angle": -22.5, "axis": "x", "origin": [8, 1, 7]},
			"faces": {
				"north": {"uv": [11, 6.25, 12.25, 6.625], "texture": "#0"},
				"east": {"uv": [12.25, 9.5, 12.625, 9.875], "texture": "#0"},
				"south": {"uv": [11.25, 0, 12.5, 0.375], "texture": "#0"},
				"west": {"uv": [12.25, 10, 12.625, 10.375], "texture": "#0"},
				"up": {"uv": [12.5, 0.875, 11.25, 0.5], "texture": "#0"},
				"down": {"uv": [12.5, 7.75, 11.25, 8.125], "texture": "#0"}
			}
		}
	],
	"display": {
		"thirdperson_righthand": {
			"translation": [0, 0.25, 0],
			"scale": [0.5, 0.5, 0.5]
		},
		"thirdperson_lefthand": {
			"scale": [0.5, 0.5, 0.5]
		},
		"firstperson_righthand": {
			"scale": [0.5, 0.5, 0.5]
		},
		"firstperson_lefthand": {
			"scale": [0.5, 0.5, 0.5]
		},
		"gui": {
			"rotation": [18, 145, -5],
			"translation": [0, 0.25, 0],
			"scale": [0.6, 0.6, 0.6]
		},
		"head": {
			"translation": [0, 2.25, -4],
			"scale": [1.7, 1.7, 1.7]
		},
		"fixed": {
			"rotation": [-90, 0, 0],
			"translation": [0, 0, -2]
		}
	}
}