{
	"texture_size": [48, 48],
	"textures": {
		"1": "item/hats/frog"
	},
	"elements": [
		{
			"name": "head",
			"from": [4.5, 5, 4],
			"to": [11.5, 5, 13],
			"faces": {
				"north": {"uv": [10.66667, 7.33333, 13, 7.33333], "texture": "#1"},
				"east": {"uv": [7.66667, 7.33333, 10.66667, 7.33333], "texture": "#1"},
				"south": {"uv": [16, 7.33333, 18.33333, 7.33333], "texture": "#1"},
				"west": {"uv": [13, 7.33333, 16, 7.33333], "texture": "#1"},
				"up": {"uv": [13, 7.33333, 10.66667, 4.33333], "texture": "#1"},
				"down": {"uv": [15.33333, 4.33333, 13, 7.33333], "texture": "#1"}
			}
		},
		{
			"name": "head",
			"from": [4.5, 3, 4],
			"to": [11.5, 6, 13],
			"faces": {
				"north": {"uv": [3, 7.33333, 5.33333, 8.33333], "texture": "#1"},
				"east": {"uv": [0, 7.33333, 3, 8.33333], "texture": "#1"},
				"south": {"uv": [8.33333, 7.33333, 10.66667, 8.33333], "texture": "#1"},
				"west": {"uv": [5.33333, 7.33333, 8.33333, 8.33333], "texture": "#1"},
				"up": {"uv": [5.33333, 7.33333, 3, 4.33333], "texture": "#1"},
				"down": {"uv": [7.66667, 4.33333, 5.33333, 7.33333], "texture": "#1"}
			}
		},
		{
			"name": "eyes",
			"from": [8.5, 6, 5],
			"to": [11.5, 8, 8],
			"faces": {
				"north": {"uv": [1, 1, 2, 1.66667], "texture": "#1"},
				"east": {"uv": [0, 1, 1, 1.66667], "texture": "#1"},
				"south": {"uv": [3, 1, 4, 1.66667], "texture": "#1"},
				"west": {"uv": [2, 1, 3, 1.66667], "texture": "#1"},
				"up": {"uv": [2, 1, 1, 0], "texture": "#1"},
				"down": {"uv": [3, 0, 2, 1], "texture": "#1"}
			}
		},
		{
			"name": "eyes",
			"from": [4.5, 6, 5],
			"to": [7.5, 8, 8],
			"faces": {
				"north": {"uv": [1, 2.66667, 2, 3.33333], "texture": "#1"},
				"east": {"uv": [0, 2.66667, 1, 3.33333], "texture": "#1"},
				"south": {"uv": [3, 2.66667, 4, 3.33333], "texture": "#1"},
				"west": {"uv": [2, 2.66667, 3, 3.33333], "texture": "#1"},
				"up": {"uv": [2, 2.66667, 1, 1.66667], "texture": "#1"},
				"down": {"uv": [3, 1.66667, 2, 2.66667], "texture": "#1"}
			}
		},
		{
			"name": "tongue",
			"from": [6, 3.1, 5.9],
			"to": [10, 3.1, 12.9],
			"faces": {
				"north": {"uv": [8, 6.66667, 9.33333, 6.66667], "texture": "#1"},
				"east": {"uv": [5.66667, 6.66667, 8, 6.66667], "texture": "#1"},
				"south": {"uv": [11.66667, 6.66667, 13, 6.66667], "texture": "#1"},
				"west": {"uv": [9.33333, 6.66667, 11.66667, 6.66667], "texture": "#1"},
				"up": {"uv": [9.33333, 6.66667, 8, 4.33333], "texture": "#1"},
				"down": {"uv": [10.66667, 4.33333, 9.33333, 6.66667], "texture": "#1"}
			}
		},
		{
			"name": "body",
			"from": [4.5, 1, 4],
			"to": [11.5, 4, 13],
			"faces": {
				"north": {"uv": [4, 3.33333, 6.33333, 4.33333], "texture": "#1"},
				"east": {"uv": [1, 3.33333, 4, 4.33333], "texture": "#1"},
				"south": {"uv": [9.33333, 3.33333, 11.66667, 4.33333], "texture": "#1"},
				"west": {"uv": [6.33333, 3.33333, 9.33333, 4.33333], "texture": "#1"},
				"up": {"uv": [6.33333, 3.33333, 4, 0.33333], "texture": "#1"},
				"down": {"uv": [8.66667, 0.33333, 6.33333, 3.33333], "texture": "#1"}
			}
		},
		{
			"name": "body",
			"from": [4.5, 3, 4],
			"to": [11.5, 3, 13],
			"faces": {
				"north": {"uv": [10.66667, 10.33333, 13, 10.33333], "texture": "#1"},
				"east": {"uv": [7.66667, 10.33333, 10.66667, 10.33333], "texture": "#1"},
				"south": {"uv": [16, 10.33333, 18.33333, 10.33333], "texture": "#1"},
				"west": {"uv": [13, 10.33333, 16, 10.33333], "texture": "#1"},
				"up": {"uv": [13, 10.33333, 10.66667, 7.33333], "texture": "#1"},
				"down": {"uv": [15.33333, 7.33333, 13, 10.33333], "texture": "#1"}
			}
		},
		{
			"name": "croaking_body",
			"from": [4.6, 1.2, 4.2],
			"to": [11.4, 3, 7],
			"faces": {
				"north": {"uv": [9.66667, 2.66667, 12, 3.33333], "texture": "#1"},
				"east": {"uv": [8.66667, 2.66667, 9.66667, 3.33333], "texture": "#1"},
				"south": {"uv": [13, 2.66667, 15.33333, 3.33333], "texture": "#1"},
				"west": {"uv": [12, 2.66667, 13, 3.33333], "texture": "#1"},
				"up": {"uv": [12, 2.66667, 9.66667, 1.66667], "texture": "#1"},
				"down": {"uv": [14.33333, 1.66667, 12, 2.66667], "texture": "#1"}
			}
		},
		{
			"name": "left_arm",
			"from": [3, 0, 4.5],
			"to": [5, 3, 7.5],
			"rotation": {"angle": -22.5, "axis": "z", "origin": [4, 3, 6]},
			"faces": {
				"north": {"uv": [1, 11.66667, 1.66667, 12.66667], "texture": "#1"},
				"east": {"uv": [0, 11.66667, 1, 12.66667], "texture": "#1"},
				"south": {"uv": [2.66667, 11.66667, 3.33333, 12.66667], "texture": "#1"},
				"west": {"uv": [1.66667, 11.66667, 2.66667, 12.66667], "texture": "#1"},
				"up": {"uv": [1.66667, 11.66667, 1, 10.66667], "texture": "#1"},
				"down": {"uv": [2.33333, 10.66667, 1.66667, 11.66667], "texture": "#1"}
			}
		},
		{
			"name": "left_arm",
			"from": [-1.14805, 0.22836, 0.5],
			"to": [6.85195, 0.22836, 8.5],
			"rotation": {"angle": -22.5, "axis": "z", "origin": [2.85195, 0.22836, 4.5]},
			"faces": {
				"north": {"uv": [8.66667, 16, 11.33333, 16], "texture": "#1"},
				"east": {"uv": [6, 16, 8.66667, 16], "texture": "#1"},
				"south": {"uv": [14, 16, 16.66667, 16], "texture": "#1"},
				"west": {"uv": [11.33333, 16, 14, 16], "texture": "#1"},
				"up": {"uv": [11.33333, 16, 8.66667, 13.33333], "texture": "#1"},
				"down": {"uv": [14, 13.33333, 11.33333, 16], "texture": "#1"}
			}
		},
		{
			"name": "right_arm",
			"from": [11, 0, 4.5],
			"to": [13, 3, 7.5],
			"shade": false,
			"rotation": {"angle": 22.5, "axis": "z", "origin": [12, 3, 6]},
			"faces": {
				"north": {"uv": [1.66667, 11.66667, 1, 12.66667], "texture": "#1"},
				"east": {"uv": [2.66667, 11.66667, 1.66667, 12.66667], "texture": "#1"},
				"south": {"uv": [3.33333, 11.66667, 2.66667, 12.66667], "texture": "#1"},
				"west": {"uv": [1, 11.66667, 0, 12.66667], "texture": "#1"},
				"up": {"uv": [1, 11.66667, 1.66667, 10.66667], "texture": "#1"},
				"down": {"uv": [1.66667, 10.66667, 2.33333, 11.66667], "texture": "#1"}
			}
		},
		{
			"name": "right_arm",
			"from": [9.14805, 0.22836, 0.5],
			"to": [17.14805, 0.22836, 8.5],
			"shade": false,
			"rotation": {"angle": 22.5, "axis": "z", "origin": [13.14805, 0.22836, 4.5]},
			"faces": {
				"north": {"uv": [11.33333, 16, 8.66667, 16], "texture": "#1"},
				"east": {"uv": [14, 16, 11.33333, 16], "texture": "#1"},
				"south": {"uv": [16.66667, 16, 14, 16], "texture": "#1"},
				"west": {"uv": [8.66667, 16, 6, 16], "texture": "#1"},
				"up": {"uv": [8.66667, 16, 11.33333, 13.33333], "texture": "#1"},
				"down": {"uv": [11.33333, 13.33333, 14, 16], "texture": "#1"}
			}
		},
		{
			"name": "left_leg",
			"from": [2.5, 0, 10],
			"to": [5.5, 3, 14],
			"rotation": {"angle": 22.5, "axis": "x", "origin": [4, 3, 10]},
			"faces": {
				"north": {"uv": [6, 9.66667, 7, 10.66667], "texture": "#1"},
				"east": {"uv": [4.66667, 9.66667, 6, 10.66667], "texture": "#1"},
				"south": {"uv": [8.33333, 9.66667, 9.33333, 10.66667], "texture": "#1"},
				"west": {"uv": [7, 9.66667, 8.33333, 10.66667], "texture": "#1"},
				"up": {"uv": [7, 9.66667, 6, 8.33333], "texture": "#1"},
				"down": {"uv": [8, 8.33333, 7, 9.66667], "texture": "#1"}
			}
		},
		{
			"name": "left_leg",
			"from": [-1.5, -0.01, 8],
			"to": [6.5, -0.01, 16],
			"rotation": {"angle": 22.5, "axis": "x", "origin": [4, 3, 10]},
			"faces": {
				"north": {"uv": [3.33333, 13.33333, 6, 13.33333], "texture": "#1"},
				"east": {"uv": [0.66667, 13.33333, 3.33333, 13.33333], "texture": "#1"},
				"south": {"uv": [8.66667, 13.33333, 11.33333, 13.33333], "texture": "#1"},
				"west": {"uv": [6, 13.33333, 8.66667, 13.33333], "texture": "#1"},
				"up": {"uv": [6, 13.33333, 3.33333, 10.66667], "texture": "#1"},
				"down": {"uv": [8.66667, 10.66667, 6, 13.33333], "texture": "#1"}
			}
		},
		{
			"name": "right_leg",
			"from": [10.5, 0, 10],
			"to": [13.5, 3, 14],
			"rotation": {"angle": 22.5, "axis": "x", "origin": [12, 3, 10]},
			"faces": {
				"north": {"uv": [1.33333, 9.66667, 2.33333, 10.66667], "texture": "#1"},
				"east": {"uv": [0, 9.66667, 1.33333, 10.66667], "texture": "#1"},
				"south": {"uv": [3.66667, 9.66667, 4.66667, 10.66667], "texture": "#1"},
				"west": {"uv": [2.33333, 9.66667, 3.66667, 10.66667], "texture": "#1"},
				"up": {"uv": [2.33333, 9.66667, 1.33333, 8.33333], "texture": "#1"},
				"down": {"uv": [3.33333, 8.33333, 2.33333, 9.66667], "texture": "#1"}
			}
		},
		{
			"name": "right_leg",
			"from": [9.5, -0.01, 8],
			"to": [17.5, -0.01, 16],
			"rotation": {"angle": 22.5, "axis": "x", "origin": [12, 3, 10]},
			"faces": {
				"north": {"uv": [8.66667, 13.33333, 11.33333, 13.33333], "texture": "#1"},
				"east": {"uv": [6, 13.33333, 8.66667, 13.33333], "texture": "#1"},
				"south": {"uv": [14, 13.33333, 16.66667, 13.33333], "texture": "#1"},
				"west": {"uv": [11.33333, 13.33333, 14, 13.33333], "texture": "#1"},
				"up": {"uv": [11.33333, 13.33333, 8.66667, 10.66667], "texture": "#1"},
				"down": {"uv": [14, 10.66667, 11.33333, 13.33333], "texture": "#1"}
			}
		}
	],
	"display": {
		"thirdperson_righthand": {
			"rotation": [75, 45, 0],
			"translation": [0, 2.5, 0],
			"scale": [0.375, 0.375, 0.375]
		},
		"thirdperson_lefthand": {
			"rotation": [75, 45, 0],
			"translation": [0, 2.5, 0],
			"scale": [0.375, 0.375, 0.375]
		},
		"firstperson_righthand": {
			"rotation": [0, 0, 15],
			"translation": [1.13, 3.2, 1.13],
			"scale": [0.68, 0.68, 0.68]
		},
		"firstperson_lefthand": {
			"rotation": [0, 0, 15],
			"translation": [1.13, 3.2, 1.13],
			"scale": [0.68, 0.68, 0.68]
		},
		"ground": {
			"translation": [0, 3, 0],
			"scale": [0.9, 0.9, 0.9]
		},
		"gui": {
			"rotation": [30, 225, 0],
			"translation": [0.5, 3.5, 0],
			"scale": [0.9, 0.9, 0.9]
		},
		"head": {
			"translation": [0, 17.75, -0.5],
			"scale": [1.62, 1.62, 1.62]
		},
		"fixed": {
			"translation": [0, 4.5, -1],
			"scale": [1.3, 1.3, 1.3]
		}
	}
}