{
	"credit": "Made with Blockbench",
	"parent": "carved_pumpkin",
	"textures": {
		"0": "item/hats/goat_red",
		"particle": "item/hats/goat_red"
	},
	"elements": [
		{
			"from": [5, 6, 2],
			"to": [7, 10, 4],
			"rotation": {"angle": -45, "axis": "x", "origin": [6, 8, 4]},
			"faces": {
				"north": {"uv": [4, 4, 6, 8], "texture": "#0"},
				"east": {"uv": [5, 0, 7, 4], "texture": "#0"},
				"south": {"uv": [6, 4, 8, 8], "texture": "#0"},
				"west": {"uv": [7, 0, 9, 4], "texture": "#0"},
				"up": {"uv": [11, 2, 9, 0], "texture": "#0"},
				"down": {"uv": [4, 9, 2, 11], "texture": "#0"}
			}
		},
		{
			"from": [11, 5.23223, 4.26777],
			"to": [13, 7.23223, 6.26777],
			"rotation": {"angle": -45, "axis": "x", "origin": [10, 6.23223, 5.76777]},
			"faces": {
				"north": {"uv": [10, 10, 8, 12], "texture": "#0"},
				"east": {"uv": [13, 0, 11, 2], "texture": "#0"},
				"south": {"uv": [12, 10, 10, 12], "texture": "#0"},
				"west": {"uv": [12, 8, 10, 10], "texture": "#0"},
				"up": {"uv": [2, 13, 4, 11], "texture": "#0"},
				"down": {"uv": [11, 2, 13, 4], "texture": "#0"}
			}
		},
		{
			"from": [12.5, 5.73223, -0.73223],
			"to": [13.5, 6.73223, 1.26777],
			"rotation": {"angle": -45, "axis": "x", "origin": [10, 6.23223, 5.76777]},
			"faces": {
				"north": {"uv": [13, 12, 12, 13], "texture": "#0"},
				"east": {"uv": [14, 8, 12, 9], "texture": "#0"},
				"south": {"uv": [1, 13, 0, 14], "texture": "#0"},
				"west": {"uv": [10, 12, 8, 13], "texture": "#0"},
				"up": {"uv": [12, 11, 13, 9], "texture": "#0"},
				"down": {"uv": [10, 12, 11, 14], "texture": "#0"}
			}
		},
		{
			"from": [13, 5.23223, 1.26777],
			"to": [15, 7.23223, 5.26777],
			"rotation": {"angle": -45, "axis": "x", "origin": [10, 6.23223, 5.76777]},
			"faces": {
				"north": {"uv": [8, 10, 6, 12], "texture": "#0"},
				"east": {"uv": [12, 4, 8, 6], "texture": "#0"},
				"south": {"uv": [12, 6, 10, 8], "texture": "#0"},
				"west": {"uv": [8, 8, 4, 10], "texture": "#0"},
				"up": {"uv": [8, 10, 10, 6], "texture": "#0"},
				"down": {"uv": [0, 9, 2, 13], "texture": "#0"}
			}
		},
		{
			"from": [10.5, 10.26777, 8.26777],
			"to": [11.5, 11.26777, 11.26777],
			"rotation": {"angle": -45, "axis": "x", "origin": [10, 9.76777, 5.76777]},
			"faces": {
				"north": {"uv": [12, 12, 11, 13], "texture": "#0"},
				"east": {"uv": [15, 4, 12, 5], "texture": "#0"},
				"south": {"uv": [13, 11, 12, 12], "texture": "#0"},
				"west": {"uv": [7, 12, 4, 13], "texture": "#0"},
				"up": {"uv": [12, 8, 13, 5], "texture": "#0"},
				"down": {"uv": [7, 12, 8, 15], "texture": "#0"}
			}
		},
		{
			"from": [10, 9.76777, 3.26777],
			"to": [12, 11.76777, 8.26777],
			"rotation": {"angle": -45, "axis": "x", "origin": [10, 9.76777, 5.76777]},
			"faces": {
				"north": {"uv": [11, 2, 9, 4], "texture": "#0"},
				"east": {"uv": [5, 2, 0, 4], "texture": "#0"},
				"south": {"uv": [6, 10, 4, 12], "texture": "#0"},
				"west": {"uv": [5, 0, 0, 2], "texture": "#0"},
				"up": {"uv": [0, 9, 2, 4], "texture": "#0"},
				"down": {"uv": [2, 4, 4, 9], "texture": "#0"}
			}
		},
		{
			"from": [9, 6, 2],
			"to": [11, 10, 4],
			"rotation": {"angle": -45, "axis": "x", "origin": [10, 8, 4]},
			"faces": {
				"north": {"uv": [6, 4, 4, 8], "texture": "#0"},
				"east": {"uv": [9, 0, 7, 4], "texture": "#0"},
				"south": {"uv": [8, 4, 6, 8], "texture": "#0"},
				"west": {"uv": [7, 0, 5, 4], "texture": "#0"},
				"up": {"uv": [9, 2, 11, 0], "texture": "#0"},
				"down": {"uv": [2, 9, 4, 11], "texture": "#0"}
			}
		},
		{
			"from": [4, 9.76777, 3.26777],
			"to": [6, 11.76777, 8.26777],
			"rotation": {"angle": -45, "axis": "x", "origin": [6, 9.76777, 5.76777]},
			"faces": {
				"north": {"uv": [9, 2, 11, 4], "texture": "#0"},
				"east": {"uv": [0, 0, 5, 2], "texture": "#0"},
				"south": {"uv": [4, 10, 6, 12], "texture": "#0"},
				"west": {"uv": [0, 2, 5, 4], "texture": "#0"},
				"up": {"uv": [2, 9, 0, 4], "texture": "#0"},
				"down": {"uv": [4, 4, 2, 9], "texture": "#0"}
			}
		},
		{
			"from": [2.5, 5.73223, -0.73223],
			"to": [3.5, 6.73223, 1.26777],
			"rotation": {"angle": -45, "axis": "x", "origin": [6, 6.23223, 5.76777]},
			"faces": {
				"north": {"uv": [12, 12, 13, 13], "texture": "#0"},
				"east": {"uv": [8, 12, 10, 13], "texture": "#0"},
				"south": {"uv": [0, 13, 1, 14], "texture": "#0"},
				"west": {"uv": [12, 8, 14, 9], "texture": "#0"},
				"up": {"uv": [13, 11, 12, 9], "texture": "#0"},
				"down": {"uv": [11, 12, 10, 14], "texture": "#0"}
			}
		},
		{
			"from": [1, 5.23223, 1.26777],
			"to": [3, 7.23223, 5.26777],
			"rotation": {"angle": -45, "axis": "x", "origin": [6, 6.23223, 5.76777]},
			"faces": {
				"north": {"uv": [6, 10, 8, 12], "texture": "#0"},
				"east": {"uv": [4, 8, 8, 10], "texture": "#0"},
				"south": {"uv": [10, 6, 12, 8], "texture": "#0"},
				"west": {"uv": [8, 4, 12, 6], "texture": "#0"},
				"up": {"uv": [10, 10, 8, 6], "texture": "#0"},
				"down": {"uv": [2, 9, 0, 13], "texture": "#0"}
			}
		},
		{
			"from": [3, 5.23223, 4.26777],
			"to": [5, 7.23223, 6.26777],
			"rotation": {"angle": -45, "axis": "x", "origin": [6, 6.23223, 5.76777]},
			"faces": {
				"north": {"uv": [8, 10, 10, 12], "texture": "#0"},
				"east": {"uv": [10, 8, 12, 10], "texture": "#0"},
				"south": {"uv": [10, 10, 12, 12], "texture": "#0"},
				"west": {"uv": [11, 0, 13, 2], "texture": "#0"},
				"up": {"uv": [4, 13, 2, 11], "texture": "#0"},
				"down": {"uv": [13, 2, 11, 4], "texture": "#0"}
			}
		},
		{
			"from": [4.5, 10.26777, 8.26777],
			"to": [5.5, 11.26777, 11.26777],
			"rotation": {"angle": -45, "axis": "x", "origin": [6, 9.76777, 5.76777]},
			"faces": {
				"north": {"uv": [11, 12, 12, 13], "texture": "#0"},
				"east": {"uv": [4, 12, 7, 13], "texture": "#0"},
				"south": {"uv": [12, 11, 13, 12], "texture": "#0"},
				"west": {"uv": [12, 4, 15, 5], "texture": "#0"},
				"up": {"uv": [13, 8, 12, 5], "texture": "#0"},
				"down": {"uv": [8, 12, 7, 15], "texture": "#0"}
			}
		}
	],
	"display": {
		"thirdperson_righthand": {
			"rotation": [46.75, 0, 0],
			"translation": [0, 0, 3.25],
			"scale": [0.7793, 0.7793, 0.7793]
		},
		"thirdperson_lefthand": {
			"rotation": [46.75, 0, 0],
			"translation": [0, 0, 3.25],
			"scale": [0.7793, 0.7793, 0.7793]
		},
		"firstperson_righthand": {
			"rotation": [172.03, 32.08, -164.85],
			"translation": [1.25, 3.75, 0],
			"scale": [0.76, 0.75, 0.74]
		},
		"firstperson_lefthand": {
			"rotation": [172.03, 32.08, -164.85],
			"translation": [1.25, 3.75, 0],
			"scale": [0.76, 0.75, 0.74]
		},
		"ground": {
			"translation": [0, 1.75, 0],
			"scale": [0.81641, 0.81641, 0.81641]
		},
		"gui": {
			"rotation": [31, -180, 0],
			"translation": [0.25, 1.5, 0],
			"scale": [1, 1, 1]
		},
		"head": {
			"translation": [0, 7.5, 1],
			"scale": [1.7, 1.7, 1.7]
		},
		"fixed": {
			"rotation": [-19.75, 0, 0],
			"translation": [0, 0, 3.75],
			"scale": [2, 2, 2]
		}
	}
}