{
	"credit": "Made with Blockbench",
	"texture_size": [32, 32],
	"textures": {
		"0": "item/hats/texture",
		"particle": "item/hats/texture"
	},
	"elements": [
		{
			"from": [5, 6, 4],
			"to": [12, 9, 11],
			"faces": {
				"north": {"uv": [0, 0, 4, 2], "texture": "#0"},
				"east": {"uv": [4, 0, 8, 2], "texture": "#0"},
				"south": {"uv": [0, 4.5, 4, 6.5], "texture": "#0"},
				"west": {"uv": [4, 4.5, 8, 6.5], "texture": "#0"},
				"up": {"uv": [12, 4, 8, 0], "texture": "#0"},
				"down": {"uv": [12, 4, 8, 8], "texture": "#0"}
			}
		},
		{
			"from": [6, 9, 5],
			"to": [11, 13, 10],
			"faces": {
				"north": {"uv": [3, 9, 6, 11.5], "texture": "#0"},
				"east": {"uv": [6, 11, 9, 13.5], "texture": "#0"},
				"south": {"uv": [11, 8, 14, 10.5], "texture": "#0"},
				"west": {"uv": [9, 11, 12, 13.5], "texture": "#0"},
				"up": {"uv": [11, 11, 8, 8], "texture": "#0"},
				"down": {"uv": [3, 9, 0, 12], "texture": "#0"}
			}
		},
		{
			"from": [7, 13, 6],
			"to": [10, 16, 9],
			"faces": {
				"north": {"uv": [11.5, 2.5, 13.5, 4.5], "texture": "#0"},
				"east": {"uv": [12, 3, 14, 5], "texture": "#0"},
				"south": {"uv": [12, 4, 14, 5], "texture": "#0"},
				"west": {"uv": [12, 5, 14, 6], "texture": "#0"},
				"up": {"uv": [8, 11, 6, 9], "texture": "#0"},
				"down": {"uv": [5, 11.5, 3, 13.5], "texture": "#0"}
			}
		},
		{
			"from": [8.5, 15, 7],
			"to": [8.5, 19, 11],
			"faces": {
				"north": {"uv": [0, 0, 0, 2], "texture": "#0"},
				"east": {"uv": [0, 12, 2, 14], "texture": "#0"},
				"south": {"uv": [0, 0, 0, 2], "texture": "#0"},
				"west": {"uv": [12, 0, 14, 2], "texture": "#0"},
				"up": {"uv": [0, 2, 0, 0], "texture": "#0"},
				"down": {"uv": [0, 0, 0, 2], "texture": "#0"}
			}
		}
	],
	"gui_light": "front",
	"display": {
		"thirdperson_righthand": {
			"rotation": [75, 45, 0],
			"translation": [0, 2.5, 0],
			"scale": [0.375, 0.375, 0.375]
		},
		"thirdperson_lefthand": {
			"rotation": [75, 45, 0],
			"translation": [0, 2.5, 0],
			"scale": [0.375, 0.375, 0.375]
		},
		"firstperson_righthand": {
			"rotation": [0, 45, 0],
			"scale": [0.4, 0.4, 0.4]
		},
		"firstperson_lefthand": {
			"rotation": [0, 45, 0],
			"scale": [0.4, 0.4, 0.4]
		},
		"ground": {
			"translation": [0, 2, 0],
			"scale": [0.5, 0.5, 0.5]
		},
		"gui": {
			"rotation": [30, 225, 0],
			"translation": [0, -2, 0],
			"scale": [0.82813, 0.82813, 0.82813]
		},
		"head": {
			"translation": [0, 8, 0],
			"scale": [0.77539, 0.77539, 0.77539]
		},
		"fixed": {
			"rotation": [-90, 0, 0],
			"translation": [0, 0, -4],
			"scale": [2.00195, 2.00195, 2.00195]
		}
	},
	"groups": [
		{
			"name": "group",
			"origin": [0, 0, 0],
			"color": 0,
			"children": [0, 1, 2, 3]
		}
	]
}