{
	"parent": "minecraft:block/carved_pumpkin",
	"textures": {
		"0": "item/hats/guzzler_helmet",
		"particle": "item/hats/guzzler_helmet"
	},
	"elements": [
		{
			"from": [4, 6, 4],
			"to": [12, 9, 12],
			"faces": {
				"north": {"uv": [6, 0, 8, 0.75], "texture": "#0"},
				"east": {"uv": [6, 0.75, 8, 1.5], "texture": "#0"},
				"south": {"uv": [6, 1.5, 8, 2.25], "texture": "#0"},
				"west": {"uv": [2, 6, 4, 6.75], "texture": "#0"},
				"up": {"uv": [2, 2, 0, 0], "texture": "#0"},
				"down": {"uv": [2, 2, 0, 4], "texture": "#0"}
			}
		},
		{
			"from": [4, 5, 4],
			"to": [4, 6, 12],
			"faces": {
				"north": {"uv": [0, 0, 0, 0.25], "texture": "#0"},
				"east": {"uv": [7, 4.75, 9, 5], "texture": "#0"},
				"south": {"uv": [0, 0, 0, 0.25], "texture": "#0"},
				"west": {"uv": [7, 5, 9, 5.25], "texture": "#0"},
				"up": {"uv": [0, 2, 0, 0], "texture": "#0"},
				"down": {"uv": [0, 0, 0, 2], "texture": "#0"}
			}
		},
		{
			"from": [4, 0, 12],
			"to": [12, 5, 12],
			"faces": {
				"north": {"uv": [11, 8.5, 9, 9.75], "texture": "#0"},
				"east": {"uv": [5, 7.25, 7, 8.5], "texture": "#0"},
				"south": {"uv": [9, 8.5, 11, 9.75], "texture": "#0"},
				"west": {"uv": [9, 7.25, 11, 8.5], "texture": "#0"},
				"up": {"uv": [7, 8.5, 9, 10.5], "texture": "#0"},
				"down": {"uv": [5, 8.5, 7, 10.5], "texture": "#0"}
			}
		},
		{
			"from": [12, 0, 4],
			"to": [12, 5, 12],
			"faces": {
				"north": {"uv": [11, 8.5, 9, 9.75], "texture": "#0"},
				"east": {"uv": [5, 7.25, 7, 8.5], "texture": "#0"},
				"south": {"uv": [9, 8.5, 11, 9.75], "texture": "#0"},
				"west": {"uv": [9, 7.25, 11, 8.5], "texture": "#0"},
				"up": {"uv": [7, 8.5, 9, 10.5], "texture": "#0"},
				"down": {"uv": [5, 8.5, 7, 10.5], "texture": "#0"}
			}
		},
		{
			"from": [4, 0, 4],
			"to": [12, 0, 12],
			"faces": {
				"north": {"uv": [11, 8.5, 9, 9.75], "texture": "#0"},
				"east": {"uv": [5, 7.25, 7, 8.5], "texture": "#0"},
				"south": {"uv": [9, 8.5, 11, 9.75], "texture": "#0"},
				"west": {"uv": [9, 7.25, 11, 8.5], "texture": "#0"},
				"up": {"uv": [7, 10.5, 5, 8.5], "texture": "#0"},
				"down": {"uv": [5, 8.5, 7, 10.5], "texture": "#0"}
			}
		},
		{
			"from": [4, 0, 4],
			"to": [4, 5, 12],
			"faces": {
				"north": {"uv": [11, 8.5, 9, 9.75], "texture": "#0"},
				"east": {"uv": [5, 7.25, 7, 8.5], "texture": "#0"},
				"south": {"uv": [9, 8.5, 11, 9.75], "texture": "#0"},
				"west": {"uv": [9, 7.25, 11, 8.5], "texture": "#0"},
				"up": {"uv": [7, 8.5, 9, 10.5], "texture": "#0"},
				"down": {"uv": [5, 8.5, 7, 10.5], "texture": "#0"}
			}
		},
		{
			"from": [4, 0, 4],
			"to": [12, 5, 4],
			"faces": {
				"north": {"uv": [7, 7.25, 9, 8.5], "texture": "#0"},
				"east": {"uv": [5, 7.25, 7, 8.5], "texture": "#0"},
				"south": {"uv": [9, 7.25, 7, 8.5], "texture": "#0"},
				"west": {"uv": [9, 7.25, 11, 8.5], "texture": "#0"},
				"up": {"uv": [7, 8.5, 9, 10.5], "texture": "#0"},
				"down": {"uv": [5, 8.5, 7, 10.5], "texture": "#0"}
			}
		},
		{
			"from": [12, 5, 4],
			"to": [12, 6, 12],
			"faces": {
				"north": {"uv": [0, 0, 0, 0.25], "texture": "#0"},
				"east": {"uv": [7, 5.25, 9, 5.5], "texture": "#0"},
				"south": {"uv": [0, 0, 0, 0.25], "texture": "#0"},
				"west": {"uv": [7, 5.5, 9, 5.75], "texture": "#0"},
				"up": {"uv": [0, 2, 0, 0], "texture": "#0"},
				"down": {"uv": [0, 0, 0, 2], "texture": "#0"}
			}
		},
		{
			"from": [12, 5, -1],
			"to": [12, 6, 4],
			"faces": {
				"north": {"uv": [0, 0, 0, 0.25], "texture": "#0"},
				"east": {"uv": [7, 6.5, 8.25, 6.75], "texture": "#0"},
				"south": {"uv": [0, 0, 0, 0.25], "texture": "#0"},
				"west": {"uv": [8.25, 6.5, 7, 6.75], "texture": "#0"},
				"up": {"uv": [0, 2, 0, 0], "texture": "#0"},
				"down": {"uv": [0, 0, 0, 2], "texture": "#0"}
			}
		},
		{
			"from": [4, 5, -1],
			"to": [4, 6, 4],
			"faces": {
				"north": {"uv": [0, 0, 0, 0.25], "texture": "#0"},
				"east": {"uv": [7, 6.5, 8.25, 6.75], "texture": "#0"},
				"south": {"uv": [0, 0, 0, 0.25], "texture": "#0"},
				"west": {"uv": [8.25, 6.5, 7, 6.75], "texture": "#0"},
				"up": {"uv": [0, 2, 0, 0], "texture": "#0"},
				"down": {"uv": [0, 0, 0, 2], "texture": "#0"}
			}
		},
		{
			"from": [4, 5, 12],
			"to": [12, 6, 12],
			"faces": {
				"north": {"uv": [7, 5.75, 9, 6], "texture": "#0"},
				"east": {"uv": [0, 0, 0, 0.25], "texture": "#0"},
				"south": {"uv": [7, 6, 9, 6.25], "texture": "#0"},
				"west": {"uv": [0, 0, 0, 0.25], "texture": "#0"},
				"up": {"uv": [2, 0, 0, 0], "texture": "#0"},
				"down": {"uv": [2, 0, 0, 0], "texture": "#0"}
			}
		},
		{
			"from": [4, 6, -1],
			"to": [12, 6, 4],
			"faces": {
				"north": {"uv": [7, 4.25, 9, 4.5], "texture": "#0"},
				"east": {"uv": [7, 7, 8.25, 7.25], "texture": "#0"},
				"south": {"uv": [7, 4.5, 9, 4.75], "texture": "#0"},
				"west": {"uv": [7, 6.75, 8.25, 7], "texture": "#0"},
				"up": {"uv": [4, 1.25, 2, 0], "texture": "#0"},
				"down": {"uv": [4, 0, 2, 1.25], "texture": "#0"}
			}
		},
		{
			"from": [2, 8.95, 8.1],
			"to": [14, 12.95, 8.1],
			"faces": {
				"north": {"uv": [6, 2.25, 9, 3.25], "texture": "#0"},
				"east": {"uv": [5.5, 14, 7.75, 16], "texture": "#0"},
				"south": {"uv": [9, 2.25, 6, 3.25], "texture": "#0"},
				"west": {"uv": [0, 14.25, 1.75, 16], "texture": "#0"},
				"up": {"uv": [4.75, 12.5, 1.5, 14.75], "texture": "#0"},
				"down": {"uv": [9.25, 13.75, 5.75, 16], "texture": "#0"}
			}
		},
		{
			"from": [-0.25, 3, 6],
			"to": [3.75, 10, 10],
			"faces": {
				"north": {"uv": [2, 2.5, 3, 4.25], "texture": "#0"},
				"east": {"uv": [3, 2.5, 4, 4.25], "texture": "#0"},
				"south": {"uv": [0, 4, 1, 5.75], "texture": "#0"},
				"west": {"uv": [4, 0, 5, 1.75], "texture": "#0"},
				"up": {"uv": [7, 4.25, 6, 3.25], "texture": "#0"},
				"down": {"uv": [7, 4.25, 6, 5.25], "texture": "#0"}
			}
		},
		{
			"from": [12.25, 3, 6],
			"to": [16.25, 10, 10],
			"faces": {
				"north": {"uv": [1, 4, 2, 5.75], "texture": "#0"},
				"east": {"uv": [4, 1.75, 5, 3.5], "texture": "#0"},
				"south": {"uv": [4, 3.5, 5, 5.25], "texture": "#0"},
				"west": {"uv": [2, 4.25, 3, 6], "texture": "#0"},
				"up": {"uv": [7, 6.25, 6, 5.25], "texture": "#0"},
				"down": {"uv": [7, 6.25, 6, 7.25], "texture": "#0"}
			}
		},
		{
			"from": [12.05, 2.8, 5.8],
			"to": [16.45, 10.2, 10.2],
			"faces": {
				"north": {"uv": [3, 4.25, 4, 6], "texture": "#0"},
				"east": {"uv": [5, 0, 6, 1.75], "texture": "#0"},
				"south": {"uv": [5, 1.75, 6, 3.5], "texture": "#0"},
				"west": {"uv": [5, 3.5, 6, 5.25], "texture": "#0"},
				"up": {"uv": [3, 7.75, 2, 6.75], "texture": "#0"},
				"down": {"uv": [4, 6.75, 3, 7.75], "texture": "#0"}
			}
		},
		{
			"from": [-0.45, 2.8, 5.8],
			"to": [3.95, 10.2, 10.2],
			"faces": {
				"north": {"uv": [4, 5.25, 5, 7], "texture": "#0"},
				"east": {"uv": [5, 5.25, 6, 7], "texture": "#0"},
				"south": {"uv": [0, 5.75, 1, 7.5], "texture": "#0"},
				"west": {"uv": [1, 5.75, 2, 7.5], "texture": "#0"},
				"up": {"uv": [8, 4.25, 7, 3.25], "texture": "#0"},
				"down": {"uv": [5, 7, 4, 8], "texture": "#0"}
			}
		}
	],
	"display": {
		"thirdperson_righthand": {
			"rotation": [75, 45, 0],
			"translation": [0, 2.5, 0],
			"scale": [0.375, 0.375, 0.375]
		},
		"thirdperson_lefthand": {
			"rotation": [75, 45, 0],
			"translation": [0, 2.5, 0],
			"scale": [0.375, 0.375, 0.375]
		},
		"firstperson_righthand": {
			"rotation": [0, 0, 15],
			"translation": [1.13, 3.2, 1.13],
			"scale": [0.68, 0.68, 0.68]
		},
		"firstperson_lefthand": {
			"rotation": [0, 0, 15],
			"translation": [1.13, 3.2, 1.13],
			"scale": [0.68, 0.68, 0.68]
		},
		"ground": {
			"translation": [0, 3, 0],
			"scale": [1, 1, 1]
		},
		"gui": {
			"rotation": [30, 225, 0],
			"translation": [-0.25, 1, 0],
			"scale": [0.9, 0.9, 0.9]
		},
		"head": {
			"translation": [0, 6.25, 0],
			"scale": [1.61, 1.61, 1.61]
		},
		"fixed": {
			"translation": [0, 2, -1],
			"scale": [1.3, 1.3, 1.3]
		}
	}
}