{
	"credit": "Made with Blockbench",
	"texture_size": [32, 32],
	"textures": {
		"0": "item/hats/headphones2",
		"particle": "item/hats/headphones2"
	},
	"elements": [
		{
			"from": [2, 1.1, 6.5],
			"to": [4.5, 5.1, 9.5],
			"faces": {
				"north": {"uv": [4.5, 5, 5.5, 7], "texture": "#0"},
				"east": {"uv": [0, 0, 1.5, 2], "texture": "#0"},
				"south": {"uv": [0, 5.5, 1, 7.5], "texture": "#0"},
				"west": {"uv": [2, 0, 3.5, 2], "texture": "#0"},
				"up": {"uv": [7, 6.5, 6, 5], "texture": "#0"},
				"down": {"uv": [7.5, 2, 6.5, 3.5], "texture": "#0"}
			}
		},
		{
			"from": [2.75, 2.35, 4.65],
			"to": [3.25, 2.85, 7.5],
			"rotation": {"angle": -22.5, "axis": "x", "origin": [3, 2.6, 6.525]},
			"faces": {
				"north": {"uv": [11.5, 4, 11.75, 4.25], "texture": "#0"},
				"east": {"uv": [9.5, 2, 11, 2.25], "texture": "#0"},
				"south": {"uv": [5, 11.5, 5.25, 11.75], "texture": "#0"},
				"west": {"uv": [9.5, 3, 11, 3.25], "texture": "#0"},
				"up": {"uv": [1.25, 11.5, 1, 10], "texture": "#0"},
				"down": {"uv": [2.25, 10, 2, 11.5], "texture": "#0"}
			}
		},
		{
			"from": [2.725, 1.625, 4.4],
			"to": [3.825, 2.125, 4.9],
			"rotation": {"angle": -22.5, "axis": "x", "origin": [3.5, 1.85, 4.75]},
			"faces": {
				"north": {"uv": [6.5, 4, 7, 4.25], "texture": "#0"},
				"east": {"uv": [11.5, 5, 11.75, 5.25], "texture": "#0"},
				"south": {"uv": [10.5, 1, 11, 1.25], "texture": "#0"},
				"west": {"uv": [11.5, 6, 11.75, 6.25], "texture": "#0"},
				"up": {"uv": [3.5, 11.75, 3, 11.5], "texture": "#0"},
				"down": {"uv": [4.5, 11.5, 4, 11.75], "texture": "#0"}
			}
		},
		{
			"from": [3, 5.1, 7.2],
			"to": [4, 9.1, 8.8],
			"faces": {
				"north": {"uv": [7.5, 9, 8, 11], "texture": "#0"},
				"east": {"uv": [6, 7, 6.75, 9], "texture": "#0"},
				"south": {"uv": [9, 8, 9.5, 10], "texture": "#0"},
				"west": {"uv": [7.5, 4, 8.25, 6], "texture": "#0"},
				"up": {"uv": [3.5, 10.75, 3, 10], "texture": "#0"},
				"down": {"uv": [4.5, 10, 4, 10.75], "texture": "#0"}
			}
		},
		{
			"from": [12, 5.1, 7.2],
			"to": [13, 9.1, 8.8],
			"faces": {
				"north": {"uv": [6, 9.5, 6.5, 11.5], "texture": "#0"},
				"east": {"uv": [4.5, 7.5, 5.25, 9.5], "texture": "#0"},
				"south": {"uv": [0, 10, 0.5, 12], "texture": "#0"},
				"west": {"uv": [7.5, 6.5, 8.25, 8.5], "texture": "#0"},
				"up": {"uv": [5.5, 10.75, 5, 10], "texture": "#0"},
				"down": {"uv": [10.5, 8, 10, 8.75], "texture": "#0"}
			}
		},
		{
			"from": [4, 8.1, 7.2],
			"to": [12, 9.1, 8.8],
			"faces": {
				"north": {"uv": [6, 0, 10, 0.5], "texture": "#0"},
				"east": {"uv": [10, 9.5, 10.75, 10], "texture": "#0"},
				"south": {"uv": [6, 1, 10, 1.5], "texture": "#0"},
				"west": {"uv": [10.5, 0, 11.25, 0.5], "texture": "#0"},
				"up": {"uv": [4, 3.25, 0, 2.5], "texture": "#0"},
				"down": {"uv": [4, 4, 0, 4.75], "texture": "#0"}
			}
		},
		{
			"from": [11.5, 1.1, 6.5],
			"to": [14, 5.1, 9.5],
			"faces": {
				"north": {"uv": [1.5, 5.5, 2.5, 7.5], "texture": "#0"},
				"east": {"uv": [4, 0, 5.5, 2], "texture": "#0"},
				"south": {"uv": [3, 5.5, 4, 7.5], "texture": "#0"},
				"west": {"uv": [4.5, 2.5, 6, 4.5], "texture": "#0"},
				"up": {"uv": [1, 9.5, 0, 8], "texture": "#0"},
				"down": {"uv": [2.5, 8, 1.5, 9.5], "texture": "#0"}
			}
		},
		{
			"from": [14, 1.5, 6.9],
			"to": [14.4, 4.7, 9.1],
			"faces": {
				"north": {"uv": [10.5, 4, 10.75, 5.5], "texture": "#0"},
				"east": {"uv": [8, 2, 9, 3.5], "texture": "#0"},
				"south": {"uv": [10.5, 6, 10.75, 7.5], "texture": "#0"},
				"west": {"uv": [3, 8, 4, 9.5], "texture": "#0"},
				"up": {"uv": [10.75, 11.5, 10.5, 10.5], "texture": "#0"},
				"down": {"uv": [11.25, 8, 11, 9], "texture": "#0"}
			}
		},
		{
			"from": [1.6, 1.5, 6.9],
			"to": [2, 4.7, 9.1],
			"faces": {
				"north": {"uv": [8.5, 10.5, 8.75, 12], "texture": "#0"},
				"east": {"uv": [9, 4, 10, 5.5], "texture": "#0"},
				"south": {"uv": [9.5, 10.5, 9.75, 12], "texture": "#0"},
				"west": {"uv": [9, 6, 10, 7.5], "texture": "#0"},
				"up": {"uv": [11.75, 2, 11.5, 1], "texture": "#0"},
				"down": {"uv": [11.75, 2.5, 11.5, 3.5], "texture": "#0"}
			}
		}
	],
	"display": {
		"thirdperson_righthand": {
			"scale": [0.5, 0.5, 0.5]
		},
		"thirdperson_lefthand": {
			"scale": [0.5, 0.5, 0.5]
		},
		"gui": {
			"rotation": [19, 154, 0],
			"translation": [0, 2.25, 0]
		},
		"head": {
			"translation": [0, 7.25, -1.5],
			"scale": [1.7, 1.7, 1.7]
		}
	}
}