{
	"credit": "Made with Blockbench",
	"textures": {
		"1": "item/hats/horns"
	},
	"elements": [
		{
			"from": [3.5, 16, 2.5],
			"to": [5.5, 18, 5.5],
			"rotation": {"angle": 0, "axis": "y", "origin": [4.25, 17.75, 3.5]},
			"faces": {
				"north": {"uv": [0, 6, 2, 8], "texture": "#1"},
				"east": {"uv": [0, 0, 3, 2], "texture": "#1"},
				"south": {"uv": [2, 6, 4, 8], "texture": "#1"},
				"west": {"uv": [0, 2, 3, 4], "texture": "#1"},
				"up": {"uv": [5, 3, 3, 0], "texture": "#1"},
				"down": {"uv": [5, 3, 3, 6], "texture": "#1"}
			}
		},
		{
			"from": [3.5, 17, 2.5],
			"to": [4.5, 20, 3.5],
			"rotation": {"angle": 0, "axis": "y", "origin": [4.25, 17.75, 3.5]},
			"faces": {
				"north": {"uv": [4, 6, 5, 9], "texture": "#1"},
				"east": {"uv": [7, 6, 8, 9], "texture": "#1"},
				"south": {"uv": [0, 8, 1, 11], "texture": "#1"},
				"west": {"uv": [1, 8, 2, 11], "texture": "#1"},
				"up": {"uv": [9, 1, 8, 0], "texture": "#1"},
				"down": {"uv": [9, 1, 8, 2], "texture": "#1"}
			}
		},
		{
			"from": [10.5, 16, 2.5],
			"to": [12.5, 18, 5.5],
			"rotation": {"angle": 0, "axis": "y", "origin": [11.75, 17.75, 3.5]},
			"faces": {
				"north": {"uv": [7, 2, 9, 4], "texture": "#1"},
				"east": {"uv": [0, 4, 3, 6], "texture": "#1"},
				"south": {"uv": [7, 4, 9, 6], "texture": "#1"},
				"west": {"uv": [5, 0, 8, 2], "texture": "#1"},
				"up": {"uv": [7, 5, 5, 2], "texture": "#1"},
				"down": {"uv": [7, 5, 5, 8], "texture": "#1"}
			}
		},
		{
			"from": [11.5, 17, 2.5],
			"to": [12.5, 20, 3.5],
			"rotation": {"angle": 0, "axis": "y", "origin": [11.75, 17.75, 3.5]},
			"faces": {
				"north": {"uv": [2, 8, 3, 11], "texture": "#1"},
				"east": {"uv": [3, 8, 4, 11], "texture": "#1"},
				"south": {"uv": [5, 8, 6, 11], "texture": "#1"},
				"west": {"uv": [6, 8, 7, 11], "texture": "#1"},
				"up": {"uv": [9, 7, 8, 6], "texture": "#1"},
				"down": {"uv": [9, 7, 8, 8], "texture": "#1"}
			}
		}
	],
	"display": {
		"thirdperson_righthand": {
			"rotation": [75, 45, 0],
			"translation": [0, -0.25, -3.5],
			"scale": [0.375, 0.375, 0.375]
		},
		"thirdperson_lefthand": {
			"rotation": [75, 45, 0],
			"translation": [0, -0.25, -3.5],
			"scale": [0.375, 0.375, 0.375]
		},
		"firstperson_righthand": {
			"rotation": [0, 45, 0],
			"scale": [0.4, 0.4, 0.4]
		},
		"firstperson_lefthand": {
			"rotation": [0, 45, 0],
			"scale": [0.4, 0.4, 0.4]
		},
		"gui": {
			"translation": [0, -9.75, 0]
		},
		"head": {
			"translation": [0, -8.5, 0.75],
			"scale": [1.6, 1.6, 1.6]
		},
		"fixed": {
			"translation": [0, -10.75, 2.5],
			"scale": [1.27148, 1.22656, 1]
		}
	},
	"groups": [
		{
			"name": "group",
			"origin": [3.5, 16.5, 3],
			"color": 0,
			"children": [
				{
					"name": "group",
					"origin": [3.5, 16.5, 3],
					"color": 0,
					"children": [0, 1]
				},
				{
					"name": "group",
					"origin": [3.5, 16.5, 3],
					"color": 0,
					"children": [2, 3]
				}
			]
		}
	]
}