{
	"credit": "Made with Blockbench",
	"parent": "carved_pumpkin",
	"textures": {
		"0": "item/hats/imp_tall_black",
		"particle": "item/hats/imp_tall_black"
	},
	"elements": [
		{
			"from": [5, 6, 3],
			"to": [7, 10, 5],
			"rotation": {"angle": -22.5, "axis": "x", "origin": [6, 8, 4]},
			"faces": {
				"north": {"uv": [0, 0, 2, 4], "texture": "#0"},
				"east": {"uv": [2, 0, 4, 4], "texture": "#0"},
				"south": {"uv": [0, 4, 2, 8], "texture": "#0"},
				"west": {"uv": [4, 0, 6, 4], "texture": "#0"},
				"up": {"uv": [12, 2, 10, 0], "texture": "#0"},
				"down": {"uv": [12, 2, 10, 4], "texture": "#0"}
			}
		},
		{
			"from": [9, 6, 3],
			"to": [11, 10, 5],
			"rotation": {"angle": -22.5, "axis": "x", "origin": [6, 8, 4]},
			"faces": {
				"north": {"uv": [2, 4, 4, 8], "texture": "#0"},
				"east": {"uv": [4, 4, 6, 8], "texture": "#0"},
				"south": {"uv": [6, 0, 8, 4], "texture": "#0"},
				"west": {"uv": [6, 4, 8, 8], "texture": "#0"},
				"up": {"uv": [12, 6, 10, 4], "texture": "#0"},
				"down": {"uv": [12, 6, 10, 8], "texture": "#0"}
			}
		},
		{
			"from": [9.1, 9.44552, 2.26927],
			"to": [11.1, 12.44552, 4.26927],
			"rotation": {"angle": 0, "axis": "x", "origin": [10, 11.69552, 2.46927]},
			"faces": {
				"north": {"uv": [0, 8, 2, 11], "texture": "#0"},
				"east": {"uv": [8, 0, 10, 3], "texture": "#0"},
				"south": {"uv": [2, 8, 4, 11], "texture": "#0"},
				"west": {"uv": [8, 3, 10, 6], "texture": "#0"},
				"up": {"uv": [12, 10, 10, 8], "texture": "#0"},
				"down": {"uv": [12, 10, 10, 12], "texture": "#0"}
			}
		},
		{
			"from": [9.2, 12.29552, 2.01927],
			"to": [11.2, 14.29552, 4.01927],
			"rotation": {"angle": 22.5, "axis": "x", "origin": [10, 11.69552, 2.46927]},
			"faces": {
				"north": {"uv": [4, 11, 6, 13], "texture": "#0"},
				"east": {"uv": [6, 11, 8, 13], "texture": "#0"},
				"south": {"uv": [12, 0, 14, 2], "texture": "#0"},
				"west": {"uv": [12, 2, 14, 4], "texture": "#0"},
				"up": {"uv": [14, 6, 12, 4], "texture": "#0"},
				"down": {"uv": [14, 6, 12, 8], "texture": "#0"}
			}
		},
		{
			"from": [4.8, 12.29552, 2.01927],
			"to": [6.8, 14.29552, 4.01927],
			"rotation": {"angle": 22.5, "axis": "x", "origin": [10, 11.69552, 2.46927]},
			"faces": {
				"north": {"uv": [8, 12, 10, 14], "texture": "#0"},
				"east": {"uv": [12, 8, 14, 10], "texture": "#0"},
				"south": {"uv": [10, 12, 12, 14], "texture": "#0"},
				"west": {"uv": [12, 10, 14, 12], "texture": "#0"},
				"up": {"uv": [14, 14, 12, 12], "texture": "#0"},
				"down": {"uv": [2, 13, 0, 15], "texture": "#0"}
			}
		},
		{
			"from": [5.3, 14.19552, 2.51927],
			"to": [6.3, 17.19552, 3.51927],
			"rotation": {"angle": 22.5, "axis": "x", "origin": [10, 11.69552, 2.46927]},
			"faces": {
				"north": {"uv": [2, 13, 3, 16], "texture": "#0"},
				"east": {"uv": [3, 13, 4, 16], "texture": "#0"},
				"south": {"uv": [4, 13, 5, 16], "texture": "#0"},
				"west": {"uv": [5, 13, 6, 16], "texture": "#0"},
				"up": {"uv": [15, 7, 14, 6], "texture": "#0"},
				"down": {"uv": [15, 7, 14, 8], "texture": "#0"}
			}
		},
		{
			"from": [9.7, 14.19552, 2.51927],
			"to": [10.7, 17.19552, 3.51927],
			"rotation": {"angle": 22.5, "axis": "x", "origin": [10, 11.69552, 2.46927]},
			"faces": {
				"north": {"uv": [6, 13, 7, 16], "texture": "#0"},
				"east": {"uv": [7, 13, 8, 16], "texture": "#0"},
				"south": {"uv": [14, 0, 15, 3], "texture": "#0"},
				"west": {"uv": [14, 3, 15, 6], "texture": "#0"},
				"up": {"uv": [9, 15, 8, 14], "texture": "#0"},
				"down": {"uv": [15, 8, 14, 9], "texture": "#0"}
			}
		},
		{
			"from": [4.9, 9.44552, 2.26927],
			"to": [6.9, 12.44552, 4.26927],
			"rotation": {"angle": 0, "axis": "x", "origin": [10, 11.69552, 2.46927]},
			"faces": {
				"north": {"uv": [4, 8, 6, 11], "texture": "#0"},
				"east": {"uv": [6, 8, 8, 11], "texture": "#0"},
				"south": {"uv": [8, 6, 10, 9], "texture": "#0"},
				"west": {"uv": [8, 9, 10, 12], "texture": "#0"},
				"up": {"uv": [2, 13, 0, 11], "texture": "#0"},
				"down": {"uv": [4, 11, 2, 13], "texture": "#0"}
			}
		}
	],
	"display": {
		"thirdperson_righthand": {
			"translation": [0, 0, 3.25]
		},
		"thirdperson_lefthand": {
			"translation": [0, 0, 3.25]
		},
		"firstperson_righthand": {
			"rotation": [0, 141, 0],
			"translation": [1.25, 3.75, 0],
			"scale": [0.76, 0.75, 0.74]
		},
		"firstperson_lefthand": {
			"rotation": [0, 141, 0],
			"translation": [1.25, 3.75, 0],
			"scale": [0.76, 0.75, 0.74]
		},
		"gui": {
			"rotation": [12, 0, 0],
			"translation": [0.25, -6.25, 0],
			"scale": [1.5, 1.5, 1.5]
		},
		"head": {
			"translation": [0, 6.75, 0.75],
			"scale": [1.7, 1.7, 1.7]
		},
		"fixed": {
			"translation": [0, 0, 6],
			"scale": [2, 2, 2]
		}
	}
}