{
	"credit": "Made with Blockbench",
	"texture_size": [128, 128],
	"textures": {
		"0": "item/hats/mexican",
		"particle": "item/hats/mexican"
	},
	"elements": [
		{
			"from": [-16, 0, -16],
			"to": [32, 2, 32],
			"faces": {
				"north": {"uv": [6, 2.75, 12, 3], "texture": "#0"},
				"east": {"uv": [6, 2.75, 12, 3], "texture": "#0"},
				"south": {"uv": [6, 2.75, 12, 3], "texture": "#0"},
				"west": {"uv": [6, 2.75, 12, 3], "texture": "#0"},
				"up": {"uv": [6, 6, 0, 0], "texture": "#0"},
				"down": {"uv": [6, 6, 0, 12], "texture": "#0"}
			}
		},
		{
			"from": [-16, 2, -16],
			"to": [32, 4, -14],
			"faces": {
				"north": {"uv": [6, 3.5, 12, 3.75], "texture": "#0"},
				"east": {"uv": [7.25, 1.75, 7.5, 2], "texture": "#0"},
				"south": {"uv": [6, 3.75, 12, 4], "texture": "#0"},
				"west": {"uv": [7.25, 2, 7.5, 2.25], "texture": "#0"},
				"up": {"uv": [12, 4.25, 6, 4], "texture": "#0"},
				"down": {"uv": [12, 4.25, 6, 4.5], "texture": "#0"}
			}
		},
		{
			"from": [-16, 2, 30],
			"to": [32, 4, 32],
			"faces": {
				"north": {"uv": [6, 4.5, 12, 4.75], "texture": "#0"},
				"east": {"uv": [7.25, 2.25, 7.5, 2.5], "texture": "#0"},
				"south": {"uv": [6, 4.75, 12, 5], "texture": "#0"},
				"west": {"uv": [7.5, 1.75, 7.75, 2], "texture": "#0"},
				"up": {"uv": [12, 5.25, 6, 5], "texture": "#0"},
				"down": {"uv": [12, 5.25, 6, 5.5], "texture": "#0"}
			}
		},
		{
			"from": [-16, 2, -16],
			"to": [-14, 4, 32],
			"faces": {
				"north": {"uv": [7.5, 2, 7.75, 2.25], "texture": "#0"},
				"east": {"uv": [6, 5.5, 12, 5.75], "texture": "#0"},
				"south": {"uv": [7.5, 2.25, 7.75, 2.5], "texture": "#0"},
				"west": {"uv": [6, 5.75, 12, 6], "texture": "#0"},
				"up": {"uv": [6.25, 12, 6, 6], "texture": "#0"},
				"down": {"uv": [6.5, 6, 6.25, 12], "texture": "#0"}
			}
		},
		{
			"from": [30, 2, -16],
			"to": [32, 4, 32],
			"faces": {
				"north": {"uv": [7.75, 1.75, 8, 2], "texture": "#0"},
				"east": {"uv": [6.5, 6, 12.5, 6.25], "texture": "#0"},
				"south": {"uv": [7.75, 2, 8, 2.25], "texture": "#0"},
				"west": {"uv": [6.5, 6.25, 12.5, 6.5], "texture": "#0"},
				"up": {"uv": [6.75, 12.5, 6.5, 6.5], "texture": "#0"},
				"down": {"uv": [7, 6.5, 6.75, 12.5], "texture": "#0"}
			}
		},
		{
			"from": [3, 2, 3],
			"to": [13, 9, 13],
			"faces": {
				"north": {"uv": [7, 6.5, 8.25, 7.375], "texture": "#0"},
				"east": {"uv": [7.25, 0, 8.5, 0.875], "texture": "#0"},
				"south": {"uv": [7.25, 0.875, 8.5, 1.75], "texture": "#0"},
				"west": {"uv": [7, 7.375, 8.25, 8.25], "texture": "#0"},
				"up": {"uv": [7.25, 1.25, 6, 0], "texture": "#0"},
				"down": {"uv": [7.25, 1.25, 6, 2.5], "texture": "#0"}
			}
		}
	],
	"display": {
		"thirdperson_righthand": {
			"rotation": [75, 45, 0],
			"translation": [0, 2.5, 0],
			"scale": [0.375, 0.375, 0.375]
		},
		"thirdperson_lefthand": {
			"translation": [0, 3, 1],
			"scale": [4, 4, 4]
		},
		"firstperson_righthand": {
			"rotation": [0, 45, 0],
			"scale": [0.4, 0.4, 0.4]
		},
		"firstperson_lefthand": {
			"rotation": [0, 45, 0],
			"scale": [0.4, 0.4, 0.4]
		},
		"ground": {
			"translation": [0, 3, 0],
			"scale": [0.25, 0.25, 0.25]
		},
		"gui": {
			"rotation": [30, 225, 0],
			"scale": [0.20117, 0.20117, 0.20117]
		},
		"head": {
			"translation": [0, 36.25, 0],
			"scale": [4, 4, 4]
		},
		"fixed": {
			"rotation": [-90, 0, 0],
			"translation": [0, 0, -14.5],
			"scale": [2, 2, 2]
		}
	},
	"groups": [
		{
			"name": "group",
			"origin": [0, 0, 0],
			"color": 0,
			"children": [0, 1, 2, 3, 4, 5]
		}
	]
}