{
	"credit": "Made with Blockbench",
	"parent": "minecraft:block/carved_pumpkin",
	"texture_size": [64, 64],
	"textures": {
		"0": "item/hats/monsterhat",
		"particle": "item/hats/monsterhat"
	},
	"elements": [
		{
			"name": "head",
			"from": [11, 9, 5],
			"to": [12, 10, 11],
			"rotation": {"angle": 0, "axis": "y", "origin": [-8, 2, -8]},
			"faces": {
				"north": {"uv": [7.25, 7.5, 7.5, 7.75], "texture": "#0"},
				"east": {"uv": [6.25, 1.25, 7.75, 1.5], "texture": "#0"},
				"south": {"uv": [7.5, 7.25, 7.75, 7.5], "texture": "#0"},
				"west": {"uv": [6.25, 1.5, 7.75, 1.75], "texture": "#0"},
				"up": {"uv": [2.75, 7.75, 2.5, 6.25], "texture": "#0"},
				"down": {"uv": [3, 6.25, 2.75, 7.75], "texture": "#0"}
			}
		},
		{
			"name": "head",
			"from": [4, 9, 5],
			"to": [5, 10, 11],
			"shade": false,
			"rotation": {"angle": 0, "axis": "y", "origin": [-8, 2, -8]},
			"faces": {
				"north": {"uv": [7.5, 7.5, 7.75, 7.75], "texture": "#0"},
				"east": {"uv": [6.25, 1.75, 7.75, 2], "texture": "#0"},
				"south": {"uv": [0, 7.75, 0.25, 8], "texture": "#0"},
				"west": {"uv": [6.25, 2, 7.75, 2.25], "texture": "#0"},
				"up": {"uv": [3.25, 7.75, 3, 6.25], "texture": "#0"},
				"down": {"uv": [3.5, 6.25, 3.25, 7.75], "texture": "#0"}
			}
		},
		{
			"name": "head",
			"from": [4, 8, 6],
			"to": [5, 9, 10],
			"rotation": {"angle": 0, "axis": "y", "origin": [-8, 2, -8]},
			"faces": {
				"north": {"uv": [0.25, 7.75, 0.5, 8], "texture": "#0"},
				"east": {"uv": [6.75, 2.5, 7.75, 2.75], "texture": "#0"},
				"south": {"uv": [0.5, 7.75, 0.75, 8], "texture": "#0"},
				"west": {"uv": [6.75, 2.75, 7.75, 3], "texture": "#0"},
				"up": {"uv": [7, 4, 6.75, 3], "texture": "#0"},
				"down": {"uv": [6.5, 6.75, 6.25, 7.75], "texture": "#0"}
			}
		},
		{
			"name": "head",
			"from": [11, 8, 6],
			"to": [12, 9, 10],
			"rotation": {"angle": 0, "axis": "y", "origin": [-8, 2, -8]},
			"faces": {
				"north": {"uv": [0.75, 7.75, 1, 8], "texture": "#0"},
				"east": {"uv": [6.5, 6.75, 7.5, 7], "texture": "#0"},
				"south": {"uv": [7.75, 1.25, 8, 1.5], "texture": "#0"},
				"west": {"uv": [7, 3, 8, 3.25], "texture": "#0"},
				"up": {"uv": [3.75, 8, 3.5, 7], "texture": "#0"},
				"down": {"uv": [4, 7, 3.75, 8], "texture": "#0"}
			}
		},
		{
			"name": "head",
			"from": [4, 5, 7],
			"to": [5, 8, 9],
			"rotation": {"angle": 0, "axis": "y", "origin": [-8, 2, -8]},
			"faces": {
				"north": {"uv": [5, 7, 5.25, 7.75], "texture": "#0"},
				"east": {"uv": [3.5, 6.25, 4, 7], "texture": "#0"},
				"south": {"uv": [5.25, 7, 5.5, 7.75], "texture": "#0"},
				"west": {"uv": [4, 6.25, 4.5, 7], "texture": "#0"},
				"up": {"uv": [7.75, 4.5, 7.5, 4], "texture": "#0"},
				"down": {"uv": [4.75, 7.5, 4.5, 8], "texture": "#0"}
			}
		},
		{
			"name": "head_sub_0",
			"from": [12, 0, 4],
			"to": [13, 1, 12],
			"shade": false,
			"rotation": {"angle": 0, "axis": "y", "origin": [-8, 2, -8]},
			"faces": {
				"north": {"uv": [7.75, 1.5, 8, 1.75], "texture": "#0"},
				"east": {"uv": [0, 6.25, 2, 6.5], "texture": "#0"},
				"south": {"uv": [7.75, 1.75, 8, 2], "texture": "#0"},
				"west": {"uv": [6.25, 0, 8.25, 0.25], "texture": "#0"},
				"up": {"uv": [5.75, 2, 5.5, 0], "texture": "#0"},
				"down": {"uv": [6, 6, 5.75, 8], "texture": "#0"}
			}
		},
		{
			"name": "head_sub_0",
			"from": [3, 1, 3],
			"to": [4, 2, 13],
			"shade": false,
			"rotation": {"angle": 0, "axis": "y", "origin": [-8, 2, -8]},
			"faces": {
				"north": {"uv": [7.75, 2, 8, 2.25], "texture": "#0"},
				"east": {"uv": [5, 4, 7.5, 4.25], "texture": "#0"},
				"south": {"uv": [7.75, 2.25, 8, 2.5], "texture": "#0"},
				"west": {"uv": [5, 4.25, 7.5, 4.5], "texture": "#0"},
				"up": {"uv": [6, 2.5, 5.75, 0], "texture": "#0"},
				"down": {"uv": [6.25, 0, 6, 2.5], "texture": "#0"}
			}
		},
		{
			"name": "head",
			"from": [11, 5, 7],
			"to": [12, 8, 9],
			"shade": false,
			"rotation": {"angle": 0, "axis": "y", "origin": [-8, 2, -8]},
			"faces": {
				"north": {"uv": [1.5, 7.25, 1.75, 8], "texture": "#0"},
				"east": {"uv": [4.5, 6.25, 5, 7], "texture": "#0"},
				"south": {"uv": [1.75, 7.25, 2, 8], "texture": "#0"},
				"west": {"uv": [5, 6.25, 5.5, 7], "texture": "#0"},
				"up": {"uv": [5, 8, 4.75, 7.5], "texture": "#0"},
				"down": {"uv": [6.75, 7.5, 6.5, 8], "texture": "#0"}
			}
		},
		{
			"name": "head",
			"from": [5, 9, 4],
			"to": [11, 10, 5],
			"rotation": {"angle": 0, "axis": "y", "origin": [-8, 2, -8]},
			"faces": {
				"north": {"uv": [6.25, 2.25, 7.75, 2.5], "texture": "#0"},
				"east": {"uv": [2.5, 7.75, 2.75, 8], "texture": "#0"},
				"south": {"uv": [6.25, 5.25, 7.75, 5.5], "texture": "#0"},
				"west": {"uv": [7.75, 2.5, 8, 2.75], "texture": "#0"},
				"up": {"uv": [7.75, 5.75, 6.25, 5.5], "texture": "#0"},
				"down": {"uv": [7.75, 5.75, 6.25, 6], "texture": "#0"}
			}
		},
		{
			"name": "head",
			"from": [5, 9, 11],
			"to": [11, 10, 12],
			"rotation": {"angle": 0, "axis": "y", "origin": [-8, 2, -8]},
			"faces": {
				"north": {"uv": [6.25, 6, 7.75, 6.25], "texture": "#0"},
				"east": {"uv": [2.75, 7.75, 3, 8], "texture": "#0"},
				"south": {"uv": [6.25, 6.25, 7.75, 6.5], "texture": "#0"},
				"west": {"uv": [7.75, 2.75, 8, 3], "texture": "#0"},
				"up": {"uv": [1.5, 6.75, 0, 6.5], "texture": "#0"},
				"down": {"uv": [7.75, 6.5, 6.25, 6.75], "texture": "#0"}
			}
		},
		{
			"name": "head",
			"from": [6, 8, 11],
			"to": [10, 9, 12],
			"rotation": {"angle": 0, "axis": "y", "origin": [-8, 2, -8]},
			"faces": {
				"north": {"uv": [7, 3.25, 8, 3.5], "texture": "#0"},
				"east": {"uv": [3, 7.75, 3.25, 8], "texture": "#0"},
				"south": {"uv": [7, 3.5, 8, 3.75], "texture": "#0"},
				"west": {"uv": [3.25, 7.75, 3.5, 8], "texture": "#0"},
				"up": {"uv": [8, 4, 7, 3.75], "texture": "#0"},
				"down": {"uv": [5, 7, 4, 7.25], "texture": "#0"}
			}
		},
		{
			"name": "head",
			"from": [6, 8, 4],
			"to": [10, 9, 5],
			"rotation": {"angle": 0, "axis": "y", "origin": [-8, 2, -8]},
			"faces": {
				"north": {"uv": [6.5, 7, 7.5, 7.25], "texture": "#0"},
				"east": {"uv": [7.75, 4, 8, 4.25], "texture": "#0"},
				"south": {"uv": [4, 7.25, 5, 7.5], "texture": "#0"},
				"west": {"uv": [7.75, 4.25, 8, 4.5], "texture": "#0"},
				"up": {"uv": [7.5, 7.5, 6.5, 7.25], "texture": "#0"},
				"down": {"uv": [1, 7.5, 0, 7.75], "texture": "#0"}
			}
		},
		{
			"name": "head",
			"from": [7, 5, 4],
			"to": [9, 8, 5],
			"rotation": {"angle": 0, "axis": "y", "origin": [-8, 2, -8]},
			"faces": {
				"north": {"uv": [1.5, 6.5, 2, 7.25], "texture": "#0"},
				"east": {"uv": [1, 7.5, 1.25, 8.25], "texture": "#0"},
				"south": {"uv": [0, 6.75, 0.5, 7.5], "texture": "#0"},
				"west": {"uv": [1.25, 7.5, 1.5, 8.25], "texture": "#0"},
				"up": {"uv": [3.5, 4.5, 3, 4.25], "texture": "#0"},
				"down": {"uv": [7.25, 7.5, 6.75, 7.75], "texture": "#0"}
			}
		},
		{
			"name": "head",
			"from": [7, 5, 11],
			"to": [9, 8, 12],
			"rotation": {"angle": 0, "axis": "y", "origin": [-8, 2, -8]},
			"faces": {
				"north": {"uv": [0.5, 6.75, 1, 7.5], "texture": "#0"},
				"east": {"uv": [4, 7.5, 4.25, 8.25], "texture": "#0"},
				"south": {"uv": [1, 6.75, 1.5, 7.5], "texture": "#0"},
				"west": {"uv": [4.25, 7.5, 4.5, 8.25], "texture": "#0"},
				"up": {"uv": [8, 7, 7.5, 6.75], "texture": "#0"},
				"down": {"uv": [8, 7, 7.5, 7.25], "texture": "#0"}
			}
		},
		{
			"name": "head",
			"from": [5, 2, 5],
			"to": [11, 10, 11],
			"rotation": {"angle": 0, "axis": "y", "origin": [-8, 2, -8]},
			"faces": {
				"north": {"uv": [3.5, 2.5, 5, 4.5], "texture": "#0"},
				"east": {"uv": [4, 0, 5.5, 2], "texture": "#0"},
				"south": {"uv": [0, 4.25, 1.5, 6.25], "texture": "#0"},
				"west": {"uv": [1.5, 4.25, 3, 6.25], "texture": "#0"},
				"up": {"uv": [4.5, 6, 3, 4.5], "texture": "#0"},
				"down": {"uv": [6, 4.5, 4.5, 6], "texture": "#0"}
			}
		},
		{
			"name": "head",
			"from": [4, 0, 3],
			"to": [12, 1, 13],
			"rotation": {"angle": 0, "axis": "y", "origin": [-8, 2, -8]},
			"faces": {
				"north": {"uv": [6.25, 0.25, 8.25, 0.5], "texture": "#0"},
				"east": {"uv": [3, 6, 5.5, 6.25], "texture": "#0"},
				"south": {"uv": [6.25, 0.5, 8.25, 0.75], "texture": "#0"},
				"west": {"uv": [6, 4.5, 8.5, 4.75], "texture": "#0"},
				"up": {"uv": [2, 2.5, 0, 0], "texture": "#0"},
				"down": {"uv": [4, 0, 2, 2.5], "texture": "#0"}
			}
		},
		{
			"name": "head",
			"from": [3, 0, 4],
			"to": [4, 1, 12],
			"rotation": {"angle": 0, "axis": "y", "origin": [-8, 2, -8]},
			"faces": {
				"north": {"uv": [5, 7.75, 5.25, 8], "texture": "#0"},
				"east": {"uv": [6.25, 0.75, 8.25, 1], "texture": "#0"},
				"south": {"uv": [5.25, 7.75, 5.5, 8], "texture": "#0"},
				"west": {"uv": [6.25, 1, 8.25, 1.25], "texture": "#0"},
				"up": {"uv": [2.25, 8.25, 2, 6.25], "texture": "#0"},
				"down": {"uv": [2.5, 6.25, 2.25, 8.25], "texture": "#0"}
			}
		},
		{
			"name": "head",
			"from": [12, 1, 3],
			"to": [13, 2, 13],
			"rotation": {"angle": 0, "axis": "y", "origin": [-8, 2, -8]},
			"faces": {
				"north": {"uv": [7.75, 5.25, 8, 5.5], "texture": "#0"},
				"east": {"uv": [6, 4.75, 8.5, 5], "texture": "#0"},
				"south": {"uv": [7.75, 5.5, 8, 5.75], "texture": "#0"},
				"west": {"uv": [6, 5, 8.5, 5.25], "texture": "#0"},
				"up": {"uv": [6.25, 7.75, 6, 5.25], "texture": "#0"},
				"down": {"uv": [5.75, 6, 5.5, 8.5], "texture": "#0"}
			}
		},
		{
			"name": "head",
			"from": [4.75, 0.75, 4.75],
			"to": [11.25, 2.25, 11.25],
			"rotation": {"angle": 0, "axis": "y", "origin": [-8, 2, -8]},
			"faces": {
				"north": {"uv": [4, 2, 5.75, 2.5], "texture": "#0"},
				"east": {"uv": [5, 2.5, 6.75, 3], "texture": "#0"},
				"south": {"uv": [5, 3, 6.75, 3.5], "texture": "#0"},
				"west": {"uv": [5, 3.5, 6.75, 4], "texture": "#0"},
				"up": {"uv": [1.75, 4.25, 0, 2.5], "texture": "#0"},
				"down": {"uv": [3.5, 2.5, 1.75, 4.25], "texture": "#0"}
			}
		}
	],
	"display": {
		"thirdperson_righthand": {
			"translation": [0, 8, 0]
		},
		"thirdperson_lefthand": {
			"translation": [0, 8, 0]
		},
		"firstperson_righthand": {
			"translation": [0, 7.25, 0]
		},
		"firstperson_lefthand": {
			"translation": [0, 7.25, 0]
		},
		"ground": {
			"translation": [0, 10.25, 0],
			"scale": [1.75, 1.75, 1.75]
		},
		"gui": {
			"rotation": [15, 45, 0],
			"translation": [0, 3.75, 0],
			"scale": [1.15, 1.15, 1.15]
		},
		"head": {
			"translation": [0, 21.5, 0],
			"scale": [1.9, 1.9, 1.9]
		},
		"fixed": {
			"translation": [0, 4.75, -2.75],
			"scale": [1.75, 1.75, 1.75]
		}
	},
	"groups": [
		{
			"name": "head",
			"origin": [0, 0, 0],
			"color": 0,
			"children": []
		},
		0,
		1,
		2,
		3,
		4,
		5,
		6,
		7,
		8,
		9,
		10,
		11,
		12,
		13,
		14,
		15,
		16,
		17,
		18
	]
}