{
	"texture_size": [64, 64],
	"textures": {
		"0": "item/hats/mushroom_hat",
		"particle": "item/hats/mushroom_hat"
	},
	"elements": [
		{
			"from": [1, 0, 1],
			"to": [15, 5, 15],
			"faces": {
				"north": {"uv": [3.5, 5, 7, 6.25], "texture": "#0"},
				"east": {"uv": [6, 0, 9.5, 1.25], "texture": "#0"},
				"south": {"uv": [6, 1.25, 9.5, 2.5], "texture": "#0"},
				"west": {"uv": [6, 2.5, 9.5, 3.75], "texture": "#0"},
				"up": {"uv": [3.5, 3.5, 0, 0], "texture": "#0"},
				"down": {"uv": [3.5, 3.5, 0, 7], "texture": "#0"}
			}
		},
		{
			"from": [3, 5, 3],
			"to": [13, 9, 13],
			"faces": {
				"north": {"uv": [6, 3.75, 8.5, 4.75], "texture": "#0"},
				"east": {"uv": [3.5, 6.25, 6, 7.25], "texture": "#0"},
				"south": {"uv": [6, 6.25, 8.5, 7.25], "texture": "#0"},
				"west": {"uv": [0, 7, 2.5, 8], "texture": "#0"},
				"up": {"uv": [6, 2.5, 3.5, 0], "texture": "#0"},
				"down": {"uv": [6, 2.5, 3.5, 5], "texture": "#0"}
			}
		},
		{
			"from": [13, 6, 12],
			"to": [13, 12, 17],
			"rotation": {"angle": 45, "axis": "y", "origin": [13, 9, 13]},
			"faces": {
				"north": {"uv": [0, 0, 0, 1.25], "texture": "#missing"},
				"east": {"uv": [1.25, 8, 0, 9.5], "texture": "#0"},
				"south": {"uv": [0, 0, 0, 1.25], "texture": "#missing"},
				"west": {"uv": [0, 8, 1.25, 9.5], "texture": "#0"},
				"up": {"uv": [0, 0, 0, 1], "texture": "#missing"},
				"down": {"uv": [0, 0, 0, 1], "texture": "#missing"}
			}
		},
		{
			"from": [1, 4, 0],
			"to": [1, 10, 4],
			"rotation": {"angle": 45, "axis": "y", "origin": [1, 5, 1]},
			"faces": {
				"north": {"uv": [0, 0, 0, 1.25], "texture": "#missing"},
				"east": {"uv": [2.5, 8, 1.25, 9.5], "texture": "#0"},
				"south": {"uv": [0, 0, 0, 1.25], "texture": "#missing"},
				"west": {"uv": [1.25, 8, 2.25, 9.5], "texture": "#0"},
				"up": {"uv": [0, 0, 0, 1], "texture": "#missing"},
				"down": {"uv": [0, 0, 0, 1], "texture": "#missing"}
			}
		}
	],
	"display": {
		"thirdperson_righthand": {
			"rotation": [75, 45, 0],
			"translation": [0, 2.5, 0],
			"scale": [0.375, 0.375, 0.375]
		},
		"thirdperson_lefthand": {
			"rotation": [75, 45, 0],
			"translation": [0, 2.5, 0],
			"scale": [0.375, 0.375, 0.375]
		},
		"firstperson_righthand": {
			"rotation": [0, 0, 15],
			"translation": [1.13, 3.2, 1.13],
			"scale": [0.68, 0.68, 0.68]
		},
		"firstperson_lefthand": {
			"rotation": [0, 0, 15],
			"translation": [1.13, 3.2, 1.13],
			"scale": [0.68, 0.68, 0.68]
		},
		"ground": {
			"translation": [0, 3, 0],
			"scale": [0.25, 0.25, 0.25]
		},
		"gui": {
			"rotation": [30, 225, 0],
			"translation": [-0.25, 2.5, 0],
			"scale": [0.7, 0.7, 0.7]
		},
		"head": {
			"rotation": [0, 90, 0],
			"translation": [0, 12.75, 0],
			"scale": [1.6, 1.6, 1.6]
		},
		"fixed": {
			"translation": [0, 4.25, -1],
			"scale": [1.3, 1.3, 1.3]
		}
	}
}