{
	"credit": "Made with Blockbench",
	"texture_size": [64, 64],
	"textures": {
		"0": "item/hats/pan_ke",
		"particle": "item/hats/pan_ke"
	},
	"elements": [
		{
			"from": [10.97306, 6.18384, 11],
			"to": [14.97306, 7.18384, 13],
			"rotation": {"angle": 45, "axis": "z", "origin": [11.32683, 9.2388, 11.5]},
			"faces": {
				"north": {"uv": [7, 5.5, 8, 5.75], "texture": "#0"},
				"east": {"uv": [6.25, 5, 6.75, 5.25], "texture": "#0"},
				"south": {"uv": [7.25, 2, 8.25, 2.25], "texture": "#0"},
				"west": {"uv": [7.5, 5.25, 8, 5.5], "texture": "#0"},
				"up": {"uv": [4.75, 6.5, 3.75, 6], "texture": "#0"},
				"down": {"uv": [7.25, 3.5, 6.25, 4], "texture": "#0"}
			}
		},
		{
			"from": [18.5, -11.25, 13],
			"to": [21.5, 4.75, 13],
			"rotation": {"angle": 0, "axis": "y", "origin": [16, 0, 0]},
			"faces": {
				"north": {"uv": [2, 4, 2.75, 8], "texture": "#0"},
				"east": {"uv": [0, 0, 0, 4], "texture": "#0"},
				"south": {"uv": [4, 2, 4.75, 6], "texture": "#0"},
				"west": {"uv": [0, 0, 0, 4], "texture": "#0"},
				"up": {"uv": [0.75, 0, 0, 0], "texture": "#0"},
				"down": {"uv": [0.75, 0, 0, 0], "texture": "#0"}
			}
		},
		{
			"from": [11, 0, 11],
			"to": [13, 7, 13],
			"rotation": {"angle": -45, "axis": "z", "origin": [11.5, 0.5, 11.5]},
			"faces": {
				"north": {"uv": [3.5, 4, 4, 5.75], "texture": "#0"},
				"east": {"uv": [4.75, 3.5, 5.25, 5.25], "texture": "#0"},
				"south": {"uv": [5.25, 3.5, 5.75, 5.25], "texture": "#0"},
				"west": {"uv": [4.75, 5.25, 5.25, 7], "texture": "#0"},
				"up": {"uv": [7.75, 2.75, 7.25, 2.25], "texture": "#0"},
				"down": {"uv": [3.25, 7.25, 2.75, 7.75], "texture": "#0"}
			}
		},
		{
			"from": [15.40504, 3.58028, 11],
			"to": [22.40504, 5.58028, 13],
			"rotation": {"angle": 0, "axis": "y", "origin": [13.32683, 6.7388, 11.5]},
			"faces": {
				"north": {"uv": [5.25, 5.25, 7, 5.75], "texture": "#0"},
				"east": {"uv": [7.25, 2.75, 7.75, 3.25], "texture": "#0"},
				"south": {"uv": [5.5, 2, 7.25, 2.5], "texture": "#0"},
				"west": {"uv": [7.25, 3.25, 7.75, 3.75], "texture": "#0"},
				"up": {"uv": [7.25, 3, 5.5, 2.5], "texture": "#0"},
				"down": {"uv": [7.25, 3, 5.5, 3.5], "texture": "#0"}
			}
		},
		{
			"from": [23.24999, 4.81544, 11],
			"to": [24.24999, 11.81544, 13],
			"rotation": {"angle": -22.5, "axis": "z", "origin": [20.07683, 8.7388, 11.5]},
			"faces": {
				"north": {"uv": [6.25, 6.75, 6.5, 8.5], "texture": "#0"},
				"east": {"uv": [2.75, 5.5, 3.25, 7.25], "texture": "#0"},
				"south": {"uv": [6.5, 6.75, 6.75, 8.5], "texture": "#0"},
				"west": {"uv": [3.25, 5.75, 3.75, 7.5], "texture": "#0"},
				"up": {"uv": [7, 5.25, 6.75, 4.75], "texture": "#0"},
				"down": {"uv": [6.25, 7.5, 6, 8], "texture": "#0"}
			}
		},
		{
			"from": [13.23535, 3.817, 11],
			"to": [14.23535, 7.817, 13],
			"rotation": {"angle": 45, "axis": "z", "origin": [13.32683, 6.7388, 11.5]},
			"faces": {
				"north": {"uv": [1.75, 7, 2, 8], "texture": "#0"},
				"east": {"uv": [1.5, 6, 2, 7], "texture": "#0"},
				"south": {"uv": [7.25, 3.75, 7.5, 4.75], "texture": "#0"},
				"west": {"uv": [6.25, 4, 6.75, 5], "texture": "#0"},
				"up": {"uv": [7.75, 7.25, 7.5, 6.75], "texture": "#0"},
				"down": {"uv": [7.25, 7.5, 7, 8], "texture": "#0"}
			}
		},
		{
			"from": [1.02694, 6.18384, 11],
			"to": [5.02694, 7.18384, 13],
			"rotation": {"angle": -45, "axis": "z", "origin": [4.67317, 9.2388, 11.5]},
			"faces": {
				"north": {"uv": [7.25, 5.75, 8.25, 6], "texture": "#0"},
				"east": {"uv": [7.25, 7.5, 7.75, 7.75], "texture": "#0"},
				"south": {"uv": [7.25, 6, 8.25, 6.25], "texture": "#0"},
				"west": {"uv": [7.5, 7.25, 8, 7.5], "texture": "#0"},
				"up": {"uv": [7.25, 6.25, 6.25, 5.75], "texture": "#0"},
				"down": {"uv": [7.25, 6.25, 6.25, 6.75], "texture": "#0"}
			}
		},
		{
			"from": [-4.5, -2, 11],
			"to": [-1.5, 4, 11],
			"faces": {
				"north": {"uv": [2.75, 4, 3.5, 5.5], "texture": "#0"},
				"east": {"uv": [0, 0, 0, 1.5], "texture": "#0"},
				"south": {"uv": [4.75, 2, 5.5, 3.5], "texture": "#0"},
				"west": {"uv": [0, 0, 0, 1.5], "texture": "#0"},
				"up": {"uv": [0.75, 0, 0, 0], "texture": "#0"},
				"down": {"uv": [0.75, 0, 0, 0], "texture": "#0"}
			}
		},
		{
			"from": [3, 0, 11],
			"to": [5, 7, 13],
			"rotation": {"angle": 45, "axis": "z", "origin": [4.5, 0.5, 11.5]},
			"faces": {
				"north": {"uv": [5.75, 3.5, 6.25, 5.25], "texture": "#0"},
				"east": {"uv": [5.25, 5.75, 5.75, 7.5], "texture": "#0"},
				"south": {"uv": [5.75, 5.75, 6.25, 7.5], "texture": "#0"},
				"west": {"uv": [0, 6, 0.5, 7.75], "texture": "#0"},
				"up": {"uv": [7.75, 6.75, 7.25, 6.25], "texture": "#0"},
				"down": {"uv": [3.75, 7.5, 3.25, 8], "texture": "#0"}
			}
		},
		{
			"from": [-6.40504, 3.58028, 11],
			"to": [0.59496, 5.58028, 13],
			"rotation": {"angle": 0, "axis": "y", "origin": [2.67317, 6.7388, 11.5]},
			"faces": {
				"north": {"uv": [6, 0, 7.75, 0.5], "texture": "#0"},
				"east": {"uv": [3.75, 7.5, 4.25, 8], "texture": "#0"},
				"south": {"uv": [6, 0.5, 7.75, 1], "texture": "#0"},
				"west": {"uv": [7.5, 3.75, 8, 4.25], "texture": "#0"},
				"up": {"uv": [7.75, 1.5, 6, 1], "texture": "#0"},
				"down": {"uv": [7.75, 1.5, 6, 2], "texture": "#0"}
			}
		},
		{
			"from": [-8.24999, 4.81544, 11],
			"to": [-7.24999, 11.81544, 13],
			"rotation": {"angle": 22.5, "axis": "z", "origin": [-4.07683, 8.7388, 11.5]},
			"faces": {
				"north": {"uv": [6.75, 6.75, 7, 8.5], "texture": "#0"},
				"east": {"uv": [0.5, 6, 1, 7.75], "texture": "#0"},
				"south": {"uv": [1.5, 7, 1.75, 8.75], "texture": "#0"},
				"west": {"uv": [1, 6, 1.5, 7.75], "texture": "#0"},
				"up": {"uv": [0.25, 8.25, 0, 7.75], "texture": "#0"},
				"down": {"uv": [8, 0, 7.75, 0.5], "texture": "#0"}
			}
		},
		{
			"from": [1.76465, 3.817, 11],
			"to": [2.76465, 7.817, 13],
			"rotation": {"angle": -45, "axis": "z", "origin": [2.67317, 6.7388, 11.5]},
			"faces": {
				"north": {"uv": [4.25, 7.5, 4.5, 8.5], "texture": "#0"},
				"east": {"uv": [3.75, 6.5, 4.25, 7.5], "texture": "#0"},
				"south": {"uv": [7.5, 4.25, 7.75, 5.25], "texture": "#0"},
				"west": {"uv": [4.25, 6.5, 4.75, 7.5], "texture": "#0"},
				"up": {"uv": [0.5, 8.25, 0.25, 7.75], "texture": "#0"},
				"down": {"uv": [0.75, 7.75, 0.5, 8.25], "texture": "#0"}
			}
		},
		{
			"from": [4, 4.25, 9],
			"to": [6, 7.25, 10],
			"faces": {
				"north": {"uv": [6.75, 4, 7.25, 4.75], "texture": "#0"},
				"east": {"uv": [4.5, 7.5, 4.75, 8.25], "texture": "#0"},
				"south": {"uv": [4.75, 7, 5.25, 7.75], "texture": "#0"},
				"west": {"uv": [5.25, 7.5, 5.5, 8.25], "texture": "#0"},
				"up": {"uv": [8.25, 0.75, 7.75, 0.5], "texture": "#0"},
				"down": {"uv": [1.25, 7.75, 0.75, 8], "texture": "#0"}
			}
		},
		{
			"from": [10, 4.25, 9],
			"to": [12, 7.25, 10],
			"faces": {
				"north": {"uv": [7, 4.75, 7.5, 5.5], "texture": "#0"},
				"east": {"uv": [5.5, 7.5, 5.75, 8.25], "texture": "#0"},
				"south": {"uv": [7, 6.75, 7.5, 7.5], "texture": "#0"},
				"west": {"uv": [5.75, 7.5, 6, 8.25], "texture": "#0"},
				"up": {"uv": [8.25, 1, 7.75, 0.75], "texture": "#0"},
				"down": {"uv": [8.25, 1, 7.75, 1.25], "texture": "#0"}
			}
		},
		{
			"from": [4, -3.75, 8],
			"to": [12, 4.25, 16],
			"faces": {
				"north": {"uv": [0, 0, 2, 2], "texture": "#0"},
				"east": {"uv": [0, 2, 2, 4], "texture": "#0"},
				"south": {"uv": [2, 0, 4, 2], "texture": "#0"},
				"west": {"uv": [2, 2, 4, 4], "texture": "#0"},
				"up": {"uv": [2, 6, 0, 4], "texture": "#0"},
				"down": {"uv": [6, 0, 4, 2], "texture": "#0"}
			}
		}
	],
	"display": {
		"thirdperson_righthand": {
			"rotation": [75, 45, 0],
			"translation": [-2.75, 2.75, 2.5],
			"scale": [0.375, 0.375, 0.375]
		},
		"thirdperson_lefthand": {
			"rotation": [75, 45, 0],
			"translation": [-2.75, 2.75, 2.5],
			"scale": [0.375, 0.375, 0.375]
		},
		"firstperson_righthand": {
			"rotation": [173.8, 59, 173.73],
			"translation": [0.75, 4.75, -0.25],
			"scale": [0.375, 0.375, 0.375]
		},
		"firstperson_lefthand": {
			"rotation": [173.8, 59, 173.73],
			"translation": [0.75, 4.75, -0.25],
			"scale": [0.375, 0.375, 0.375]
		},
		"ground": {
			"translation": [0, 7.75, -2.25],
			"scale": [0.5, 0.5, 0.5]
		},
		"gui": {
			"rotation": [30, 225, 0],
			"translation": [1.5, 2.5, 0],
			"scale": [0.52344, 0.52344, 0.52344]
		},
		"head": {
			"translation": [0, 11.5, -5.75],
			"scale": [1.5, 1.5, 1.5]
		},
		"fixed": {
			"translation": [0, 24.5, -14],
			"scale": [3, 3, 3]
		}
	},
	"groups": [
		{
			"name": "group",
			"origin": [8, 8, 8],
			"color": 0,
			"children": [
				{
					"name": "group",
					"origin": [2.67317, 6.7388, 11.5],
					"color": 0,
					"children": [0, 1, 2, 3, 4, 5]
				},
				{
					"name": "group",
					"origin": [2.67317, 6.7388, 11.5],
					"color": 0,
					"children": [6, 7, 8, 9, 10, 11]
				},
				{
					"name": "Orejas",
					"origin": [8, 8, 8],
					"color": 0,
					"children": [12, 13]
				},
				14
			]
		}
	]
}