{
	"credit": "Made with Blockbench",
	"texture_size": [32, 32],
	"textures": {
		"0": "item/hats/panda_hat2",
		"particle": "item/hats/panda_hat2"
	},
	"elements": [
		{
			"from": [3.5, 8, 3.5],
			"to": [12.5, 11, 12.5],
			"faces": {
				"north": {"uv": [5, 0, 9.5, 1.5], "texture": "#0"},
				"east": {"uv": [5, 2, 9.5, 3.5], "texture": "#0"},
				"south": {"uv": [5, 4, 9.5, 5.5], "texture": "#0"},
				"west": {"uv": [5, 6, 9.5, 7.5], "texture": "#0"},
				"up": {"uv": [4.5, 4.5, 0, 0], "texture": "#0"},
				"down": {"uv": [4.5, 5, 0, 9.5], "texture": "#0"}
			}
		},
		{
			"from": [7.25, 9.25, 3.25],
			"to": [8.75, 9.75, 3.5],
			"faces": {
				"north": {"uv": [10, 6, 10.75, 6.25], "texture": "#0"},
				"east": {"uv": [11, 0, 11.25, 0.25], "texture": "#0"},
				"south": {"uv": [10, 7, 10.75, 7.25], "texture": "#0"},
				"west": {"uv": [11, 1, 11.25, 1.25], "texture": "#0"},
				"up": {"uv": [8.75, 10.25, 8, 10], "texture": "#0"},
				"down": {"uv": [10.25, 10, 9.5, 10.25], "texture": "#0"}
			}
		},
		{
			"from": [2, 9.5, 7.5],
			"to": [5, 12.5, 8.5],
			"faces": {
				"north": {"uv": [5, 8, 6.5, 9.5], "texture": "#0"},
				"east": {"uv": [10, 0, 10.5, 1.5], "texture": "#0"},
				"south": {"uv": [7, 8, 8.5, 9.5], "texture": "#0"},
				"west": {"uv": [2, 10, 2.5, 11.5], "texture": "#0"},
				"up": {"uv": [11.5, 2.5, 10, 2], "texture": "#0"},
				"down": {"uv": [4.5, 10, 3, 10.5], "texture": "#0"}
			}
		},
		{
			"from": [11, 9.5, 7.5],
			"to": [14, 12.5, 8.5],
			"rotation": {"angle": 0, "axis": "y", "origin": [16, 0, 0]},
			"faces": {
				"north": {"uv": [9, 8, 10.5, 9.5], "texture": "#0"},
				"east": {"uv": [10, 3, 10.5, 4.5], "texture": "#0"},
				"south": {"uv": [0, 10, 1.5, 11.5], "texture": "#0"},
				"west": {"uv": [5, 10, 5.5, 11.5], "texture": "#0"},
				"up": {"uv": [11.5, 5.5, 10, 5], "texture": "#0"},
				"down": {"uv": [7.5, 10, 6, 10.5], "texture": "#0"}
			}
		}
	],
	"display": {
		"thirdperson_righthand": {
			"scale": [0.5, 0.5, 0.5]
		},
		"firstperson_righthand": {
			"scale": [0.5, 0.5, 0.5]
		},
		"firstperson_lefthand": {
			"scale": [0.5, 0.5, 0.5]
		},
		"gui": {
			"rotation": [34, 131, 0]
		},
		"head": {
			"translation": [0, 3, 0],
			"scale": [1.7, 1.7, 1.7]
		}
	}
}