{
	"texture_size": [32, 32],
	"textures": {
		"1": "item/hats/plague_doc_mask"
	},
	"elements": [
		{
			"from": [4, 7, 4],
			"to": [12, 10, 12],
			"faces": {
				"north": {"uv": [10, 2, 14, 3.5], "texture": "#1"},
				"east": {"uv": [10, 3.5, 14, 5], "texture": "#1"},
				"south": {"uv": [10, 5, 14, 6.5], "texture": "#1"},
				"west": {"uv": [6, 10, 10, 11.5], "texture": "#1"},
				"up": {"uv": [10, 4, 6, 0], "texture": "#1"},
				"down": {"uv": [10, 4, 6, 8], "texture": "#1"}
			}
		},
		{
			"from": [9, 3, 3],
			"to": [11, 5, 4],
			"faces": {
				"north": {"uv": [5, 12, 6, 13], "texture": "#1"},
				"east": {"uv": [12.5, 10.5, 13, 11.5], "texture": "#1"},
				"south": {"uv": [12.5, 8.5, 13.5, 9.5], "texture": "#1"},
				"west": {"uv": [11, 12.5, 11.5, 13.5], "texture": "#1"},
				"up": {"uv": [12.5, 13, 11.5, 12.5], "texture": "#1"},
				"down": {"uv": [13.5, 12.5, 12.5, 13], "texture": "#1"}
			}
		},
		{
			"from": [4, 1, 4],
			"to": [12, 5, 6],
			"faces": {
				"north": {"uv": [6, 8, 10, 10], "texture": "#1"},
				"east": {"uv": [8, 11.5, 9, 13.5], "texture": "#1"},
				"south": {"uv": [10, 0, 14, 2], "texture": "#1"},
				"west": {"uv": [9, 11.5, 10, 13.5], "texture": "#1"},
				"up": {"uv": [14, 7.5, 10, 6.5], "texture": "#1"},
				"down": {"uv": [14, 7.5, 10, 8.5], "texture": "#1"}
			}
		},
		{
			"from": [7, 1, -1],
			"to": [9, 4, 4],
			"faces": {
				"north": {"uv": [3, 12, 4, 13.5], "texture": "#1"},
				"east": {"uv": [10, 8.5, 12.5, 10], "texture": "#1"},
				"south": {"uv": [4, 12, 5, 13.5], "texture": "#1"},
				"west": {"uv": [10, 10, 12.5, 11.5], "texture": "#1"},
				"up": {"uv": [7, 14, 6, 11.5], "texture": "#1"},
				"down": {"uv": [8, 11.5, 7, 14], "texture": "#1"}
			}
		},
		{
			"from": [5, 3, 3],
			"to": [7, 5, 4],
			"faces": {
				"north": {"uv": [12.5, 9.5, 13.5, 10.5], "texture": "#1"},
				"east": {"uv": [0, 13, 0.5, 14], "texture": "#1"},
				"south": {"uv": [10, 12.5, 11, 13.5], "texture": "#1"},
				"west": {"uv": [0.5, 13, 1, 14], "texture": "#1"},
				"up": {"uv": [2, 13.5, 1, 13], "texture": "#1"},
				"down": {"uv": [3, 13, 2, 13.5], "texture": "#1"}
			}
		},
		{
			"from": [2, 6, 2],
			"to": [14, 7, 14],
			"faces": {
				"north": {"uv": [0, 14.5, 6, 15], "texture": "#1"},
				"east": {"uv": [0, 14.5, 6, 15], "texture": "#1"},
				"south": {"uv": [0, 14.5, 6, 15], "texture": "#1"},
				"west": {"uv": [0, 14.5, 6, 15], "texture": "#1"},
				"up": {"uv": [6, 6, 0, 0], "texture": "#1"},
				"down": {"uv": [6, 6, 0, 12], "texture": "#1"}
			}
		},
		{
			"from": [4, 1.1, 4.1],
			"to": [12, 2, 6],
			"faces": {
				"north": {"uv": [0, 0, 3, 0.5], "texture": "#missing"},
				"east": {"uv": [13.5, 12.5, 14.5, 13], "texture": "#1"},
				"south": {"uv": [12, 13, 16, 13.5], "texture": "#1"},
				"west": {"uv": [13.5, 12.5, 14.5, 13], "texture": "#1"},
				"up": {"uv": [0, 0, 3, 0.5], "texture": "#missing"},
				"down": {"uv": [12, 13, 16, 13.5], "texture": "#1"}
			}
		},
		{
			"from": [4, 5, 4],
			"to": [12, 6, 6],
			"faces": {
				"north": {"uv": [6, 14.5, 10, 15], "texture": "#1"},
				"east": {"uv": [10, 15, 11, 15.5], "texture": "#1"},
				"south": {"uv": [6, 15, 10, 15.5], "texture": "#1"},
				"west": {"uv": [10, 14.5, 11, 15], "texture": "#1"},
				"up": {"uv": [0, 0, 4, 1], "texture": "#missing"},
				"down": {"uv": [0, 0, 4, 1], "texture": "#missing"}
			}
		},
		{
			"from": [4, 4, 6],
			"to": [12, 5, 12],
			"faces": {
				"north": {"uv": [0, 0, 4, 0.5], "texture": "#missing"},
				"east": {"uv": [10.5, 7, 13.5, 7.5], "texture": "#1"},
				"south": {"uv": [12, 14, 16, 14.5], "texture": "#1"},
				"west": {"uv": [10.5, 7, 13.5, 7.5], "texture": "#1"},
				"up": {"uv": [1, 1, 5, 4], "texture": "#1"},
				"down": {"uv": [1, 1, 5, 4], "texture": "#1"}
			}
		},
		{
			"from": [5, 0, 4],
			"to": [11, 1, 4],
			"rotation": {"angle": -22.5, "axis": "x", "origin": [8, 1, 4]},
			"faces": {
				"north": {"uv": [6.5, 9.5, 9.5, 10], "texture": "#1"},
				"east": {"uv": [16, 16, 16, 16], "texture": "#missing"},
				"south": {"uv": [6.5, 9.5, 9.5, 10], "texture": "#1"},
				"west": {"uv": [9.5, 9.5, 10, 10], "texture": "#1"},
				"up": {"uv": [9.5, 10, 6.5, 9.5], "texture": "#missing"},
				"down": {"uv": [6.5, 9.5, 9.5, 10], "texture": "#1"}
			}
		}
	],
	"display": {
		"thirdperson_righthand": {
			"rotation": [75, 45, 0],
			"translation": [0, 2.5, 0],
			"scale": [0.375, 0.375, 0.375]
		},
		"thirdperson_lefthand": {
			"rotation": [75, 45, 0],
			"translation": [0, 2.5, 0],
			"scale": [0.375, 0.375, 0.375]
		},
		"firstperson_righthand": {
			"rotation": [0, 0, 15],
			"translation": [1.13, 3.2, 1.13],
			"scale": [0.68, 0.68, 0.68]
		},
		"firstperson_lefthand": {
			"rotation": [0, 0, 15],
			"translation": [1.13, 3.2, 1.13],
			"scale": [0.68, 0.68, 0.68]
		},
		"ground": {
			"translation": [0, 3, 0],
			"scale": [0.25, 0.25, 0.25]
		},
		"gui": {
			"rotation": [30, 225, 0],
			"translation": [0, 3, 0],
			"scale": [0.9, 0.9, 0.9]
		},
		"head": {
			"translation": [0, 5, 0],
			"scale": [1.63, 1.63, 1.63]
		},
		"fixed": {
			"translation": [0, 3.75, -1],
			"scale": [1.35, 1.35, 1.35]
		}
	}
}