{
	"credit": "Made with Blockbench",
	"texture_size": [32, 32],
	"textures": {
		"0": "item/hats/quest_yellow",
		"particle": "item/hats/quest_yellow"
	},
	"elements": [
		{
			"from": [6.5, 0, 6.5],
			"to": [9.5, 3, 9.5],
			"faces": {
				"north": {"uv": [5.5, 5.5, 7, 7], "texture": "#0"},
				"east": {"uv": [5.5, 5.5, 7, 7], "texture": "#0"},
				"south": {"uv": [5.5, 5.5, 7, 7], "texture": "#0"},
				"west": {"uv": [5.5, 5.5, 7, 7], "texture": "#0"},
				"up": {"uv": [7.5, 1.5, 6, 0], "texture": "#0"},
				"down": {"uv": [7.5, 1.5, 6, 3], "texture": "#0"}
			}
		},
		{
			"from": [6.5, 5, 6.5],
			"to": [9.5, 8, 9.5],
			"faces": {
				"north": {"uv": [7, 3, 8.5, 4.5], "texture": "#0"},
				"east": {"uv": [7, 3, 8.5, 4.5], "texture": "#0"},
				"south": {"uv": [7, 3, 8.5, 4.5], "texture": "#0"},
				"west": {"uv": [7, 3, 8.5, 4.5], "texture": "#0"},
				"up": {"uv": [6, 8.5, 4.5, 7], "texture": "#0"},
				"down": {"uv": [8.5, 4.5, 7, 6], "texture": "#0"}
			}
		},
		{
			"from": [6, 8, 6],
			"to": [10, 15, 10],
			"faces": {
				"north": {"uv": [2, 3.5, 4, 7], "texture": "#0"},
				"east": {"uv": [2, 3.5, 4, 7], "texture": "#0"},
				"south": {"uv": [2, 3.5, 4, 7], "texture": "#0"},
				"west": {"uv": [2, 3.5, 4, 7], "texture": "#0"},
				"up": {"uv": [6, 2, 4, 0], "texture": "#0"},
				"down": {"uv": [6, 2, 4, 4], "texture": "#0"}
			}
		}
	],
	"display": {
		"thirdperson_righthand": {
			"rotation": [75, 45, 0],
			"translation": [0, 1.5, 2.75],
			"scale": [0.5, 0.5, 0.5]
		},
		"thirdperson_lefthand": {
			"rotation": [75, 45, 0],
			"translation": [0, 1.5, 2.75],
			"scale": [0.5, 0.5, 0.5]
		},
		"firstperson_righthand": {
			"rotation": [0, 225, 0],
			"translation": [0, 2.75, 0],
			"scale": [0.4, 0.4, 0.4]
		},
		"firstperson_lefthand": {
			"rotation": [0, 225, 0],
			"translation": [0, 2.75, 0],
			"scale": [0.4, 0.4, 0.4]
		},
		"ground": {
			"translation": [0, 3, 0],
			"scale": [1, 1, 1]
		},
		"gui": {
			"rotation": [30, 225, 0],
			"translation": [0, 0.75, 0],
			"scale": [0.8, 0.8, 0.8]
		},
		"head": {
			"translation": [0, 20, 0]
		},
		"fixed": {
			"rotation": [-90, 0, 0],
			"translation": [0, 0, -7]
		}
	}
}