{
	"texture_size": [32, 32],
	"textures": {
		"0": "item/hats/racoonhat",
		"particle": "item/hats/racoonhat"
	},
	"elements": [
		{
			"from": [7.55, 7.5, 4.2],
			"to": [14.55, 12.5, 10.2],
			"rotation": {"angle": -22.5, "axis": "y", "origin": [13.15, 9, 6]},
			"faces": {
				"north": {"uv": [0.5, 13.5, 4, 16], "texture": "#0"},
				"east": {"uv": [11.5, 13.5, 8.5, 16], "texture": "#0"},
				"south": {"uv": [13, 9, 15.5, 13], "rotation": 90, "texture": "#0"},
				"west": {"uv": [8.5, 13.5, 11.5, 16], "texture": "#0"},
				"up": {"uv": [12, 13, 15.5, 16], "texture": "#0"},
				"down": {"uv": [4.5, 0, 8.5, 3], "texture": "#0"}
			}
		},
		{
			"from": [7.11899, 13.9, 4.22367],
			"to": [9.11899, 15.9, 5.22367],
			"rotation": {"angle": 22.5, "axis": "z", "origin": [12.86899, 12.5, 7.72367]},
			"faces": {
				"north": {"uv": [6.5, 15, 7.5, 16], "texture": "#0"},
				"east": {"uv": [6.5, 15, 6, 16], "texture": "#0"},
				"south": {"uv": [5, 15, 6, 16], "texture": "#0"},
				"west": {"uv": [6, 15, 6.5, 16], "texture": "#0"},
				"up": {"uv": [6.5, 14.5, 7.5, 15], "texture": "#0"},
				"down": {"uv": [5, 15.5, 6, 16], "texture": "#0"}
			}
		},
		{
			"from": [13.11899, 12.2, 6.22367],
			"to": [15.11899, 14.2, 7.22367],
			"rotation": {"angle": -45, "axis": "x", "origin": [14.11899, 12.9, 6.72367]},
			"faces": {
				"north": {"uv": [4, 15, 5, 16], "texture": "#0"},
				"east": {"uv": [6.5, 15, 6, 16], "texture": "#0"},
				"south": {"uv": [5, 15, 6, 16], "texture": "#0"},
				"west": {"uv": [6, 15, 6.5, 16], "texture": "#0"},
				"up": {"uv": [6.5, 14.5, 7.5, 15], "texture": "#0"},
				"down": {"uv": [5, 14.5, 6, 15], "texture": "#0"}
			}
		},
		{
			"from": [9.55, 7.5, 2.2],
			"to": [12.55, 9.5, 4.2],
			"rotation": {"angle": -22.5, "axis": "y", "origin": [13.15, 9, 6]},
			"faces": {
				"north": {"uv": [14.5, 0, 16, 1], "texture": "#0"},
				"east": {"uv": [16, 2.5, 15, 3.5], "texture": "#0"},
				"south": {"uv": [12, 0, 14, 1.5], "texture": "#0"},
				"west": {"uv": [15, 2.5, 16, 3.5], "texture": "#0"},
				"up": {"uv": [14.5, 1, 16, 2], "texture": "#0"},
				"down": {"uv": [14.5, 3.5, 16, 4.5], "texture": "#0"}
			}
		},
		{
			"from": [3.5, 4, 3.5],
			"to": [12.5, 7, 11.5],
			"faces": {
				"north": {"uv": [0, 11, 4.5, 12.5], "texture": "#0"},
				"east": {"uv": [11, 5.5, 15, 7], "texture": "#0"},
				"south": {"uv": [11, 4, 15.5, 5.5], "texture": "#0"},
				"west": {"uv": [11, 7, 15, 8.5], "texture": "#0"},
				"up": {"uv": [9, 4, 4.5, 0], "texture": "#0"},
				"down": {"uv": [9, 4, 4.5, 8], "texture": "#0"}
			}
		},
		{
			"from": [3.2, 5.2, 3.95],
			"to": [12.8, 9.8, 13.55],
			"rotation": {"angle": 22.5, "axis": "x", "origin": [8, 8, 8]},
			"faces": {
				"north": {"uv": [4.5, 8, 9, 10], "texture": "#0"},
				"east": {"uv": [0, 9, 4.5, 11], "texture": "#0"},
				"south": {"uv": [9, 0, 13.5, 2], "texture": "#0"},
				"west": {"uv": [9, 2, 13.5, 4], "texture": "#0"},
				"up": {"uv": [4.5, 4.5, 0, 0], "texture": "#0"},
				"down": {"uv": [4.5, 4.5, 0, 9], "texture": "#0"}
			}
		},
		{
			"name": "tall",
			"from": [6, -1.75, 14],
			"to": [10, 6.25, 18],
			"rotation": {"angle": -22.5, "axis": "x", "origin": [8, 1, 14]},
			"faces": {
				"north": {"uv": [9, 4, 11, 8], "texture": "#0"},
				"east": {"uv": [9, 8, 11, 12], "texture": "#0"},
				"south": {"uv": [4.5, 10, 6.5, 14], "texture": "#0"},
				"west": {"uv": [6.5, 10, 8.5, 14], "texture": "#0"},
				"up": {"uv": [13, 10.5, 11, 8.5], "texture": "#0"},
				"down": {"uv": [13, 10.5, 11, 12.5], "texture": "#0"}
			}
		}
	],
	"display": {
		"thirdperson_righthand": {
			"rotation": [75, 45, 0],
			"translation": [0, 2.5, 0],
			"scale": [0.375, 0.375, 0.375]
		},
		"thirdperson_lefthand": {
			"rotation": [75, 45, 0],
			"translation": [0, 2.5, 0],
			"scale": [0.375, 0.375, 0.375]
		},
		"firstperson_righthand": {
			"rotation": [0, 0, 15],
			"translation": [1.13, 3.2, 1.13],
			"scale": [0.68, 0.68, 0.68]
		},
		"firstperson_lefthand": {
			"rotation": [0, 0, 15],
			"translation": [1.13, 3.2, 1.13],
			"scale": [0.68, 0.68, 0.68]
		},
		"ground": {
			"translation": [0, 3, 0],
			"scale": [0.25, 0.25, 0.25]
		},
		"gui": {
			"rotation": [30, 225, 0],
			"translation": [0.75, 1, 0],
			"scale": [0.9, 0.9, 0.9]
		},
		"head": {
			"translation": [0, 6.75, 0],
			"scale": [1.7, 1.7, 1.7]
		},
		"fixed": {
			"translation": [0, 0.5, 0],
			"scale": [1.3, 1.3, 1.3]
		}
	},
	"groups": [
		{
			"name": "h",
			"origin": [13, 9, 6],
			"color": 0,
			"children": [0, 1, 2, 3]
		},
		{
			"name": "b",
			"origin": [13, 9, 6],
			"color": 0,
			"children": [4, 5]
		},
		6
	]
}