{
	"credit": "Made with Blockbench",
	"texture_size": [64, 64],
	"textures": {
		"0": "item/hats/rainbow",
		"particle": "item/hats/rainbow"
	},
	"elements": [
		{
			"from": [3, 0, -2],
			"to": [13, 1, 0],
			"rotation": {"angle": 0, "axis": "y", "origin": [3, 0, -1]},
			"faces": {
				"north": {"uv": [7, 7.5, 9.5, 7.75], "texture": "#0"},
				"east": {"uv": [5, 8.25, 5.5, 8.5], "texture": "#0"},
				"south": {"uv": [0, 7.75, 2.5, 8], "texture": "#0"},
				"west": {"uv": [5.5, 8.25, 6, 8.5], "texture": "#0"},
				"up": {"uv": [9.5, 6.5, 7, 6], "texture": "#0"},
				"down": {"uv": [9.5, 6.5, 7, 7], "texture": "#0"}
			}
		},
		{
			"from": [1, 0, 0],
			"to": [15, 1, 16],
			"rotation": {"angle": 0, "axis": "y", "origin": [1, 0, 1]},
			"faces": {
				"north": {"uv": [0, 7.5, 3.5, 7.75], "texture": "#0"},
				"east": {"uv": [7, 7, 11, 7.25], "texture": "#0"},
				"south": {"uv": [3.5, 7.5, 7, 7.75], "texture": "#0"},
				"west": {"uv": [7, 7.25, 11, 7.5], "texture": "#0"},
				"up": {"uv": [3.5, 4, 0, 0], "texture": "#0"},
				"down": {"uv": [7, 0, 3.5, 4], "texture": "#0"}
			}
		},
		{
			"from": [1, 1, 2],
			"to": [15, 7, 16],
			"rotation": {"angle": 0, "axis": "y", "origin": [1, 1, 3]},
			"faces": {
				"north": {"uv": [7, 0, 10.5, 1.5], "texture": "#0"},
				"east": {"uv": [7, 1.5, 10.5, 3], "texture": "#0"},
				"south": {"uv": [7, 3, 10.5, 4.5], "texture": "#0"},
				"west": {"uv": [7, 4.5, 10.5, 6], "texture": "#0"},
				"up": {"uv": [3.5, 7.5, 0, 4], "texture": "#0"},
				"down": {"uv": [7, 4, 3.5, 7.5], "texture": "#0"}
			}
		},
		{
			"from": [7, 7, 8],
			"to": [9, 7.5, 10],
			"rotation": {"angle": 0, "axis": "y", "origin": [7, 7, 8]},
			"faces": {
				"north": {"uv": [6, 8.25, 6.5, 8.5], "texture": "#0"},
				"east": {"uv": [7.5, 8.25, 8, 8.5], "texture": "#0"},
				"south": {"uv": [8, 8.25, 8.5, 8.5], "texture": "#0"},
				"west": {"uv": [0, 8.5, 0.5, 8.75], "texture": "#0"},
				"up": {"uv": [8, 8.25, 7.5, 7.75], "texture": "#0"},
				"down": {"uv": [0.5, 8, 0, 8.5], "texture": "#0"}
			}
		},
		{
			"from": [6.5, 7, 6],
			"to": [9.5, 7.5, 8],
			"rotation": {"angle": 0, "axis": "y", "origin": [7, 7, 6]},
			"faces": {
				"north": {"uv": [8, 7.75, 8.75, 8], "texture": "#0"},
				"east": {"uv": [0.5, 8.5, 1, 8.75], "texture": "#0"},
				"south": {"uv": [8, 8, 8.75, 8.25], "texture": "#0"},
				"west": {"uv": [1, 8.5, 1.5, 8.75], "texture": "#0"},
				"up": {"uv": [4.25, 8.25, 3.5, 7.75], "texture": "#0"},
				"down": {"uv": [5, 7.75, 4.25, 8.25], "texture": "#0"}
			}
		},
		{
			"from": [6.5, 7, 10],
			"to": [9.5, 7.5, 12],
			"rotation": {"angle": 0, "axis": "y", "origin": [7, 7, 10]},
			"faces": {
				"north": {"uv": [0.5, 8.25, 1.25, 8.5], "texture": "#0"},
				"east": {"uv": [1.5, 8.5, 2, 8.75], "texture": "#0"},
				"south": {"uv": [1.25, 8.25, 2, 8.5], "texture": "#0"},
				"west": {"uv": [2, 8.5, 2.5, 8.75], "texture": "#0"},
				"up": {"uv": [5.75, 8.25, 5, 7.75], "texture": "#0"},
				"down": {"uv": [6.5, 7.75, 5.75, 8.25], "texture": "#0"}
			}
		},
		{
			"from": [5, 7, 7.5],
			"to": [7, 7.5, 10.5],
			"rotation": {"angle": 0, "axis": "y", "origin": [5, 7, 10]},
			"faces": {
				"north": {"uv": [2.5, 8.5, 3, 8.75], "texture": "#0"},
				"east": {"uv": [3.5, 8.25, 4.25, 8.5], "texture": "#0"},
				"south": {"uv": [3, 8.5, 3.5, 8.75], "texture": "#0"},
				"west": {"uv": [4.25, 8.25, 5, 8.5], "texture": "#0"},
				"up": {"uv": [7, 8.5, 6.5, 7.75], "texture": "#0"},
				"down": {"uv": [7.5, 7.75, 7, 8.5], "texture": "#0"}
			}
		},
		{
			"from": [9, 7, 7.5],
			"to": [11, 7.5, 10.5],
			"rotation": {"angle": 0, "axis": "y", "origin": [9, 7, 10]},
			"faces": {
				"north": {"uv": [2, 8, 2.5, 8.25], "texture": "#0"},
				"east": {"uv": [0.5, 8, 1.25, 8.25], "texture": "#0"},
				"south": {"uv": [2, 8.25, 2.5, 8.5], "texture": "#0"},
				"west": {"uv": [1.25, 8, 2, 8.25], "texture": "#0"},
				"up": {"uv": [3, 8.5, 2.5, 7.75], "texture": "#0"},
				"down": {"uv": [3.5, 7.75, 3, 8.5], "texture": "#0"}
			}
		}
	],
	"display": {
		"thirdperson_righthand": {
			"translation": [0, 1.75, 0],
			"scale": [0.6, 0.6, 0.6]
		},
		"thirdperson_lefthand": {
			"translation": [0, 1.75, 0],
			"scale": [0.6, 0.6, 0.6]
		},
		"head": {
			"rotation": [0, 0, 3],
			"translation": [-0.25, 9, -1.5]
		}
	},
	"groups": [
		{
			"name": "group",
			"origin": [8, 8, 8],
			"color": 0,
			"children": [0, 1, 2, 3, 4, 5, 6, 7]
		}
	]
}