{
	"credit": "Made with Blockbench",
	"parent": "carved_pumpkin",
	"texture_size": [32, 32],
	"textures": {
		"0": "item/hats/ram_gray",
		"particle": "item/hats/ram_gray"
	},
	"elements": [
		{
			"from": [1, 5, 8.5],
			"to": [5, 9, 11.5],
			"rotation": {"angle": 0, "axis": "x", "origin": [6, 8, 4]},
			"faces": {
				"north": {"uv": [0, 0, 2, 2], "texture": "#0"},
				"east": {"uv": [2, 0, 3.5, 2], "texture": "#0"},
				"south": {"uv": [0, 2, 2, 4], "texture": "#0"},
				"west": {"uv": [2, 2, 3.5, 4], "texture": "#0"},
				"up": {"uv": [5.5, 1.5, 3.5, 0], "texture": "#0"},
				"down": {"uv": [5.5, 1.5, 3.5, 3], "texture": "#0"}
			}
		},
		{
			"from": [10.75, 2.5, 3.25],
			"to": [11.75, 3.5, 4.25],
			"rotation": {"angle": 0, "axis": "y", "origin": [10, 8, 4]},
			"faces": {
				"north": {"uv": [7, 8, 6.5, 8.5], "texture": "#0"},
				"east": {"uv": [8.5, 7.5, 8, 8], "texture": "#0"},
				"south": {"uv": [8.5, 7, 8, 7.5], "texture": "#0"},
				"west": {"uv": [8.5, 6.5, 8, 7], "texture": "#0"},
				"up": {"uv": [8, 8.5, 8.5, 8], "texture": "#0"},
				"down": {"uv": [0, 8.5, 0.5, 9], "texture": "#0"}
			}
		},
		{
			"from": [11.5, 2, 2.75],
			"to": [12.5, 3, 3.75],
			"rotation": {"angle": 0, "axis": "y", "origin": [10, 8, 4]},
			"faces": {
				"north": {"uv": [8.5, 2, 8, 2.5], "texture": "#0"},
				"east": {"uv": [8.5, 5.5, 8, 6], "texture": "#0"},
				"south": {"uv": [8.5, 5, 8, 5.5], "texture": "#0"},
				"west": {"uv": [8.5, 2.5, 8, 3], "texture": "#0"},
				"up": {"uv": [6, 8.5, 6.5, 8], "texture": "#0"},
				"down": {"uv": [8, 6, 8.5, 6.5], "texture": "#0"}
			}
		},
		{
			"from": [12.5, 1.5, 3.25],
			"to": [14.5, 3.5, 4.25],
			"rotation": {"angle": 0, "axis": "y", "origin": [10, 8, 4]},
			"faces": {
				"north": {"uv": [8.5, 4, 7.5, 5], "texture": "#0"},
				"east": {"uv": [8.5, 0, 8, 1], "texture": "#0"},
				"south": {"uv": [8, 7.5, 7, 8.5], "texture": "#0"},
				"west": {"uv": [3.5, 4, 3, 5], "texture": "#0"},
				"up": {"uv": [8, 1.5, 9, 1], "texture": "#0"},
				"down": {"uv": [8, 1.5, 9, 2], "texture": "#0"}
			}
		},
		{
			"from": [13.5, 1.25, 3.75],
			"to": [15.5, 3.25, 5.75],
			"rotation": {"angle": 0, "axis": "y", "origin": [10, 8, 4]},
			"faces": {
				"north": {"uv": [7, 7, 6, 8], "texture": "#0"},
				"east": {"uv": [2, 7.5, 1, 8.5], "texture": "#0"},
				"south": {"uv": [1, 7.5, 0, 8.5], "texture": "#0"},
				"west": {"uv": [8, 6.5, 7, 7.5], "texture": "#0"},
				"up": {"uv": [2, 8.5, 3, 7.5], "texture": "#0"},
				"down": {"uv": [7.5, 3, 8.5, 4], "texture": "#0"}
			}
		},
		{
			"from": [14.25, 1.75, 5],
			"to": [16.25, 4.75, 8],
			"rotation": {"angle": 0, "axis": "y", "origin": [10, 8, 4]},
			"faces": {
				"north": {"uv": [4, 7, 3, 8.5], "texture": "#0"},
				"east": {"uv": [3, 6, 1.5, 7.5], "texture": "#0"},
				"south": {"uv": [5, 7, 4, 8.5], "texture": "#0"},
				"west": {"uv": [1.5, 6, 0, 7.5], "texture": "#0"},
				"up": {"uv": [5, 8.5, 6, 7], "texture": "#0"},
				"down": {"uv": [7, 5, 8, 6.5], "texture": "#0"}
			}
		},
		{
			"from": [14.75, 2.75, 6.5],
			"to": [16.75, 6.75, 9.5],
			"rotation": {"angle": 0, "axis": "y", "origin": [10, 8, 4]},
			"faces": {
				"north": {"uv": [7, 5, 6, 7], "texture": "#0"},
				"east": {"uv": [6, 5, 4.5, 7], "texture": "#0"},
				"south": {"uv": [7.5, 3, 6.5, 5], "texture": "#0"},
				"west": {"uv": [6.5, 3, 5, 5], "texture": "#0"},
				"up": {"uv": [7, 1.5, 8, 0], "texture": "#0"},
				"down": {"uv": [7, 1.5, 8, 3], "texture": "#0"}
			}
		},
		{
			"from": [13, 4, 7.5],
			"to": [16, 8, 10.5],
			"rotation": {"angle": 0, "axis": "y", "origin": [10, 8, 4]},
			"faces": {
				"north": {"uv": [5, 3, 3.5, 5], "texture": "#0"},
				"east": {"uv": [4.5, 5, 3, 7], "texture": "#0"},
				"south": {"uv": [3, 4, 1.5, 6], "texture": "#0"},
				"west": {"uv": [1.5, 4, 0, 6], "texture": "#0"},
				"up": {"uv": [5.5, 1.5, 7, 0], "texture": "#0"},
				"down": {"uv": [5.5, 1.5, 7, 3], "texture": "#0"}
			}
		},
		{
			"from": [11, 5, 8.5],
			"to": [15, 9, 11.5],
			"rotation": {"angle": 0, "axis": "y", "origin": [10, 8, 4]},
			"faces": {
				"north": {"uv": [2, 0, 0, 2], "texture": "#0"},
				"east": {"uv": [3.5, 2, 2, 4], "texture": "#0"},
				"south": {"uv": [2, 2, 0, 4], "texture": "#0"},
				"west": {"uv": [3.5, 0, 2, 2], "texture": "#0"},
				"up": {"uv": [3.5, 1.5, 5.5, 0], "texture": "#0"},
				"down": {"uv": [3.5, 1.5, 5.5, 3], "texture": "#0"}
			}
		},
		{
			"from": [0, 4, 7.5],
			"to": [3, 8, 10.5],
			"rotation": {"angle": 0, "axis": "x", "origin": [6, 8, 4]},
			"faces": {
				"north": {"uv": [3.5, 3, 5, 5], "texture": "#0"},
				"east": {"uv": [0, 4, 1.5, 6], "texture": "#0"},
				"south": {"uv": [1.5, 4, 3, 6], "texture": "#0"},
				"west": {"uv": [3, 5, 4.5, 7], "texture": "#0"},
				"up": {"uv": [7, 1.5, 5.5, 0], "texture": "#0"},
				"down": {"uv": [7, 1.5, 5.5, 3], "texture": "#0"}
			}
		},
		{
			"from": [-0.75, 2.75, 6.5],
			"to": [1.25, 6.75, 9.5],
			"rotation": {"angle": 0, "axis": "x", "origin": [6, 8, 4]},
			"faces": {
				"north": {"uv": [6, 5, 7, 7], "texture": "#0"},
				"east": {"uv": [5, 3, 6.5, 5], "texture": "#0"},
				"south": {"uv": [6.5, 3, 7.5, 5], "texture": "#0"},
				"west": {"uv": [4.5, 5, 6, 7], "texture": "#0"},
				"up": {"uv": [8, 1.5, 7, 0], "texture": "#0"},
				"down": {"uv": [8, 1.5, 7, 3], "texture": "#0"}
			}
		},
		{
			"from": [-0.25, 1.75, 5],
			"to": [1.75, 4.75, 8],
			"rotation": {"angle": 0, "axis": "x", "origin": [6, 8, 4]},
			"faces": {
				"north": {"uv": [3, 7, 4, 8.5], "texture": "#0"},
				"east": {"uv": [0, 6, 1.5, 7.5], "texture": "#0"},
				"south": {"uv": [4, 7, 5, 8.5], "texture": "#0"},
				"west": {"uv": [1.5, 6, 3, 7.5], "texture": "#0"},
				"up": {"uv": [6, 8.5, 5, 7], "texture": "#0"},
				"down": {"uv": [8, 5, 7, 6.5], "texture": "#0"}
			}
		},
		{
			"from": [0.5, 1.25, 3.75],
			"to": [2.5, 3.25, 5.75],
			"rotation": {"angle": 0, "axis": "x", "origin": [6, 8, 4]},
			"faces": {
				"north": {"uv": [6, 7, 7, 8], "texture": "#0"},
				"east": {"uv": [7, 6.5, 8, 7.5], "texture": "#0"},
				"south": {"uv": [0, 7.5, 1, 8.5], "texture": "#0"},
				"west": {"uv": [1, 7.5, 2, 8.5], "texture": "#0"},
				"up": {"uv": [3, 8.5, 2, 7.5], "texture": "#0"},
				"down": {"uv": [8.5, 3, 7.5, 4], "texture": "#0"}
			}
		},
		{
			"from": [1.5, 1.5, 3.25],
			"to": [3.5, 3.5, 4.25],
			"rotation": {"angle": 0, "axis": "x", "origin": [6, 8, 4]},
			"faces": {
				"north": {"uv": [7.5, 4, 8.5, 5], "texture": "#0"},
				"east": {"uv": [3, 4, 3.5, 5], "texture": "#0"},
				"south": {"uv": [7, 7.5, 8, 8.5], "texture": "#0"},
				"west": {"uv": [8, 0, 8.5, 1], "texture": "#0"},
				"up": {"uv": [9, 1.5, 8, 1], "texture": "#0"},
				"down": {"uv": [9, 1.5, 8, 2], "texture": "#0"}
			}
		},
		{
			"from": [3.5, 2, 2.75],
			"to": [4.5, 3, 3.75],
			"rotation": {"angle": 0, "axis": "x", "origin": [6, 8, 4]},
			"faces": {
				"north": {"uv": [8, 2, 8.5, 2.5], "texture": "#0"},
				"east": {"uv": [8, 2.5, 8.5, 3], "texture": "#0"},
				"south": {"uv": [8, 5, 8.5, 5.5], "texture": "#0"},
				"west": {"uv": [8, 5.5, 8.5, 6], "texture": "#0"},
				"up": {"uv": [6.5, 8.5, 6, 8], "texture": "#0"},
				"down": {"uv": [8.5, 6, 8, 6.5], "texture": "#0"}
			}
		},
		{
			"from": [4.25, 2.5, 3.25],
			"to": [5.25, 3.5, 4.25],
			"rotation": {"angle": 0, "axis": "x", "origin": [6, 8, 4]},
			"faces": {
				"north": {"uv": [6.5, 8, 7, 8.5], "texture": "#0"},
				"east": {"uv": [8, 6.5, 8.5, 7], "texture": "#0"},
				"south": {"uv": [8, 7, 8.5, 7.5], "texture": "#0"},
				"west": {"uv": [8, 7.5, 8.5, 8], "texture": "#0"},
				"up": {"uv": [8.5, 8.5, 8, 8], "texture": "#0"},
				"down": {"uv": [0.5, 8.5, 0, 9], "texture": "#0"}
			}
		}
	],
	"display": {
		"thirdperson_righthand": {
			"rotation": [70.5, 0, 0],
			"translation": [0, 0, 3.25],
			"scale": [0.76758, 0.76758, 0.76758]
		},
		"thirdperson_lefthand": {
			"rotation": [70.5, 0, 0],
			"translation": [0, 0, 3.25],
			"scale": [0.76758, 0.76758, 0.76758]
		},
		"firstperson_righthand": {
			"rotation": [156.66, 30.01, -178.94],
			"translation": [0.25, 4.5, 0],
			"scale": [0.76, 0.75, 0.74]
		},
		"firstperson_lefthand": {
			"rotation": [156.66, 30.01, -178.94],
			"translation": [0.25, 4.5, 0],
			"scale": [0.76, 0.75, 0.74]
		},
		"ground": {
			"scale": [0.7832, 0.7832, 0.7832]
		},
		"gui": {
			"rotation": [22.21, -180, 0],
			"translation": [0.25, 2.75, 0],
			"scale": [0.9, 0.9, 0.9]
		},
		"head": {
			"translation": [0, 6.5, -2.5],
			"scale": [1.7, 1.7, 1.7]
		},
		"fixed": {
			"translation": [0, 0, -4.5],
			"scale": [2, 2, 2]
		}
	}
}