{
	"credit": "Made with Blockbench",
	"parent": "carved_pumpkin",
	"textures": {
		"0": "item/hats/ravager_black",
		"particle": "item/hats/ravager_black"
	},
	"elements": [
		{
			"from": [2.25, 5, 6],
			"to": [4.25, 13, 8],
			"rotation": {"angle": -45, "axis": "x", "origin": [3, 7.5, 8]},
			"faces": {
				"north": {"uv": [0, 0, 2, 8], "texture": "#0"},
				"east": {"uv": [2, 0, 4, 8], "texture": "#0"},
				"south": {"uv": [4, 0, 6, 8], "texture": "#0"},
				"west": {"uv": [6, 0, 8, 8], "texture": "#0"},
				"up": {"uv": [8, 10, 6, 8], "texture": "#0"},
				"down": {"uv": [10, 8, 8, 10], "texture": "#0"}
			}
		},
		{
			"from": [11.75, 5, 6],
			"to": [13.75, 13, 8],
			"rotation": {"angle": -45, "axis": "x", "origin": [3, 7.5, 8]},
			"faces": {
				"north": {"uv": [0, 8, 2, 16], "texture": "#0"},
				"east": {"uv": [8, 0, 10, 8], "texture": "#0"},
				"south": {"uv": [2, 8, 4, 16], "texture": "#0"},
				"west": {"uv": [4, 8, 6, 16], "texture": "#0"},
				"up": {"uv": [12, 2, 10, 0], "texture": "#0"},
				"down": {"uv": [12, 2, 10, 4], "texture": "#0"}
			}
		}
	],
	"display": {
		"thirdperson_righthand": {
			"translation": [0, 0, 3.25]
		},
		"thirdperson_lefthand": {
			"translation": [0, 0, 3.25]
		},
		"firstperson_righthand": {
			"rotation": [0, 141, 0],
			"translation": [1.25, 3.75, 0],
			"scale": [0.76, 0.75, 0.74]
		},
		"firstperson_lefthand": {
			"rotation": [0, 141, 0],
			"translation": [1.25, 3.75, 0],
			"scale": [0.76, 0.75, 0.74]
		},
		"gui": {
			"rotation": [25, 9, 0],
			"translation": [0.25, -1.75, 0],
			"scale": [1.2, 1.2, 1.2]
		},
		"head": {
			"translation": [0, 6.75, 0.75],
			"scale": [1.7, 1.7, 1.7]
		},
		"fixed": {
			"translation": [1, 0, -1],
			"scale": [2, 2, 2]
		}
	}
}