{
	"texture_size": [64, 64],
	"textures": {
		"0": "item/hats/kabuto",
		"particle": "item/hats/kabuto"
	},
	"elements": [
		{
			"from": [4, 3, 4],
			"to": [12, 6, 4],
			"rotation": {"angle": 45, "axis": "x", "origin": [8, 6, 4]},
			"faces": {
				"north": {"uv": [6, 4.5, 8, 5.25], "texture": "#0"},
				"east": {"uv": [0, 0, 0, 0.75], "texture": "#0"},
				"south": {"uv": [6, 5.25, 8, 6], "texture": "#0"},
				"west": {"uv": [0, 0, 0, 0.75], "texture": "#0"},
				"up": {"uv": [2, 0, 0, 0], "texture": "#0"},
				"down": {"uv": [2, 0, 0, 0], "texture": "#0"}
			}
		},
		{
			"from": [4, 5, 4],
			"to": [12, 8, 14],
			"faces": {
				"north": {"uv": [1, 6.25, 3, 7], "texture": "#0"},
				"east": {"uv": [6, 3.75, 8.5, 4.5], "texture": "#0"},
				"south": {"uv": [3, 6.75, 5, 7.5], "texture": "#0"},
				"west": {"uv": [4.5, 6, 7, 6.75], "texture": "#0"},
				"up": {"uv": [5, 2.5, 3, 0], "texture": "#0"},
				"down": {"uv": [5, 2.5, 3, 5], "texture": "#0"}
			}
		},
		{
			"from": [4, 0, 13],
			"to": [12, 5, 14],
			"rotation": {"angle": -22.5, "axis": "x", "origin": [8, 5, 13]},
			"faces": {
				"north": {"uv": [2.5, 5, 4.5, 6.25], "texture": "#0"},
				"east": {"uv": [3, 7.5, 3.25, 8.75], "texture": "#0"},
				"south": {"uv": [5, 2.5, 7, 3.75], "texture": "#0"},
				"west": {"uv": [3.25, 7.5, 3.5, 8.75], "texture": "#0"},
				"up": {"uv": [9.5, 0.25, 7.5, 0], "texture": "#0"},
				"down": {"uv": [9.5, 0.25, 7.5, 0.5], "texture": "#0"}
			}
		},
		{
			"from": [11, 0, 4],
			"to": [12, 5, 14],
			"rotation": {"angle": 22.5, "axis": "z", "origin": [11, 5, 9]},
			"faces": {
				"north": {"uv": [2.5, 3.5, 2.75, 4.75], "texture": "#0"},
				"east": {"uv": [0, 3.5, 2.5, 4.75], "texture": "#0"},
				"south": {"uv": [2.75, 3.5, 3, 4.75], "texture": "#0"},
				"west": {"uv": [0, 4.75, 2.5, 6], "texture": "#0"},
				"up": {"uv": [1.25, 9.5, 1, 7], "texture": "#0"},
				"down": {"uv": [1.5, 7, 1.25, 9.5], "texture": "#0"}
			}
		},
		{
			"from": [4, 0, 4],
			"to": [5, 5, 14],
			"rotation": {"angle": -22.5, "axis": "z", "origin": [5, 5, 9]},
			"faces": {
				"north": {"uv": [2.75, 7, 3, 8.25], "texture": "#0"},
				"east": {"uv": [5, 0, 7.5, 1.25], "texture": "#0"},
				"south": {"uv": [7.5, 0.5, 7.75, 1.75], "texture": "#0"},
				"west": {"uv": [5, 1.25, 7.5, 2.5], "texture": "#0"},
				"up": {"uv": [1.75, 9.5, 1.5, 7], "texture": "#0"},
				"down": {"uv": [2, 7, 1.75, 9.5], "texture": "#0"}
			}
		},
		{
			"from": [6, 8, 4],
			"to": [10, 9, 13],
			"faces": {
				"north": {"uv": [1, 6, 2, 6.25], "texture": "#0"},
				"east": {"uv": [7, 3.25, 9.25, 3.5], "texture": "#0"},
				"south": {"uv": [3, 6.25, 4, 6.5], "texture": "#0"},
				"west": {"uv": [7, 3.5, 9.25, 3.75], "texture": "#0"},
				"up": {"uv": [6, 6, 5, 3.75], "texture": "#0"},
				"down": {"uv": [1, 6, 0, 8.25], "texture": "#0"}
			}
		},
		{
			"from": [6, 6, 3],
			"to": [10, 9, 4],
			"faces": {
				"north": {"uv": [5, 6.75, 6, 7.5], "texture": "#0"},
				"east": {"uv": [4.5, 5, 4.75, 5.75], "texture": "#0"},
				"south": {"uv": [6, 6.75, 7, 7.5], "texture": "#0"},
				"west": {"uv": [4.75, 5, 5, 5.75], "texture": "#0"},
				"up": {"uv": [4, 6.75, 3, 6.5], "texture": "#0"},
				"down": {"uv": [8.5, 1.75, 7.5, 2], "texture": "#0"}
			}
		},
		{
			"from": [2, 6, 3.7],
			"to": [14, 13, 3.7],
			"faces": {
				"north": {"uv": [0, 0, 3, 1.75], "texture": "#0"},
				"east": {"uv": [0, 0, 0, 1.75], "texture": "#0"},
				"south": {"uv": [0, 0, 3, 1.75], "texture": "#0"},
				"west": {"uv": [0, 0, 0, 1.75], "texture": "#0"},
				"up": {"uv": [3, 0, 0, 0], "texture": "#0"},
				"down": {"uv": [3, 0, 0, 0], "texture": "#0"}
			}
		},
		{
			"from": [12, 5, 4],
			"to": [15, 8, 4],
			"rotation": {"angle": -45, "axis": "y", "origin": [12, 6, 4]},
			"faces": {
				"north": {"uv": [2, 7, 2.75, 7.75], "texture": "#0"},
				"east": {"uv": [0, 0, 0, 0.75], "texture": "#0"},
				"south": {"uv": [7, 2.5, 7.75, 3.25], "texture": "#0"},
				"west": {"uv": [0, 0, 0, 0.75], "texture": "#0"},
				"up": {"uv": [0.75, 0, 0, 0], "texture": "#0"},
				"down": {"uv": [0.75, 0, 0, 0], "texture": "#0"}
			}
		},
		{
			"from": [1, 5, 4],
			"to": [4, 8, 4],
			"rotation": {"angle": 45, "axis": "y", "origin": [4, 6, 4]},
			"faces": {
				"north": {"uv": [7, 6, 7.75, 6.75], "texture": "#0"},
				"east": {"uv": [0, 0, 0, 0.75], "texture": "#0"},
				"south": {"uv": [7, 6.75, 7.75, 7.5], "texture": "#0"},
				"west": {"uv": [0, 0, 0, 0.75], "texture": "#0"},
				"up": {"uv": [0.75, 0, 0, 0], "texture": "#0"},
				"down": {"uv": [0.75, 0, 0, 0], "texture": "#0"}
			}
		}
	],
	"display": {
		"thirdperson_righthand": {
			"rotation": [75, 45, 0],
			"translation": [0, 2.5, 0],
			"scale": [0.375, 0.375, 0.375]
		},
		"thirdperson_lefthand": {
			"rotation": [75, 45, 0],
			"translation": [0, 2.5, 0],
			"scale": [0.375, 0.375, 0.375]
		},
		"firstperson_righthand": {
			"rotation": [0, 0, 15],
			"translation": [1.13, 3.2, 1.13],
			"scale": [0.68, 0.68, 0.68]
		},
		"firstperson_lefthand": {
			"rotation": [0, 0, 15],
			"translation": [1.13, 3.2, 1.13],
			"scale": [0.68, 0.68, 0.68]
		},
		"ground": {
			"translation": [0, 3, 0],
			"scale": [1, 1, 1]
		},
		"gui": {
			"rotation": [30, 225, 0],
			"translation": [0.5, 2.25, 0],
			"scale": [0.9, 0.9, 0.9]
		},
		"head": {
			"translation": [0, 7.25, -1.75],
			"scale": [1.65, 1.65, 1.65]
		},
		"fixed": {
			"translation": [0, 3.75, -1],
			"scale": [1.3, 1.3, 1.3]
		}
	}
}