{
	"credit": "Made with Blockbench",
	"texture_size": [128, 128],
	"textures": {
		"0": "item/hats/sombrero_copa",
		"particle": "item/hats/sombrero_copa"
	},
	"elements": [
		{
			"from": [1, 2, 1],
			"to": [15, 6, 15],
			"faces": {
				"north": {"uv": [5, 3.25, 6.75, 3.75], "texture": "#0"},
				"east": {"uv": [5.5, 1.25, 7.25, 1.75], "texture": "#0"},
				"south": {"uv": [5.5, 1.25, 7.25, 1.75], "texture": "#0"},
				"west": {"uv": [5.5, 1.25, 7.25, 1.75], "texture": "#0"},
				"up": {"uv": [1.75, 4, 0, 2.25], "texture": "#0"},
				"down": {"uv": [3.5, 2.25, 1.75, 4], "texture": "#0"}
			}
		},
		{
			"from": [2, 2, 2],
			"to": [14, 18, 14],
			"faces": {
				"north": {"uv": [1.5, 6, 3, 4], "texture": "#0"},
				"east": {"uv": [0, 6, 1.5, 4], "texture": "#0"},
				"south": {"uv": [0, 6, 1.5, 4], "texture": "#0"},
				"west": {"uv": [1.5, 6, 3, 4], "texture": "#0"},
				"up": {"uv": [4.5, 5.75, 3, 4.25], "texture": "#0"},
				"down": {"uv": [6, 4.25, 4.5, 5.75], "texture": "#0"}
			}
		},
		{
			"from": [0, 0, -1],
			"to": [16, 2, 17],
			"faces": {
				"north": {"uv": [6, 5.25, 8, 5.5], "texture": "#0"},
				"east": {"uv": [5.75, 5.25, 8, 5.5], "texture": "#0"},
				"south": {"uv": [6, 5.5, 8, 5.75], "texture": "#0"},
				"west": {"uv": [5.75, 5.5, 8, 5.75], "texture": "#0"},
				"up": {"uv": [2, 2.25, 0, 0], "texture": "#0"},
				"down": {"uv": [4, 0, 2, 2.25], "texture": "#0"}
			}
		},
		{
			"from": [-3.41421, 0.82843, -1],
			"to": [1.58579, 2.82843, 17],
			"rotation": {"angle": -22.5, "axis": "z", "origin": [-1.41421, 2.82843, 8]},
			"faces": {
				"north": {"uv": [4, 2, 4.625, 2.25], "texture": "#0"},
				"east": {"uv": [6, 4.25, 8.25, 4.5], "texture": "#0"},
				"south": {"uv": [2.25, 6, 2.875, 6.25], "texture": "#0"},
				"west": {"uv": [6, 4.5, 8.25, 4.75], "texture": "#0"},
				"up": {"uv": [3.625, 8, 3, 5.75], "texture": "#0"},
				"down": {"uv": [4.25, 5.75, 3.625, 8], "texture": "#0"}
			}
		},
		{
			"from": [14.41421, 0.82843, -1],
			"to": [19.41421, 2.82843, 17],
			"rotation": {"angle": 22.5, "axis": "z", "origin": [17.41421, 2.82843, 8]},
			"faces": {
				"north": {"uv": [0, 6.25, 0.625, 6.5], "texture": "#0"},
				"east": {"uv": [6, 4.75, 8.25, 5], "texture": "#0"},
				"south": {"uv": [0.625, 6.25, 1.25, 6.5], "texture": "#0"},
				"west": {"uv": [6, 5, 8.25, 5.25], "texture": "#0"},
				"up": {"uv": [4.875, 8, 4.25, 5.75], "texture": "#0"},
				"down": {"uv": [5.5, 5.75, 4.875, 8], "texture": "#0"}
			}
		},
		{
			"from": [14.25, 3, 7],
			"to": [14.25, 13, 17],
			"rotation": {"angle": 0, "axis": "y", "origin": [0, -9, 0]},
			"faces": {
				"north": {"uv": [0, 0, 0, 1.25], "texture": "#0"},
				"east": {"uv": [5, 2, 6.25, 3.25], "texture": "#0"},
				"south": {"uv": [0, 0, 0, 1.25], "texture": "#0"},
				"west": {"uv": [6.25, 2, 5, 3.25], "texture": "#0"},
				"up": {"uv": [0, 1.25, 0, 0], "texture": "#0"},
				"down": {"uv": [0, 0, 0, 1.25], "texture": "#0"}
			}
		}
	],
	"gui_light": "front",
	"display": {
		"thirdperson_righthand": {
			"rotation": [75, 45, 0],
			"translation": [0, 2.5, 0],
			"scale": [0.375, 0.375, 0.375]
		},
		"thirdperson_lefthand": {
			"rotation": [75, 45, 0],
			"translation": [0, 2.5, 0],
			"scale": [0.375, 0.375, 0.375]
		},
		"firstperson_righthand": {
			"rotation": [0, 45, 0],
			"scale": [0.4, 0.4, 0.4]
		},
		"firstperson_lefthand": {
			"rotation": [0, 45, 0],
			"scale": [0.4, 0.4, 0.4]
		},
		"ground": {
			"translation": [0, 2, 0],
			"scale": [0.5, 0.5, 0.5]
		},
		"gui": {
			"rotation": [30, 225, 0],
			"scale": [0.525, 0.525, 0.525]
		},
		"head": {
			"translation": [0, 11, 0],
			"scale": [1.1, 1.1, 1.1]
		},
		"fixed": {
			"rotation": [-90, 0, 0],
			"translation": [0, 0, -15.5],
			"scale": [2, 2, 2]
		}
	},
	"groups": [
		{
			"name": "group",
			"origin": [17.41421, 2.82843, 8],
			"color": 0,
			"children": [0, 1, 2, 3, 4, 5]
		}
	]
}