{
	"credit": "Made with Blockbench",
	"texture_size": [128, 128],
	"textures": {
		"0": "item/hats/sombrero",
		"particle": "item/hats/sombrero"
	},
	"elements": [
		{
			"from": [4, 8, -4],
			"to": [12, 9, 20],
			"faces": {
				"north": {"uv": [5.875, 5.375, 6.875, 5.5], "texture": "#0"},
				"east": {"uv": [5, 1.5, 8, 1.625], "texture": "#0"},
				"south": {"uv": [0, 6, 1, 6.125], "texture": "#0"},
				"west": {"uv": [5, 1.75, 8, 1.875], "texture": "#0"},
				"up": {"uv": [1, 3, 0, 0], "texture": "#0"},
				"down": {"uv": [2.125, 0, 1.125, 3], "texture": "#0"}
			}
		},
		{
			"from": [5, 9, 5],
			"to": [11, 14, 11],
			"faces": {
				"north": {"uv": [3.5, 1.75, 4.25, 2.375], "texture": "#0"},
				"east": {"uv": [2.25, 3.625, 3, 4.25], "texture": "#0"},
				"south": {"uv": [3.125, 3.625, 3.875, 4.25], "texture": "#0"},
				"west": {"uv": [4, 3.625, 4.75, 4.25], "texture": "#0"},
				"up": {"uv": [4.25, 0.75, 3.5, 0], "texture": "#0"},
				"down": {"uv": [4.25, 0.875, 3.5, 1.625], "texture": "#0"}
			}
		},
		{
			"from": [5.5, 14, 5.5],
			"to": [10.5, 15, 10.5],
			"faces": {
				"north": {"uv": [6.75, 3.625, 7.375, 3.75], "texture": "#0"},
				"east": {"uv": [6.75, 3.875, 7.375, 4], "texture": "#0"},
				"south": {"uv": [6.75, 4.125, 7.375, 4.25], "texture": "#0"},
				"west": {"uv": [6.75, 4.375, 7.375, 4.5], "texture": "#0"},
				"up": {"uv": [4.375, 5, 3.75, 4.375], "texture": "#0"},
				"down": {"uv": [5.125, 2, 4.5, 2.625], "texture": "#0"}
			}
		},
		{
			"from": [6, 15, 6],
			"to": [10, 15.6, 10],
			"faces": {
				"north": {"uv": [7.625, 2, 8.125, 2.125], "texture": "#0"},
				"east": {"uv": [7.625, 2.25, 8.125, 2.375], "texture": "#0"},
				"south": {"uv": [7.625, 2.5, 8.125, 2.625], "texture": "#0"},
				"west": {"uv": [2.625, 7.625, 3.125, 7.75], "texture": "#0"},
				"up": {"uv": [1.25, 5.75, 0.75, 5.25], "texture": "#0"},
				"down": {"uv": [5.75, 2, 5.25, 2.5], "texture": "#0"}
			}
		},
		{
			"from": [3, 9, 3],
			"to": [13, 10.25, 13],
			"faces": {
				"north": {"uv": [5.625, 2.625, 6.75, 2.75], "texture": "#0"},
				"east": {"uv": [5.625, 2.875, 6.75, 3], "texture": "#0"},
				"south": {"uv": [5.625, 3.125, 6.75, 3.25], "texture": "#0"},
				"west": {"uv": [5.625, 3.375, 6.75, 3.5], "texture": "#0"},
				"up": {"uv": [3.375, 1.125, 2.25, 0], "texture": "#0"},
				"down": {"uv": [3.375, 1.25, 2.25, 2.375], "texture": "#0"}
			}
		},
		{
			"from": [12, 8, 4],
			"to": [20, 9, 12],
			"faces": {
				"north": {"uv": [6, 0, 7, 0.125], "texture": "#0"},
				"east": {"uv": [6, 0.25, 7, 0.375], "texture": "#0"},
				"south": {"uv": [6, 0.5, 7, 0.625], "texture": "#0"},
				"west": {"uv": [6, 0.75, 7, 0.875], "texture": "#0"},
				"up": {"uv": [3.25, 3.5, 2.25, 2.5], "texture": "#0"},
				"down": {"uv": [1, 3.125, 0, 4.125], "texture": "#0"}
			}
		},
		{
			"from": [-4, 8, 4],
			"to": [4, 9, 12],
			"faces": {
				"north": {"uv": [4.875, 6, 5.875, 6.125], "texture": "#0"},
				"east": {"uv": [6, 6, 7, 6.125], "texture": "#0"},
				"south": {"uv": [3.75, 6.125, 4.75, 6.25], "texture": "#0"},
				"west": {"uv": [0, 6.25, 1, 6.375], "texture": "#0"},
				"up": {"uv": [2.125, 4.125, 1.125, 3.125], "texture": "#0"},
				"down": {"uv": [4.375, 2.5, 3.375, 3.5], "texture": "#0"}
			}
		},
		{
			"from": [0, 8, 12],
			"to": [4, 9, 19],
			"faces": {
				"north": {"uv": [6.875, 3.25, 7.375, 3.375], "texture": "#0"},
				"east": {"uv": [1.125, 6.25, 2, 6.375], "texture": "#0"},
				"south": {"uv": [3.875, 6.875, 4.375, 7], "texture": "#0"},
				"west": {"uv": [2.125, 6.25, 3, 6.375], "texture": "#0"},
				"up": {"uv": [0.5, 5.125, 0, 4.25], "texture": "#0"},
				"down": {"uv": [1.125, 4.25, 0.625, 5.125], "texture": "#0"}
			}
		},
		{
			"from": [-2, 8, 12],
			"to": [0, 9, 18],
			"faces": {
				"north": {"uv": [0.5, 7.625, 0.75, 7.75], "texture": "#0"},
				"east": {"uv": [4.75, 6.5, 5.5, 6.625], "texture": "#0"},
				"south": {"uv": [7.625, 2.75, 7.875, 2.875], "texture": "#0"},
				"west": {"uv": [5.625, 6.5, 6.375, 6.625], "texture": "#0"},
				"up": {"uv": [1.625, 6, 1.375, 5.25], "texture": "#0"},
				"down": {"uv": [5.5, 2.625, 5.25, 3.375], "texture": "#0"}
			}
		},
		{
			"from": [-3, 8, 12],
			"to": [-2, 9, 16],
			"faces": {
				"north": {"uv": [6.75, 7.75, 6.875, 7.875], "texture": "#0"},
				"east": {"uv": [6.875, 6.25, 7.375, 6.375], "texture": "#0"},
				"south": {"uv": [0.5, 7.875, 0.625, 8], "texture": "#0"},
				"west": {"uv": [0, 7, 0.5, 7.125], "texture": "#0"},
				"up": {"uv": [4.625, 7.375, 4.5, 6.875], "texture": "#0"},
				"down": {"uv": [0.75, 7, 0.625, 7.5], "texture": "#0"}
			}
		},
		{
			"from": [12, 8, 12],
			"to": [16, 9, 19],
			"rotation": {"angle": 0, "axis": "y", "origin": [16, 0, 0]},
			"faces": {
				"north": {"uv": [0.875, 7, 1.375, 7.125], "texture": "#0"},
				"east": {"uv": [4.875, 6.25, 5.75, 6.375], "texture": "#0"},
				"south": {"uv": [1.5, 7, 2, 7.125], "texture": "#0"},
				"west": {"uv": [5.875, 6.25, 6.75, 6.375], "texture": "#0"},
				"up": {"uv": [1.75, 5.125, 1.25, 4.25], "texture": "#0"},
				"down": {"uv": [4.875, 0, 4.375, 0.875], "texture": "#0"}
			}
		},
		{
			"from": [16, 8, 12],
			"to": [18, 9, 18],
			"rotation": {"angle": 0, "axis": "y", "origin": [16, 0, 0]},
			"faces": {
				"north": {"uv": [3.25, 7.625, 3.5, 7.75], "texture": "#0"},
				"east": {"uv": [6.5, 6.5, 7.25, 6.625], "texture": "#0"},
				"south": {"uv": [7.625, 4.625, 7.875, 4.75], "texture": "#0"},
				"west": {"uv": [3, 6.625, 3.75, 6.75], "texture": "#0"},
				"up": {"uv": [5.5, 5, 5.25, 4.25], "texture": "#0"},
				"down": {"uv": [5.5, 5.125, 5.25, 5.875], "texture": "#0"}
			}
		},
		{
			"from": [18, 8, 12],
			"to": [19, 9, 16],
			"rotation": {"angle": 0, "axis": "y", "origin": [16, 0, 0]},
			"faces": {
				"north": {"uv": [0.75, 7.875, 0.875, 8], "texture": "#0"},
				"east": {"uv": [7, 2, 7.5, 2.125], "texture": "#0"},
				"south": {"uv": [1.625, 7.875, 1.75, 8], "texture": "#0"},
				"west": {"uv": [7, 2.25, 7.5, 2.375], "texture": "#0"},
				"up": {"uv": [2.25, 7.5, 2.125, 7], "texture": "#0"},
				"down": {"uv": [2.5, 7, 2.375, 7.5], "texture": "#0"}
			}
		},
		{
			"from": [12, 8, -3],
			"to": [16, 9, 4],
			"rotation": {"angle": 0, "axis": "y", "origin": [16, 0, 16]},
			"faces": {
				"north": {"uv": [7, 4.625, 7.5, 4.75], "texture": "#0"},
				"east": {"uv": [3.75, 6.375, 4.625, 6.5], "texture": "#0"},
				"south": {"uv": [7, 4.875, 7.5, 5], "texture": "#0"},
				"west": {"uv": [0, 6.5, 0.875, 6.625], "texture": "#0"},
				"up": {"uv": [4.875, 1.875, 4.375, 1], "texture": "#0"},
				"down": {"uv": [2.375, 4.375, 1.875, 5.25], "texture": "#0"}
			}
		},
		{
			"from": [16, 8, -2],
			"to": [18, 9, 4],
			"rotation": {"angle": 0, "axis": "y", "origin": [16, 0, 16]},
			"faces": {
				"north": {"uv": [7.625, 4.875, 7.875, 5], "texture": "#0"},
				"east": {"uv": [3.875, 6.625, 4.625, 6.75], "texture": "#0"},
				"south": {"uv": [7.625, 5.125, 7.875, 5.25], "texture": "#0"},
				"west": {"uv": [0, 6.75, 0.75, 6.875], "texture": "#0"},
				"up": {"uv": [2, 6.125, 1.75, 5.375], "texture": "#0"},
				"down": {"uv": [2.375, 5.375, 2.125, 6.125], "texture": "#0"}
			}
		},
		{
			"from": [18, 8, 0],
			"to": [19, 9, 4],
			"rotation": {"angle": 0, "axis": "y", "origin": [16, 0, 16]},
			"faces": {
				"north": {"uv": [1.875, 7.875, 2, 8], "texture": "#0"},
				"east": {"uv": [5, 7, 5.5, 7.125], "texture": "#0"},
				"south": {"uv": [2.125, 7.875, 2.25, 8], "texture": "#0"},
				"west": {"uv": [7, 5.125, 7.5, 5.25], "texture": "#0"},
				"up": {"uv": [7.125, 7.25, 7, 6.75], "texture": "#0"},
				"down": {"uv": [7.25, 0, 7.125, 0.5], "texture": "#0"}
			}
		},
		{
			"from": [-3, 8, 0],
			"to": [-2, 9, 4],
			"rotation": {"angle": 0, "axis": "y", "origin": [0, 0, 16]},
			"faces": {
				"north": {"uv": [2.375, 7.875, 2.5, 8], "texture": "#0"},
				"east": {"uv": [7, 5.375, 7.5, 5.5], "texture": "#0"},
				"south": {"uv": [2.625, 7.875, 2.75, 8], "texture": "#0"},
				"west": {"uv": [7.125, 0.625, 7.625, 0.75], "texture": "#0"},
				"up": {"uv": [7.25, 3, 7.125, 2.5], "texture": "#0"},
				"down": {"uv": [4, 7.125, 3.875, 7.625], "texture": "#0"}
			}
		},
		{
			"from": [17, 9, -2],
			"to": [18, 9.7, 0],
			"rotation": {"angle": 0, "axis": "y", "origin": [16, 0, 16]},
			"faces": {
				"north": {"uv": [2.875, 7.875, 3, 8], "texture": "#0"},
				"east": {"uv": [7.625, 5.375, 7.875, 5.5], "texture": "#0"},
				"south": {"uv": [3.125, 7.875, 3.25, 8], "texture": "#0"},
				"west": {"uv": [7.25, 7.625, 7.5, 7.75], "texture": "#0"},
				"up": {"uv": [1.25, 6.125, 1.125, 5.875], "texture": "#0"},
				"down": {"uv": [3.75, 7.625, 3.625, 7.875], "texture": "#0"}
			}
		},
		{
			"from": [18, 9, 0],
			"to": [19, 9.7, 4],
			"rotation": {"angle": 0, "axis": "y", "origin": [16, 0, 16]},
			"faces": {
				"north": {"uv": [3.375, 7.875, 3.5, 8], "texture": "#0"},
				"east": {"uv": [7.125, 5.875, 7.625, 6], "texture": "#0"},
				"south": {"uv": [7.25, 7.875, 7.375, 8], "texture": "#0"},
				"west": {"uv": [0, 7.25, 0.5, 7.375], "texture": "#0"},
				"up": {"uv": [4.25, 7.625, 4.125, 7.125], "texture": "#0"},
				"down": {"uv": [1, 7.25, 0.875, 7.75], "texture": "#0"}
			}
		},
		{
			"from": [19, 9, 4],
			"to": [20, 9.7, 12],
			"rotation": {"angle": 0, "axis": "y", "origin": [16, 0, 16]},
			"faces": {
				"north": {"uv": [7.875, 7.25, 8, 7.375], "texture": "#0"},
				"east": {"uv": [5.625, 3.625, 6.625, 3.75], "texture": "#0"},
				"south": {"uv": [7.5, 7.875, 7.625, 8], "texture": "#0"},
				"west": {"uv": [5.625, 3.875, 6.625, 4], "texture": "#0"},
				"up": {"uv": [3.375, 6.375, 3.25, 5.375], "texture": "#0"},
				"down": {"uv": [3.625, 5.375, 3.5, 6.375], "texture": "#0"}
			}
		},
		{
			"from": [18, 9, 12],
			"to": [19, 9.7, 16],
			"rotation": {"angle": 0, "axis": "y", "origin": [16, 0, 16]},
			"faces": {
				"north": {"uv": [7.75, 7.875, 7.875, 8], "texture": "#0"},
				"east": {"uv": [1.125, 7.25, 1.625, 7.375], "texture": "#0"},
				"south": {"uv": [8, 0, 8.125, 0.125], "texture": "#0"},
				"west": {"uv": [5, 7.25, 5.5, 7.375], "texture": "#0"},
				"up": {"uv": [1.875, 7.75, 1.75, 7.25], "texture": "#0"},
				"down": {"uv": [7.375, 6.75, 7.25, 7.25], "texture": "#0"}
			}
		},
		{
			"from": [17, 9, 16],
			"to": [18, 9.7, 18],
			"rotation": {"angle": 0, "axis": "y", "origin": [16, 0, 16]},
			"faces": {
				"north": {"uv": [8, 0.25, 8.125, 0.375], "texture": "#0"},
				"east": {"uv": [7.625, 7.625, 7.875, 7.75], "texture": "#0"},
				"south": {"uv": [8, 2.75, 8.125, 2.875], "texture": "#0"},
				"west": {"uv": [7.75, 0.5, 8, 0.625], "texture": "#0"},
				"up": {"uv": [1.25, 8, 1.125, 7.75], "texture": "#0"},
				"down": {"uv": [1.5, 7.75, 1.375, 8], "texture": "#0"}
			}
		},
		{
			"from": [-3, 9, 12],
			"to": [-2, 9.7, 16],
			"rotation": {"angle": 0, "axis": "y", "origin": [0, 0, 16]},
			"faces": {
				"north": {"uv": [3.625, 8, 3.75, 8.125], "texture": "#0"},
				"east": {"uv": [7.375, 0, 7.875, 0.125], "texture": "#0"},
				"south": {"uv": [3.875, 8, 4, 8.125], "texture": "#0"},
				"west": {"uv": [7.375, 0.25, 7.875, 0.375], "texture": "#0"},
				"up": {"uv": [7.5, 3, 7.375, 2.5], "texture": "#0"},
				"down": {"uv": [7.125, 7.375, 7, 7.875], "texture": "#0"}
			}
		},
		{
			"from": [-4, 9, 4],
			"to": [-3, 9.7, 12],
			"rotation": {"angle": 0, "axis": "y", "origin": [0, 0, 16]},
			"faces": {
				"north": {"uv": [4.125, 8, 4.25, 8.125], "texture": "#0"},
				"east": {"uv": [5.625, 4.125, 6.625, 4.25], "texture": "#0"},
				"south": {"uv": [4.375, 8, 4.5, 8.125], "texture": "#0"},
				"west": {"uv": [5.625, 4.375, 6.625, 4.5], "texture": "#0"},
				"up": {"uv": [5.75, 5.625, 5.625, 4.625], "texture": "#0"},
				"down": {"uv": [5.875, 0, 5.75, 1], "texture": "#0"}
			}
		},
		{
			"from": [-3, 9, 0],
			"to": [-2, 9.7, 4],
			"rotation": {"angle": 0, "axis": "y", "origin": [0, 0, 16]},
			"faces": {
				"north": {"uv": [8, 4.625, 8.125, 4.75], "texture": "#0"},
				"east": {"uv": [7.375, 6.5, 7.875, 6.625], "texture": "#0"},
				"south": {"uv": [8, 4.875, 8.125, 5], "texture": "#0"},
				"west": {"uv": [7.25, 7.375, 7.75, 7.5], "texture": "#0"},
				"up": {"uv": [0.125, 8, 0, 7.5], "texture": "#0"},
				"down": {"uv": [0.375, 7.5, 0.25, 8], "texture": "#0"}
			}
		},
		{
			"from": [-1, 9, 17],
			"to": [0, 9.7, 18],
			"faces": {
				"north": {"uv": [5.125, 8, 5.25, 8.125], "texture": "#0"},
				"east": {"uv": [8, 5.125, 8.125, 5.25], "texture": "#0"},
				"south": {"uv": [5.375, 8, 5.5, 8.125], "texture": "#0"},
				"west": {"uv": [8, 5.375, 8.125, 5.5], "texture": "#0"},
				"up": {"uv": [5.75, 8.125, 5.625, 8], "texture": "#0"},
				"down": {"uv": [6.5, 8, 6.375, 8.125], "texture": "#0"}
			}
		},
		{
			"from": [0, 9, 18],
			"to": [4, 9.7, 19],
			"faces": {
				"north": {"uv": [1.125, 7.5, 1.625, 7.625], "texture": "#0"},
				"east": {"uv": [8, 6.375, 8.125, 6.5], "texture": "#0"},
				"south": {"uv": [7.5, 3.125, 8, 3.25], "texture": "#0"},
				"west": {"uv": [6.625, 8, 6.75, 8.125], "texture": "#0"},
				"up": {"uv": [8, 3.5, 7.5, 3.375], "texture": "#0"},
				"down": {"uv": [8, 3.625, 7.5, 3.75], "texture": "#0"}
			}
		},
		{
			"from": [4, 9, 19],
			"to": [12, 9.7, 20],
			"faces": {
				"north": {"uv": [5.75, 1.125, 6.75, 1.25], "texture": "#0"},
				"east": {"uv": [6.875, 8, 7, 8.125], "texture": "#0"},
				"south": {"uv": [5.625, 5.75, 6.625, 5.875], "texture": "#0"},
				"west": {"uv": [8, 7.5, 8.125, 7.625], "texture": "#0"},
				"up": {"uv": [6.875, 2.125, 5.875, 2], "texture": "#0"},
				"down": {"uv": [6.875, 2.25, 5.875, 2.375], "texture": "#0"}
			}
		},
		{
			"from": [12, 9, 18],
			"to": [16, 9.7, 19],
			"faces": {
				"north": {"uv": [7.5, 3.875, 8, 4], "texture": "#0"},
				"east": {"uv": [8, 7.75, 8.125, 7.875], "texture": "#0"},
				"south": {"uv": [7.5, 4.125, 8, 4.25], "texture": "#0"},
				"west": {"uv": [8, 8, 8.125, 8.125], "texture": "#0"},
				"up": {"uv": [4.875, 7.625, 4.375, 7.5], "texture": "#0"},
				"down": {"uv": [8, 4.375, 7.5, 4.5], "texture": "#0"}
			}
		},
		{
			"from": [16, 9, 17],
			"to": [17, 9.7, 18],
			"faces": {
				"north": {"uv": [0, 8.125, 0.125, 8.25], "texture": "#0"},
				"east": {"uv": [0.25, 8.125, 0.375, 8.25], "texture": "#0"},
				"south": {"uv": [0.5, 8.125, 0.625, 8.25], "texture": "#0"},
				"west": {"uv": [8.125, 0.5, 8.25, 0.625], "texture": "#0"},
				"up": {"uv": [0.875, 8.25, 0.75, 8.125], "texture": "#0"},
				"down": {"uv": [1.125, 8.125, 1, 8.25], "texture": "#0"}
			}
		},
		{
			"from": [5.5, 9, 11],
			"to": [10.5, 13.7, 11.5],
			"rotation": {"angle": 0, "axis": "y", "origin": [0, 0, 16]},
			"faces": {
				"north": {"uv": [4.5, 2.75, 5.125, 3.375], "texture": "#0"},
				"east": {"uv": [2.625, 6.75, 2.75, 7.375], "texture": "#0"},
				"south": {"uv": [4.5, 4.375, 5.125, 5], "texture": "#0"},
				"west": {"uv": [4.75, 6.75, 4.875, 7.375], "texture": "#0"},
				"up": {"uv": [5.625, 6.875, 5, 6.75], "texture": "#0"},
				"down": {"uv": [7.375, 5.625, 6.75, 5.75], "texture": "#0"}
			}
		},
		{
			"from": [11, 9, 5.5],
			"to": [11.5, 13.7, 10.5],
			"rotation": {"angle": 0, "axis": "y", "origin": [2, 11.35, 4.75]},
			"faces": {
				"north": {"uv": [5.75, 6.75, 5.875, 7.375], "texture": "#0"},
				"east": {"uv": [4.875, 3.5, 5.5, 4.125], "texture": "#0"},
				"south": {"uv": [6, 6.75, 6.125, 7.375], "texture": "#0"},
				"west": {"uv": [5, 0, 5.625, 0.625], "texture": "#0"},
				"up": {"uv": [6.375, 7.375, 6.25, 6.75], "texture": "#0"},
				"down": {"uv": [6.625, 6.75, 6.5, 7.375], "texture": "#0"}
			}
		},
		{
			"from": [4.5, 9, 5.5],
			"to": [5, 13.7, 10.5],
			"rotation": {"angle": 0, "axis": "y", "origin": [2, 11.35, 4.75]},
			"faces": {
				"north": {"uv": [6.75, 6.75, 6.875, 7.375], "texture": "#0"},
				"east": {"uv": [5, 0.75, 5.625, 1.375], "texture": "#0"},
				"south": {"uv": [6.875, 2.5, 7, 3.125], "texture": "#0"},
				"west": {"uv": [3.75, 5.125, 4.375, 5.75], "texture": "#0"},
				"up": {"uv": [3, 7.5, 2.875, 6.875], "texture": "#0"},
				"down": {"uv": [3.25, 6.875, 3.125, 7.5], "texture": "#0"}
			}
		},
		{
			"from": [5.5, 9, 4.5],
			"to": [10.5, 13.7, 5],
			"rotation": {"angle": 0, "axis": "y", "origin": [0, 0, 16]},
			"faces": {
				"north": {"uv": [4.5, 5.125, 5.125, 5.75], "texture": "#0"},
				"east": {"uv": [3.375, 6.875, 3.5, 7.5], "texture": "#0"},
				"south": {"uv": [0, 5.25, 0.625, 5.875], "texture": "#0"},
				"west": {"uv": [3.625, 6.875, 3.75, 7.5], "texture": "#0"},
				"up": {"uv": [7.5, 1.125, 6.875, 1], "texture": "#0"},
				"down": {"uv": [7.5, 1.25, 6.875, 1.375], "texture": "#0"}
			}
		},
		{
			"from": [4, 9, -4],
			"to": [12, 9.7, -3],
			"rotation": {"angle": 0, "axis": "y", "origin": [0, 0, 16]},
			"faces": {
				"north": {"uv": [3.75, 5.875, 4.75, 6], "texture": "#0"},
				"east": {"uv": [1.25, 8.125, 1.375, 8.25], "texture": "#0"},
				"south": {"uv": [5.875, 4.625, 6.875, 4.75], "texture": "#0"},
				"west": {"uv": [8.125, 1.375, 8.25, 1.5], "texture": "#0"},
				"up": {"uv": [6.875, 5, 5.875, 4.875], "texture": "#0"},
				"down": {"uv": [6.875, 5.125, 5.875, 5.25], "texture": "#0"}
			}
		},
		{
			"from": [12, 9, -3],
			"to": [16, 9.7, -2],
			"rotation": {"angle": 0, "axis": "y", "origin": [0, 0, 16]},
			"faces": {
				"north": {"uv": [5, 7.5, 5.5, 7.625], "texture": "#0"},
				"east": {"uv": [1.5, 8.125, 1.625, 8.25], "texture": "#0"},
				"south": {"uv": [5.625, 7.5, 6.125, 7.625], "texture": "#0"},
				"west": {"uv": [8.125, 1.625, 8.25, 1.75], "texture": "#0"},
				"up": {"uv": [8, 5.75, 7.5, 5.625], "texture": "#0"},
				"down": {"uv": [8, 6.125, 7.5, 6.25], "texture": "#0"}
			}
		},
		{
			"from": [0, 9, -3],
			"to": [4, 9.7, -2],
			"rotation": {"angle": 0, "axis": "y", "origin": [0, 0, 16]},
			"faces": {
				"north": {"uv": [6.25, 7.5, 6.75, 7.625], "texture": "#0"},
				"east": {"uv": [1.75, 8.125, 1.875, 8.25], "texture": "#0"},
				"south": {"uv": [7.5, 6.75, 8, 6.875], "texture": "#0"},
				"west": {"uv": [2, 8.125, 2.125, 8.25], "texture": "#0"},
				"up": {"uv": [8, 7.125, 7.5, 7], "texture": "#0"},
				"down": {"uv": [8.125, 0.875, 7.625, 1], "texture": "#0"}
			}
		},
		{
			"from": [16, 9, -2],
			"to": [17, 9.7, -1],
			"rotation": {"angle": 0, "axis": "y", "origin": [0, 0, 16]},
			"faces": {
				"north": {"uv": [2.25, 8.125, 2.375, 8.25], "texture": "#0"},
				"east": {"uv": [2.5, 8.125, 2.625, 8.25], "texture": "#0"},
				"south": {"uv": [2.75, 8.125, 2.875, 8.25], "texture": "#0"},
				"west": {"uv": [3, 8.125, 3.125, 8.25], "texture": "#0"},
				"up": {"uv": [8.25, 3.125, 8.125, 3], "texture": "#0"},
				"down": {"uv": [3.375, 8.125, 3.25, 8.25], "texture": "#0"}
			}
		},
		{
			"from": [-1, 9, -2],
			"to": [0, 9.7, -1],
			"rotation": {"angle": 0, "axis": "y", "origin": [0, 0, 16]},
			"faces": {
				"north": {"uv": [8.125, 3.25, 8.25, 3.375], "texture": "#0"},
				"east": {"uv": [8.125, 3.5, 8.25, 3.625], "texture": "#0"},
				"south": {"uv": [8.125, 3.75, 8.25, 3.875], "texture": "#0"},
				"west": {"uv": [8.125, 4, 8.25, 4.125], "texture": "#0"},
				"up": {"uv": [8.25, 4.375, 8.125, 4.25], "texture": "#0"},
				"down": {"uv": [4.75, 8.125, 4.625, 8.25], "texture": "#0"}
			}
		},
		{
			"from": [-2, 9, -2],
			"to": [-1, 9.7, 0],
			"rotation": {"angle": 0, "axis": "y", "origin": [0, 0, 16]},
			"faces": {
				"north": {"uv": [4.875, 8.125, 5, 8.25], "texture": "#0"},
				"east": {"uv": [3.875, 7.75, 4.125, 7.875], "texture": "#0"},
				"south": {"uv": [8.125, 5.625, 8.25, 5.75], "texture": "#0"},
				"west": {"uv": [4.25, 7.75, 4.5, 7.875], "texture": "#0"},
				"up": {"uv": [4.75, 8, 4.625, 7.75], "texture": "#0"},
				"down": {"uv": [5, 7.75, 4.875, 8], "texture": "#0"}
			}
		},
		{
			"from": [-2, 9, 16],
			"to": [-1, 9.7, 18],
			"rotation": {"angle": 0, "axis": "y", "origin": [0, 0, 16]},
			"faces": {
				"north": {"uv": [5.875, 8.125, 6, 8.25], "texture": "#0"},
				"east": {"uv": [5.125, 7.75, 5.375, 7.875], "texture": "#0"},
				"south": {"uv": [8.125, 5.875, 8.25, 6], "texture": "#0"},
				"west": {"uv": [5.5, 7.75, 5.75, 7.875], "texture": "#0"},
				"up": {"uv": [6, 8, 5.875, 7.75], "texture": "#0"},
				"down": {"uv": [6.25, 7.75, 6.125, 8], "texture": "#0"}
			}
		},
		{
			"from": [-2, 8, -2],
			"to": [0, 9, 4],
			"rotation": {"angle": 0, "axis": "y", "origin": [0, 0, 16]},
			"faces": {
				"north": {"uv": [7.75, 5.875, 8, 6], "texture": "#0"},
				"east": {"uv": [0.875, 6.75, 1.625, 6.875], "texture": "#0"},
				"south": {"uv": [6.375, 7.75, 6.625, 7.875], "texture": "#0"},
				"west": {"uv": [1.75, 6.75, 2.5, 6.875], "texture": "#0"},
				"up": {"uv": [2.75, 6.125, 2.5, 5.375], "texture": "#0"},
				"down": {"uv": [3.125, 5.375, 2.875, 6.125], "texture": "#0"}
			}
		},
		{
			"from": [0, 8, -3],
			"to": [4, 9, 4],
			"rotation": {"angle": 0, "axis": "y", "origin": [0, 0, 16]},
			"faces": {
				"north": {"uv": [7.625, 1.125, 8.125, 1.25], "texture": "#0"},
				"east": {"uv": [1, 6.5, 1.875, 6.625], "texture": "#0"},
				"south": {"uv": [2, 7.625, 2.5, 7.75], "texture": "#0"},
				"west": {"uv": [2, 6.5, 2.875, 6.625], "texture": "#0"},
				"up": {"uv": [3, 5.25, 2.5, 4.375], "texture": "#0"},
				"down": {"uv": [3.625, 4.375, 3.125, 5.25], "texture": "#0"}
			}
		}
	],
	"display": {
		"thirdperson_righthand": {
			"scale": [0.8, 0.8, 0.8]
		},
		"thirdperson_lefthand": {
			"scale": [0.8, 0.8, 0.8]
		},
		"firstperson_righthand": {
			"scale": [0.5, 0.5, 0.5]
		},
		"firstperson_lefthand": {
			"scale": [0.5, 0.5, 0.5]
		},
		"gui": {
			"rotation": [30, 26, 0],
			"scale": [0.5, 0.5, 0.5]
		},
		"head": {
			"translation": [0, 3.25, 0],
			"scale": [1.8, 1.8, 1.8]
		},
		"fixed": {
			"rotation": [-90, 0, 0],
			"scale": [0.7, 0.7, 0.7]
		}
	},
	"groups": [
		0,
		1,
		2,
		3,
		4,
		5,
		6,
		{
			"name": "group",
			"origin": [0, 0, 0],
			"color": 0,
			"children": [7, 8, 9]
		},
		{
			"name": "group",
			"origin": [0, 0, 0],
			"color": 0,
			"children": [
				10,
				11,
				12,
				13,
				14,
				15,
				16,
				{
					"name": "rog",
					"origin": [0, 0, 16],
					"color": 0,
					"children": [17, 18, 19, 20, 21]
				},
				22,
				23,
				24,
				25,
				26,
				27,
				28,
				29,
				30,
				31,
				32,
				33,
				34,
				35,
				36,
				37,
				38,
				39,
				40,
				41,
				42
			]
		}
	]
}