{
	"texture_size": [64, 64],
	"textures": {
		"0": "item/hats/stalker_gas_mask",
		"particle": "item/hats/stalker_gas_mask"
	},
	"elements": [
		{
			"name": "наголовник",
			"from": [4, 2, 6],
			"to": [12, 8, 12],
			"faces": {
				"north": {"uv": [2, 0, 4, 1.5], "texture": "#0"},
				"east": {"uv": [4, 0, 5.5, 1.5], "texture": "#0"},
				"south": {"uv": [2, 1.5, 4, 3], "texture": "#0"},
				"west": {"uv": [4, 1.5, 5.5, 3], "texture": "#0"},
				"up": {"uv": [4, 4.5, 2, 3], "texture": "#0"},
				"down": {"uv": [2, 4, 0, 5.5], "texture": "#0"}
			}
		},
		{
			"name": "противогаз",
			"from": [4, 0, 4],
			"to": [12, 8, 6],
			"faces": {
				"north": {"uv": [0, 0, 2, 2], "texture": "#0"},
				"east": {"uv": [4, 5.25, 4.5, 7.25], "texture": "#0"},
				"south": {"uv": [0, 2, 2, 4], "texture": "#0"},
				"west": {"uv": [4.5, 5.25, 5, 7.25], "texture": "#0"},
				"up": {"uv": [7, 5.75, 5, 5.25], "texture": "#0"},
				"down": {"uv": [2, 5.5, 0, 6], "texture": "#0"}
			}
		},
		{
			"name": "глаза",
			"from": [4, 2, 3],
			"to": [12, 5, 4],
			"faces": {
				"north": {"uv": [4, 3, 6, 3.75], "texture": "#0"},
				"east": {"uv": [3.25, 6.75, 3.5, 7.5], "texture": "#0"},
				"south": {"uv": [4, 3.75, 6, 4.5], "texture": "#0"},
				"west": {"uv": [5, 6.75, 5.25, 7.5], "texture": "#0"},
				"up": {"uv": [8.5, 0.75, 6.5, 0.5], "texture": "#0"},
				"down": {"uv": [8.5, 0.75, 6.5, 1], "texture": "#0"}
			}
		},
		{
			"name": "рот",
			"from": [6, -1, 2.1],
			"to": [10, 2, 4.1],
			"faces": {
				"north": {"uv": [2, 5.25, 3, 6], "texture": "#0"},
				"east": {"uv": [1.5, 6, 2, 6.75], "texture": "#0"},
				"south": {"uv": [3, 5.25, 4, 6], "texture": "#0"},
				"west": {"uv": [2, 6.25, 2.5, 7], "texture": "#0"},
				"up": {"uv": [3.5, 6.75, 2.5, 6.25], "texture": "#0"},
				"down": {"uv": [7.5, 0, 6.5, 0.5], "texture": "#0"}
			}
		},
		{
			"name": "филтр_мид",
			"from": [7, -1, 1.1],
			"to": [9, 1, 2.1],
			"faces": {
				"north": {"uv": [6.75, 3.75, 7.25, 4.25], "texture": "#0"},
				"east": {"uv": [6.5, 2.5, 6.75, 3], "texture": "#0"},
				"south": {"uv": [6.75, 4.25, 7.25, 4.75], "texture": "#0"},
				"west": {"uv": [6.75, 4.75, 7, 5.25], "texture": "#0"},
				"up": {"uv": [5.75, 7, 5.25, 6.75], "texture": "#0"},
				"down": {"uv": [7.25, 5.75, 6.75, 6], "texture": "#0"}
			}
		},
		{
			"name": "фильтр1",
			"from": [10.5, -1, 2.25],
			"to": [12.5, 2, 5.25],
			"rotation": {"angle": 22.5, "axis": "y", "origin": [10, 1, 4]},
			"faces": {
				"north": {"uv": [6.5, 6.5, 7, 7.25], "texture": "#0"},
				"east": {"uv": [6, 4.5, 6.75, 5.25], "texture": "#0"},
				"south": {"uv": [0, 6.75, 0.5, 7.5], "texture": "#0"},
				"west": {"uv": [6, 5.75, 6.75, 6.5], "texture": "#0"},
				"up": {"uv": [1, 7.5, 0.5, 6.75], "texture": "#0"},
				"down": {"uv": [1.5, 6.75, 1, 7.5], "texture": "#0"}
			}
		},
		{
			"name": "фильтр2",
			"from": [3.5, -1, 2.25],
			"to": [5.5, 2, 5.25],
			"rotation": {"angle": -22.5, "axis": "y", "origin": [6, 1, 4]},
			"faces": {
				"north": {"uv": [3.5, 6.25, 4, 7], "texture": "#0"},
				"east": {"uv": [6, 3, 6.75, 3.75], "texture": "#0"},
				"south": {"uv": [6.5, 1, 7, 1.75], "texture": "#0"},
				"west": {"uv": [6, 3.75, 6.75, 4.5], "texture": "#0"},
				"up": {"uv": [7, 2.5, 6.5, 1.75], "texture": "#0"},
				"down": {"uv": [6.5, 6.5, 6, 7.25], "texture": "#0"}
			}
		},
		{
			"name": "нос",
			"from": [6.5, 1.5, 3.7],
			"to": [9.5, 4.5, 3.7],
			"rotation": {"angle": 22.5, "axis": "x", "origin": [8, 6, 4]},
			"faces": {
				"north": {"uv": [0, 6, 0.75, 6.75], "texture": "#0"},
				"east": {"uv": [0, 0, 0, 0.75], "texture": "#0"},
				"south": {"uv": [0.75, 6, 1.5, 6.75], "texture": "#0"},
				"west": {"uv": [0, 0, 0, 0.75], "texture": "#0"},
				"up": {"uv": [0.75, 0, 0, 0], "texture": "#0"},
				"down": {"uv": [0.75, 0, 0, 0], "texture": "#0"}
			}
		},
		{
			"name": "лоб",
			"from": [4, 4.65, 3.45],
			"to": [12, 7.65, 3.45],
			"rotation": {"angle": 22.5, "axis": "x", "origin": [8, 6, 4]},
			"faces": {
				"north": {"uv": [2, 4.5, 4, 5.25], "texture": "#0"},
				"east": {"uv": [0, 0, 0, 0.75], "texture": "#0"},
				"south": {"uv": [4, 4.5, 6, 5.25], "texture": "#0"},
				"west": {"uv": [0, 0, 0, 0.75], "texture": "#0"},
				"up": {"uv": [2, 0, 0, 0], "texture": "#0"},
				"down": {"uv": [2, 0, 0, 0], "texture": "#0"}
			}
		},
		{
			"name": "вес2",
			"from": [4.65, 1.95, 2.5],
			"to": [8.65, 5.95, 2.5],
			"rotation": {"angle": 22.5, "axis": "y", "origin": [8, 4, 4]},
			"faces": {
				"north": {"uv": [5.5, 0, 6.5, 1], "texture": "#0"},
				"east": {"uv": [0, 0, 0, 1], "texture": "#0"},
				"south": {"uv": [5.5, 1, 6.5, 2], "texture": "#0"},
				"west": {"uv": [0, 0, 0, 1], "texture": "#0"},
				"up": {"uv": [1, 0, 0, 0], "texture": "#0"},
				"down": {"uv": [1, 0, 0, 0], "texture": "#0"}
			}
		},
		{
			"name": "вес1",
			"from": [7.35, 1.95, 2.5],
			"to": [11.35, 5.95, 2.5],
			"rotation": {"angle": -22.5, "axis": "y", "origin": [8, 4, 4]},
			"faces": {
				"north": {"uv": [5.5, 2, 6.5, 3], "texture": "#0"},
				"east": {"uv": [0, 0, 0, 1], "texture": "#0"},
				"south": {"uv": [5, 5.75, 6, 6.75], "texture": "#0"},
				"west": {"uv": [0, 0, 0, 1], "texture": "#0"},
				"up": {"uv": [1, 0, 0, 0], "texture": "#0"},
				"down": {"uv": [1, 0, 0, 0], "texture": "#0"}
			}
		},
		{
			"name": "нитка",
			"from": [5.9, 8.05, 5],
			"to": [6.9, 8.05, 10],
			"rotation": {"angle": 22.5, "axis": "z", "origin": [6, 8, 8]},
			"faces": {
				"north": {"uv": [0, 0, 0.25, 0], "texture": "#0"},
				"east": {"uv": [0, 0, 1.25, 0], "texture": "#0"},
				"south": {"uv": [0, 0, 0.25, 0], "texture": "#0"},
				"west": {"uv": [0, 0, 1.25, 0], "texture": "#0"},
				"up": {"uv": [2.75, 8, 2.5, 6.75], "texture": "#0"},
				"down": {"uv": [7, 2.5, 6.75, 3.75], "texture": "#0"}
			}
		},
		{
			"name": "нитка",
			"from": [9.1, 8.05, 5],
			"to": [10.1, 8.05, 10],
			"rotation": {"angle": -22.5, "axis": "z", "origin": [10, 8, 8]},
			"faces": {
				"north": {"uv": [0, 0, 0.25, 0], "texture": "#0"},
				"east": {"uv": [0, 0, 1.25, 0], "texture": "#0"},
				"south": {"uv": [0, 0, 0.25, 0], "texture": "#0"},
				"west": {"uv": [0, 0, 1.25, 0], "texture": "#0"},
				"up": {"uv": [3, 8, 2.75, 6.75], "texture": "#0"},
				"down": {"uv": [3.25, 6.75, 3, 8], "texture": "#0"}
			}
		},
		{
			"from": [4, 5, 6],
			"to": [4, 6, 12],
			"rotation": {"angle": -22.5, "axis": "z", "origin": [4, 6, 9]},
			"faces": {
				"north": {"uv": [0, 0, 0, 0.25], "texture": "#missing"},
				"east": {"uv": [7, 1, 8.5, 1.25], "texture": "#0"},
				"south": {"uv": [0, 0, 0, 0.25], "texture": "#missing"},
				"west": {"uv": [7, 1, 8.5, 1.25], "texture": "#0"},
				"up": {"uv": [0, 0, 0, 1.5], "texture": "#missing"},
				"down": {"uv": [0, 0, 0, 1.5], "texture": "#missing"}
			}
		},
		{
			"from": [12, 5, 6],
			"to": [12, 6, 12],
			"rotation": {"angle": 22.5, "axis": "z", "origin": [12, 6, 9]},
			"faces": {
				"north": {"uv": [0, 0, 0, 0.25], "texture": "#missing"},
				"east": {"uv": [7, 1.25, 8.5, 1.5], "texture": "#0"},
				"south": {"uv": [0, 0, 0, 0.25], "texture": "#missing"},
				"west": {"uv": [7, 1.25, 8.5, 1.5], "texture": "#0"},
				"up": {"uv": [0, 0, 0, 1.5], "texture": "#missing"},
				"down": {"uv": [0, 0, 0, 1.5], "texture": "#missing"}
			}
		},
		{
			"from": [4, 6, 12],
			"to": [12, 7, 12],
			"rotation": {"angle": -22.5, "axis": "x", "origin": [8, 7, 12]},
			"faces": {
				"north": {"uv": [7, 1.5, 9, 1.75], "texture": "#0"},
				"east": {"uv": [0, 0, 0, 0.25], "texture": "#missing"},
				"south": {"uv": [7, 1.5, 9, 1.75], "texture": "#0"},
				"west": {"uv": [0, 0, 0, 0.25], "texture": "#missing"},
				"up": {"uv": [0, 0, 2, 0], "texture": "#missing"},
				"down": {"uv": [0, 0, 2, 0], "texture": "#missing"}
			}
		}
	],
	"display": {
		"thirdperson_righthand": {
			"rotation": [75, 45, 0],
			"translation": [-1.75, 0.75, 1.75],
			"scale": [0.375, 0.375, 0.375]
		},
		"thirdperson_lefthand": {
			"rotation": [75, 45, 0],
			"translation": [-1.75, 0.75, 1.75],
			"scale": [0.375, 0.375, 0.375]
		},
		"firstperson_righthand": {
			"rotation": [0, 0, 15],
			"translation": [1.13, 3.2, 1.13],
			"scale": [0.68, 0.68, 0.68]
		},
		"firstperson_lefthand": {
			"rotation": [0, 0, 15],
			"translation": [1.13, 3.2, 1.13],
			"scale": [0.68, 0.68, 0.68]
		},
		"ground": {
			"translation": [0, 3, 0],
			"scale": [0.25, 0.25, 0.25]
		},
		"gui": {
			"rotation": [30, 225, 0],
			"translation": [-0.75, 4.25, 0]
		},
		"head": {
			"translation": [0, 6.5, 0],
			"scale": [1.65, 1.65, 1.65]
		},
		"fixed": {
			"translation": [0, 5.25, 1.25],
			"scale": [1.3, 1.3, 1.3]
		}
	}
}