{
	"credit": "Made with Blockbench",
	"texture_size": [32, 32],
	"textures": {
		"0": "item/hats/steampunk_goggles",
		"particle": "item/hats/steampunk_goggles"
	},
	"elements": [
		{
			"from": [5.024, 5.464, 2.72],
			"to": [6.56, 7, 3.232],
			"rotation": {"angle": 0, "axis": "y", "origin": [4.232, 1.032, 4.744]},
			"faces": {
				"north": {"uv": [0, 2, 1, 3], "texture": "#0"},
				"east": {"uv": [3.5, 4.5, 4, 5.5], "texture": "#0"},
				"south": {"uv": [1, 2, 2, 3], "texture": "#0"},
				"west": {"uv": [4.5, 3.5, 5, 4.5], "texture": "#0"},
				"up": {"uv": [5, 2, 4, 1.5], "texture": "#0"},
				"down": {"uv": [5, 4.5, 4, 5], "texture": "#0"}
			}
		},
		{
			"from": [5.024, 7, 2.72],
			"to": [6.56, 7.512, 3.488],
			"rotation": {"angle": 0, "axis": "y", "origin": [11.4, -6.136, 12.424]},
			"faces": {
				"north": {"uv": [0, 5, 1, 5.5], "texture": "#0"},
				"east": {"uv": [4.5, 8, 5, 8.5], "texture": "#0"},
				"south": {"uv": [5, 0, 6, 0.5], "texture": "#0"},
				"west": {"uv": [8, 4.5, 8.5, 5], "texture": "#0"},
				"up": {"uv": [6, 1, 5, 0.5], "texture": "#0"},
				"down": {"uv": [6, 1, 5, 1.5], "texture": "#0"}
			}
		},
		{
			"from": [5.024, 7.512, 3.232],
			"to": [6.56, 8.024, 4],
			"rotation": {"angle": 0, "axis": "y", "origin": [11.4, -5.624, 12.936]},
			"faces": {
				"north": {"uv": [5, 1.5, 6, 2], "texture": "#0"},
				"east": {"uv": [5, 8, 5.5, 8.5], "texture": "#0"},
				"south": {"uv": [5, 2, 6, 2.5], "texture": "#0"},
				"west": {"uv": [8, 5, 8.5, 5.5], "texture": "#0"},
				"up": {"uv": [6, 4, 5, 3.5], "texture": "#0"},
				"down": {"uv": [5, 5, 4, 5.5], "texture": "#0"}
			}
		},
		{
			"from": [5.024, 4.44, 3.232],
			"to": [6.56, 4.952, 4],
			"rotation": {"angle": 0, "axis": "y", "origin": [11.4, -8.696, 12.936]},
			"faces": {
				"north": {"uv": [5, 4, 6, 4.5], "texture": "#0"},
				"east": {"uv": [6, 8, 6.5, 8.5], "texture": "#0"},
				"south": {"uv": [5, 4.5, 6, 5], "texture": "#0"},
				"west": {"uv": [6.5, 8, 7, 8.5], "texture": "#0"},
				"up": {"uv": [6, 5.5, 5, 5], "texture": "#0"},
				"down": {"uv": [1, 5.5, 0, 6], "texture": "#0"}
			}
		},
		{
			"from": [4, 5.464, 3.232],
			"to": [4.512, 7, 4],
			"rotation": {"angle": 0, "axis": "y", "origin": [10.376, 0.008, 12.936]},
			"faces": {
				"north": {"uv": [2.5, 5, 3, 6], "texture": "#0"},
				"east": {"uv": [1, 5.5, 1.5, 6.5], "texture": "#0"},
				"south": {"uv": [1.5, 5.5, 2, 6.5], "texture": "#0"},
				"west": {"uv": [2, 5.5, 2.5, 6.5], "texture": "#0"},
				"up": {"uv": [8.5, 7, 8, 6.5], "texture": "#0"},
				"down": {"uv": [7.5, 8, 7, 8.5], "texture": "#0"}
			}
		},
		{
			"from": [5.024, 4.952, 2.72],
			"to": [6.56, 5.464, 3.488],
			"rotation": {"angle": 0, "axis": "y", "origin": [11.4, -8.184, 12.424]},
			"faces": {
				"north": {"uv": [5.5, 2.5, 6.5, 3], "texture": "#0"},
				"east": {"uv": [7.5, 8, 8, 8.5], "texture": "#0"},
				"south": {"uv": [5.5, 3, 6.5, 3.5], "texture": "#0"},
				"west": {"uv": [8, 8, 8.5, 8.5], "texture": "#0"},
				"up": {"uv": [4.5, 6, 3.5, 5.5], "texture": "#0"},
				"down": {"uv": [5.5, 5.5, 4.5, 6], "texture": "#0"}
			}
		},
		{
			"from": [6.56, 5.464, 2.72],
			"to": [7.072, 7, 3.488],
			"rotation": {"angle": 0, "axis": "y", "origin": [5.256, -6.648, 12.424]},
			"faces": {
				"north": {"uv": [5.5, 5.5, 6, 6.5], "texture": "#0"},
				"east": {"uv": [0, 6, 0.5, 7], "texture": "#0"},
				"south": {"uv": [6, 0, 6.5, 1], "texture": "#0"},
				"west": {"uv": [0.5, 6, 1, 7], "texture": "#0"},
				"up": {"uv": [0.5, 9, 0, 8.5], "texture": "#0"},
				"down": {"uv": [9, 0, 8.5, 0.5], "texture": "#0"}
			}
		},
		{
			"from": [4.512, 5.464, 2.72],
			"to": [5.024, 7, 3.488],
			"rotation": {"angle": 0, "axis": "y", "origin": [3.208, -6.648, 12.424]},
			"faces": {
				"north": {"uv": [6, 1, 6.5, 2], "texture": "#0"},
				"east": {"uv": [2.5, 6, 3, 7], "texture": "#0"},
				"south": {"uv": [3, 6, 3.5, 7], "texture": "#0"},
				"west": {"uv": [3.5, 6, 4, 7], "texture": "#0"},
				"up": {"uv": [9, 1, 8.5, 0.5], "texture": "#0"},
				"down": {"uv": [9, 1, 8.5, 1.5], "texture": "#0"}
			}
		},
		{
			"from": [6.56, 7, 3.104],
			"to": [7.072, 7.512, 3.872],
			"rotation": {"angle": 0, "axis": "y", "origin": [5.256, -5.112, 12.936]},
			"faces": {
				"north": {"uv": [1.5, 8.5, 2, 9], "texture": "#0"},
				"east": {"uv": [8.5, 1.5, 9, 2], "texture": "#0"},
				"south": {"uv": [2, 8.5, 2.5, 9], "texture": "#0"},
				"west": {"uv": [8.5, 2.5, 9, 3], "texture": "#0"},
				"up": {"uv": [9, 3.5, 8.5, 3], "texture": "#0"},
				"down": {"uv": [4, 8.5, 3.5, 9], "texture": "#0"}
			}
		},
		{
			"from": [6.56, 4.952, 3.104],
			"to": [7.072, 5.464, 3.872],
			"rotation": {"angle": 0, "axis": "y", "origin": [5.256, -7.16, 12.936]},
			"faces": {
				"north": {"uv": [8.5, 3.5, 9, 4], "texture": "#0"},
				"east": {"uv": [4, 8.5, 4.5, 9], "texture": "#0"},
				"south": {"uv": [8.5, 4, 9, 4.5], "texture": "#0"},
				"west": {"uv": [4.5, 8.5, 5, 9], "texture": "#0"},
				"up": {"uv": [9, 5, 8.5, 4.5], "texture": "#0"},
				"down": {"uv": [5.5, 8.5, 5, 9], "texture": "#0"}
			}
		},
		{
			"from": [4.512, 4.952, 3.104],
			"to": [5.024, 5.464, 3.872],
			"rotation": {"angle": 0, "axis": "y", "origin": [3.208, -7.16, 12.936]},
			"faces": {
				"north": {"uv": [8.5, 5, 9, 5.5], "texture": "#0"},
				"east": {"uv": [5.5, 8.5, 6, 9], "texture": "#0"},
				"south": {"uv": [8.5, 5.5, 9, 6], "texture": "#0"},
				"west": {"uv": [6, 8.5, 6.5, 9], "texture": "#0"},
				"up": {"uv": [9, 6.5, 8.5, 6], "texture": "#0"},
				"down": {"uv": [7, 8.5, 6.5, 9], "texture": "#0"}
			}
		},
		{
			"from": [4.512, 7, 3.104],
			"to": [5.024, 7.512, 3.872],
			"rotation": {"angle": 0, "axis": "y", "origin": [3.208, -5.112, 12.936]},
			"faces": {
				"north": {"uv": [8.5, 6.5, 9, 7], "texture": "#0"},
				"east": {"uv": [7, 8.5, 7.5, 9], "texture": "#0"},
				"south": {"uv": [8.5, 7, 9, 7.5], "texture": "#0"},
				"west": {"uv": [7.5, 8.5, 8, 9], "texture": "#0"},
				"up": {"uv": [9, 8, 8.5, 7.5], "texture": "#0"},
				"down": {"uv": [8.5, 8.5, 8, 9], "texture": "#0"}
			}
		},
		{
			"from": [7.016, 5.464, 3.104],
			"to": [9.028, 7, 3.872],
			"rotation": {"angle": 0, "axis": "y", "origin": [4.112, -5.648, 11.808]},
			"faces": {
				"north": {"uv": [3.5, 3.5, 4.5, 4.5], "texture": "#0"},
				"east": {"uv": [3, 8, 3.5, 9], "texture": "#0"},
				"south": {"uv": [0, 4, 1, 5], "texture": "#0"},
				"west": {"uv": [8, 3, 8.5, 4], "texture": "#0"},
				"up": {"uv": [9, 2.5, 8, 2], "texture": "#0"},
				"down": {"uv": [4.5, 8, 3.5, 8.5], "texture": "#0"}
			}
		},
		{
			"from": [9.44, 5.464, 2.72],
			"to": [10.976, 7, 3.232],
			"rotation": {"angle": 0, "axis": "y", "origin": [4.648, 2.032, 4.744]},
			"faces": {
				"north": {"uv": [2, 2, 3, 3], "texture": "#0"},
				"east": {"uv": [6, 3.5, 6.5, 4.5], "texture": "#0"},
				"south": {"uv": [0, 3, 1, 4], "texture": "#0"},
				"west": {"uv": [4, 6, 4.5, 7], "texture": "#0"},
				"up": {"uv": [7, 2.5, 6, 2], "texture": "#0"},
				"down": {"uv": [5.5, 6, 4.5, 6.5], "texture": "#0"}
			}
		},
		{
			"from": [9.44, 7, 2.72],
			"to": [10.976, 7.512, 3.488],
			"rotation": {"angle": 0, "axis": "y", "origin": [11.816, -5.136, 12.424]},
			"faces": {
				"north": {"uv": [6, 4.5, 7, 5], "texture": "#0"},
				"east": {"uv": [8.5, 8, 9, 8.5], "texture": "#0"},
				"south": {"uv": [6, 5, 7, 5.5], "texture": "#0"},
				"west": {"uv": [8.5, 8.5, 9, 9], "texture": "#0"},
				"up": {"uv": [7, 6, 6, 5.5], "texture": "#0"},
				"down": {"uv": [7, 6, 6, 6.5], "texture": "#0"}
			}
		},
		{
			"from": [9.44, 7.512, 3.232],
			"to": [10.976, 8.024, 4],
			"rotation": {"angle": 0, "axis": "y", "origin": [11.816, -4.624, 12.936]},
			"faces": {
				"north": {"uv": [6.5, 0, 7.5, 0.5], "texture": "#0"},
				"east": {"uv": [0, 9, 0.5, 9.5], "texture": "#0"},
				"south": {"uv": [6.5, 0.5, 7.5, 1], "texture": "#0"},
				"west": {"uv": [9, 0, 9.5, 0.5], "texture": "#0"},
				"up": {"uv": [2, 7, 1, 6.5], "texture": "#0"},
				"down": {"uv": [7.5, 1, 6.5, 1.5], "texture": "#0"}
			}
		},
		{
			"from": [9.44, 4.44, 3.232],
			"to": [10.976, 4.952, 4],
			"rotation": {"angle": 0, "axis": "y", "origin": [11.816, -7.696, 12.936]},
			"faces": {
				"north": {"uv": [6.5, 1.5, 7.5, 2], "texture": "#0"},
				"east": {"uv": [0.5, 9, 1, 9.5], "texture": "#0"},
				"south": {"uv": [6.5, 2.5, 7.5, 3], "texture": "#0"},
				"west": {"uv": [9, 0.5, 9.5, 1], "texture": "#0"},
				"up": {"uv": [7.5, 3.5, 6.5, 3], "texture": "#0"},
				"down": {"uv": [7.5, 3.5, 6.5, 4], "texture": "#0"}
			}
		},
		{
			"from": [11.488, 5.464, 3.232],
			"to": [12, 7, 4],
			"rotation": {"angle": 0, "axis": "y", "origin": [13.864, 1.008, 12.936]},
			"faces": {
				"north": {"uv": [2, 6.5, 2.5, 7.5], "texture": "#0"},
				"east": {"uv": [4.5, 6.5, 5, 7.5], "texture": "#0"},
				"south": {"uv": [5, 6.5, 5.5, 7.5], "texture": "#0"},
				"west": {"uv": [5.5, 6.5, 6, 7.5], "texture": "#0"},
				"up": {"uv": [1.5, 9.5, 1, 9], "texture": "#0"},
				"down": {"uv": [9.5, 1, 9, 1.5], "texture": "#0"}
			}
		},
		{
			"from": [9.44, 4.952, 2.72],
			"to": [10.976, 5.464, 3.488],
			"rotation": {"angle": 0, "axis": "y", "origin": [11.816, -7.184, 12.424]},
			"faces": {
				"north": {"uv": [6.5, 4, 7.5, 4.5], "texture": "#0"},
				"east": {"uv": [1.5, 9, 2, 9.5], "texture": "#0"},
				"south": {"uv": [6, 6.5, 7, 7], "texture": "#0"},
				"west": {"uv": [9, 1.5, 9.5, 2], "texture": "#0"},
				"up": {"uv": [1, 7.5, 0, 7], "texture": "#0"},
				"down": {"uv": [2, 7, 1, 7.5], "texture": "#0"}
			}
		},
		{
			"from": [10.976, 5.464, 2.72],
			"to": [11.488, 7, 3.488],
			"rotation": {"angle": 0, "axis": "y", "origin": [5.672, -5.648, 12.424]},
			"faces": {
				"north": {"uv": [2.5, 7, 3, 8], "texture": "#0"},
				"east": {"uv": [3, 7, 3.5, 8], "texture": "#0"},
				"south": {"uv": [3.5, 7, 4, 8], "texture": "#0"},
				"west": {"uv": [4, 7, 4.5, 8], "texture": "#0"},
				"up": {"uv": [2.5, 9.5, 2, 9], "texture": "#0"},
				"down": {"uv": [9.5, 2, 9, 2.5], "texture": "#0"}
			}
		},
		{
			"from": [8.928, 5.464, 2.72],
			"to": [9.44, 7, 3.488],
			"rotation": {"angle": 0, "axis": "y", "origin": [3.624, -5.648, 12.424]},
			"faces": {
				"north": {"uv": [7, 4.5, 7.5, 5.5], "texture": "#0"},
				"east": {"uv": [7, 5.5, 7.5, 6.5], "texture": "#0"},
				"south": {"uv": [6, 7, 6.5, 8], "texture": "#0"},
				"west": {"uv": [6.5, 7, 7, 8], "texture": "#0"},
				"up": {"uv": [3, 9.5, 2.5, 9], "texture": "#0"},
				"down": {"uv": [9.5, 2.5, 9, 3], "texture": "#0"}
			}
		},
		{
			"from": [10.976, 7, 3.104],
			"to": [11.488, 7.512, 3.872],
			"rotation": {"angle": 0, "axis": "y", "origin": [5.672, -4.112, 12.936]},
			"faces": {
				"north": {"uv": [3, 9, 3.5, 9.5], "texture": "#0"},
				"east": {"uv": [9, 3, 9.5, 3.5], "texture": "#0"},
				"south": {"uv": [3.5, 9, 4, 9.5], "texture": "#0"},
				"west": {"uv": [9, 3.5, 9.5, 4], "texture": "#0"},
				"up": {"uv": [4.5, 9.5, 4, 9], "texture": "#0"},
				"down": {"uv": [9.5, 4, 9, 4.5], "texture": "#0"}
			}
		},
		{
			"from": [10.976, 4.952, 3.104],
			"to": [11.488, 5.464, 3.872],
			"rotation": {"angle": 0, "axis": "y", "origin": [5.672, -6.16, 12.936]},
			"faces": {
				"north": {"uv": [4.5, 9, 5, 9.5], "texture": "#0"},
				"east": {"uv": [9, 4.5, 9.5, 5], "texture": "#0"},
				"south": {"uv": [5, 9, 5.5, 9.5], "texture": "#0"},
				"west": {"uv": [9, 5, 9.5, 5.5], "texture": "#0"},
				"up": {"uv": [6, 9.5, 5.5, 9], "texture": "#0"},
				"down": {"uv": [9.5, 5.5, 9, 6], "texture": "#0"}
			}
		},
		{
			"from": [8.928, 4.952, 3.104],
			"to": [9.44, 5.464, 3.872],
			"rotation": {"angle": 0, "axis": "y", "origin": [3.624, -6.16, 12.936]},
			"faces": {
				"north": {"uv": [6, 9, 6.5, 9.5], "texture": "#0"},
				"east": {"uv": [9, 6, 9.5, 6.5], "texture": "#0"},
				"south": {"uv": [6.5, 9, 7, 9.5], "texture": "#0"},
				"west": {"uv": [9, 6.5, 9.5, 7], "texture": "#0"},
				"up": {"uv": [7.5, 9.5, 7, 9], "texture": "#0"},
				"down": {"uv": [9.5, 7, 9, 7.5], "texture": "#0"}
			}
		},
		{
			"from": [8.928, 7, 3.104],
			"to": [9.44, 7.512, 3.872],
			"rotation": {"angle": 0, "axis": "y", "origin": [3.624, -4.112, 12.936]},
			"faces": {
				"north": {"uv": [7.5, 9, 8, 9.5], "texture": "#0"},
				"east": {"uv": [9, 7.5, 9.5, 8], "texture": "#0"},
				"south": {"uv": [8, 9, 8.5, 9.5], "texture": "#0"},
				"west": {"uv": [9, 8, 9.5, 8.5], "texture": "#0"},
				"up": {"uv": [9, 9.5, 8.5, 9], "texture": "#0"},
				"down": {"uv": [9.5, 8.5, 9, 9], "texture": "#0"}
			}
		},
		{
			"from": [3, 6, 4],
			"to": [4, 7, 6],
			"rotation": {"angle": 0, "axis": "y", "origin": [2, 7.3, 0.2]},
			"faces": {
				"north": {"uv": [9, 9, 9.5, 9.5], "texture": "#0"},
				"east": {"uv": [7, 2, 8, 2.5], "texture": "#0"},
				"south": {"uv": [0, 9.5, 0.5, 10], "texture": "#0"},
				"west": {"uv": [7, 6.5, 8, 7], "texture": "#0"},
				"up": {"uv": [7.5, 8, 7, 7], "texture": "#0"},
				"down": {"uv": [0.5, 7.5, 0, 8.5], "texture": "#0"}
			}
		},
		{
			"from": [3, 4, 10],
			"to": [4, 5, 12],
			"rotation": {"angle": 0, "axis": "y", "origin": [2, 7.3, 0.2]},
			"faces": {
				"north": {"uv": [9.5, 0.5, 10, 1], "texture": "#0"},
				"east": {"uv": [7.5, 0, 8.5, 0.5], "texture": "#0"},
				"south": {"uv": [1, 9.5, 1.5, 10], "texture": "#0"},
				"west": {"uv": [0.5, 7.5, 1.5, 8], "texture": "#0"},
				"up": {"uv": [8, 1.5, 7.5, 0.5], "texture": "#0"},
				"down": {"uv": [2, 7.5, 1.5, 8.5], "texture": "#0"}
			}
		},
		{
			"from": [3, 5, 6],
			"to": [4, 6, 10],
			"rotation": {"angle": 0, "axis": "y", "origin": [2, 7.3, 0.2]},
			"faces": {
				"north": {"uv": [9.5, 0, 10, 0.5], "texture": "#0"},
				"east": {"uv": [1, 3, 3, 3.5], "texture": "#0"},
				"south": {"uv": [0.5, 9.5, 1, 10], "texture": "#0"},
				"west": {"uv": [3, 2, 5, 2.5], "texture": "#0"},
				"up": {"uv": [3.5, 4.5, 3, 2.5], "texture": "#0"},
				"down": {"uv": [1.5, 3.5, 1, 5.5], "texture": "#0"}
			}
		},
		{
			"from": [4, 4, 12],
			"to": [12, 5, 13],
			"rotation": {"angle": 0, "axis": "y", "origin": [6, 4.5, 12.5]},
			"faces": {
				"north": {"uv": [0, 0, 4, 0.5], "texture": "#0"},
				"east": {"uv": [9.5, 1, 10, 1.5], "texture": "#0"},
				"south": {"uv": [0, 0.5, 4, 1], "texture": "#0"},
				"west": {"uv": [1.5, 9.5, 2, 10], "texture": "#0"},
				"up": {"uv": [4, 1.5, 0, 1], "texture": "#0"},
				"down": {"uv": [4, 1.5, 0, 2], "texture": "#0"}
			}
		},
		{
			"from": [12, 4, 10],
			"to": [13, 5, 12],
			"rotation": {"angle": 0, "axis": "y", "origin": [1, 7.3, 0.2]},
			"faces": {
				"north": {"uv": [9.5, 1.5, 10, 2], "texture": "#0"},
				"east": {"uv": [7.5, 1.5, 8.5, 2], "texture": "#0"},
				"south": {"uv": [2, 9.5, 2.5, 10], "texture": "#0"},
				"west": {"uv": [7.5, 2.5, 8.5, 3], "texture": "#0"},
				"up": {"uv": [2.5, 8.5, 2, 7.5], "texture": "#0"},
				"down": {"uv": [8, 3, 7.5, 4], "texture": "#0"}
			}
		},
		{
			"from": [12, 5, 6],
			"to": [13, 6, 10],
			"rotation": {"angle": 0, "axis": "y", "origin": [2, 7.3, 0.2]},
			"faces": {
				"north": {"uv": [9.5, 2, 10, 2.5], "texture": "#0"},
				"east": {"uv": [3.5, 2.5, 5.5, 3], "texture": "#0"},
				"south": {"uv": [2.5, 9.5, 3, 10], "texture": "#0"},
				"west": {"uv": [3.5, 3, 5.5, 3.5], "texture": "#0"},
				"up": {"uv": [2, 5.5, 1.5, 3.5], "texture": "#0"},
				"down": {"uv": [2.5, 3.5, 2, 5.5], "texture": "#0"}
			}
		},
		{
			"from": [12, 6, 4],
			"to": [13, 7, 6],
			"rotation": {"angle": 0, "axis": "y", "origin": [2, 7.3, 0.2]},
			"faces": {
				"north": {"uv": [9.5, 2.5, 10, 3], "texture": "#0"},
				"east": {"uv": [7.5, 4, 8.5, 4.5], "texture": "#0"},
				"south": {"uv": [3, 9.5, 3.5, 10], "texture": "#0"},
				"west": {"uv": [4.5, 7.5, 5.5, 8], "texture": "#0"},
				"up": {"uv": [8, 5.5, 7.5, 4.5], "texture": "#0"},
				"down": {"uv": [6, 7.5, 5.5, 8.5], "texture": "#0"}
			}
		},
		{
			"from": [7, 3, 12],
			"to": [9, 4, 13],
			"rotation": {"angle": 0, "axis": "y", "origin": [8, 3.5, 12.5]},
			"faces": {
				"north": {"uv": [7.5, 5.5, 8.5, 6], "texture": "#0"},
				"east": {"uv": [9.5, 3, 10, 3.5], "texture": "#0"},
				"south": {"uv": [7.5, 6, 8.5, 6.5], "texture": "#0"},
				"west": {"uv": [3.5, 9.5, 4, 10], "texture": "#0"},
				"up": {"uv": [8.5, 7.5, 7.5, 7], "texture": "#0"},
				"down": {"uv": [8.5, 7.5, 7.5, 8], "texture": "#0"}
			}
		},
		{
			"from": [6, 1, 12],
			"to": [7, 3, 13],
			"rotation": {"angle": 0, "axis": "y", "origin": [6.5, 2, 12.5]},
			"faces": {
				"north": {"uv": [0.5, 8, 1, 9], "texture": "#0"},
				"east": {"uv": [8, 0.5, 8.5, 1.5], "texture": "#0"},
				"south": {"uv": [1, 8, 1.5, 9], "texture": "#0"},
				"west": {"uv": [2.5, 8, 3, 9], "texture": "#0"},
				"up": {"uv": [10, 4, 9.5, 3.5], "texture": "#0"},
				"down": {"uv": [4.5, 9.5, 4, 10], "texture": "#0"}
			}
		},
		{
			"from": [9, 0, 12],
			"to": [10, 3, 13],
			"rotation": {"angle": 0, "axis": "y", "origin": [6.5, 3, 12.5]},
			"faces": {
				"north": {"uv": [2.5, 3.5, 3, 5], "texture": "#0"},
				"east": {"uv": [4, 0, 4.5, 1.5], "texture": "#0"},
				"south": {"uv": [4.5, 0, 5, 1.5], "texture": "#0"},
				"west": {"uv": [3, 4.5, 3.5, 6], "texture": "#0"},
				"up": {"uv": [10, 4.5, 9.5, 4], "texture": "#0"},
				"down": {"uv": [5, 9.5, 4.5, 10], "texture": "#0"}
			}
		}
	],
	"display": {
		"thirdperson_righthand": {
			"rotation": [0, 0, -90],
			"translation": [2, -2, -1.25],
			"scale": [0.6, 0.6, 0.6]
		},
		"thirdperson_lefthand": {
			"rotation": [0, 0, -90],
			"translation": [2, -2, -1.25],
			"scale": [0.6, 0.6, 0.6]
		},
		"firstperson_righthand": {
			"rotation": [0, 0, -90],
			"translation": [2, -2, -1.25],
			"scale": [0.6, 0.6, 0.6]
		},
		"firstperson_lefthand": {
			"rotation": [0, 0, -90],
			"translation": [2, -2, -1.25],
			"scale": [0.6, 0.6, 0.6]
		},
		"ground": {
			"translation": [0, 0.25, 0],
			"scale": [1.2, 1.2, 1.2]
		},
		"gui": {
			"rotation": [25, -150, 1],
			"translation": [0.25, 4, 0],
			"scale": [1.3, 1.3, 1.3]
		},
		"head": {
			"translation": [0, 6.5, 0],
			"scale": [1.6, 1.6, 1.6]
		},
		"fixed": {
			"rotation": [-90, 0, 0],
			"translation": [0, 0, -5.75],
			"scale": [1.6, 1.6, 1.6]
		}
	},
	"groups": [
		{
			"name": "lense_left",
			"origin": [8.328, -3.064, 9.352],
			"color": 0,
			"children": [0, 1, 2, 3, 4, 5, 6, 7, 8, 9, 10, 11]
		},
		12,
		{
			"name": "lense_right",
			"origin": [8.328, -3.064, 9.352],
			"color": 0,
			"children": [13, 14, 15, 16, 17, 18, 19, 20, 21, 22, 23, 24]
		},
		{
			"name": "strap",
			"origin": [2, 7.3, 0.2],
			"color": 0,
			"children": [25, 26, 27, 28, 29, 30, 31, 32, 33, 34]
		}
	]
}