{
	"credit": "Made with Blockbench",
	"texture_size": [64, 64],
	"textures": {
		"0": "item/hats/stitch",
		"particle": "item/hats/stitch"
	},
	"elements": [
		{
			"from": [3, 6, 3],
			"to": [13, 13, 13],
			"faces": {
				"north": {"uv": [5, 5, 7.5, 6.75], "texture": "#0"},
				"east": {"uv": [6.5, 0, 9, 1.75], "texture": "#0"},
				"south": {"uv": [6.5, 1.75, 9, 3.5], "texture": "#0"},
				"west": {"uv": [5, 6.75, 7.5, 8.5], "texture": "#0"},
				"up": {"uv": [2.5, 7.5, 0, 5], "texture": "#0"},
				"down": {"uv": [5, 5, 2.5, 7.5], "texture": "#0"}
			}
		},
		{
			"from": [3.2, 8.1, 3.2],
			"to": [12.8, 12.6, 12.8],
			"faces": {
				"north": {"uv": [0, 5.25, 2.5, 7], "texture": "#0"},
				"east": {"uv": [0, 5.25, 2.5, 7], "texture": "#0"},
				"south": {"uv": [0, 5.25, 2.5, 7], "texture": "#0"},
				"west": {"uv": [0, 5.25, 2.5, 7], "texture": "#0"},
				"up": {"uv": [2.25, 7, 0, 5.5], "texture": "#0"},
				"down": {"uv": [5, 5, 2.5, 7.5], "texture": "#0"}
			}
		},
		{
			"from": [2.95, 8, 4],
			"to": [2.95, 18, 17],
			"rotation": {"angle": -22.5, "axis": "y", "origin": [2.95, 9, 6.75]},
			"faces": {
				"north": {"uv": [0, 0, 0, 2.5], "texture": "#0"},
				"east": {"uv": [0, 0, 3.25, 2.5], "texture": "#0"},
				"south": {"uv": [0, 0, 0, 2.5], "texture": "#0"},
				"west": {"uv": [0, 2.5, 3.25, 5], "texture": "#0"},
				"up": {"uv": [0, 3.25, 0, 0], "texture": "#0"},
				"down": {"uv": [0, 0, 0, 3.25], "texture": "#0"}
			}
		},
		{
			"from": [13.05, 8, 4],
			"to": [13.05, 18, 17],
			"rotation": {"angle": 22.5, "axis": "y", "origin": [13.05, 9, 6.75]},
			"faces": {
				"north": {"uv": [0, 0, 0, 2.5], "texture": "#0"},
				"east": {"uv": [3.25, 2.5, 0, 5], "texture": "#0"},
				"south": {"uv": [0, 0, 0, 2.5], "texture": "#0"},
				"west": {"uv": [3.25, 0, 0, 2.5], "texture": "#0"},
				"up": {"uv": [0, 3.25, 0, 0], "texture": "#0"},
				"down": {"uv": [0, 0, 0, 3.25], "texture": "#0"}
			}
		},
		{
			"from": [7, 6.25, 2],
			"to": [9, 8.25, 3],
			"faces": {
				"north": {"uv": [0, 7.5, 0.5, 8], "texture": "#0"},
				"east": {"uv": [3, 7.5, 3.25, 8], "texture": "#0"},
				"south": {"uv": [0.5, 7.5, 1, 8], "texture": "#0"},
				"west": {"uv": [3.25, 7.5, 3.5, 8], "texture": "#0"},
				"up": {"uv": [4, 7.75, 3.5, 7.5], "texture": "#0"},
				"down": {"uv": [8, 3.5, 7.5, 3.75], "texture": "#0"}
			}
		},
		{
			"from": [3.3, 7.45, 2.5],
			"to": [5.3, 10.45, 3],
			"faces": {
				"north": {"uv": [7, 3.5, 7.5, 4.25], "texture": "#0"},
				"east": {"uv": [1.5, 7.5, 1.75, 8.25], "texture": "#0"},
				"south": {"uv": [7, 4.25, 7.5, 5], "texture": "#0"},
				"west": {"uv": [1.75, 7.5, 2, 8.25], "texture": "#0"},
				"up": {"uv": [8, 4, 7.5, 3.75], "texture": "#0"},
				"down": {"uv": [4.5, 7.5, 4, 7.75], "texture": "#0"}
			}
		},
		{
			"from": [10.7, 7.45, 2.5],
			"to": [12.7, 10.45, 3],
			"faces": {
				"north": {"uv": [6.5, 3.5, 7, 4.25], "texture": "#0"},
				"east": {"uv": [1, 7.5, 1.25, 8.25], "texture": "#0"},
				"south": {"uv": [6.5, 4.25, 7, 5], "texture": "#0"},
				"west": {"uv": [1.25, 7.5, 1.5, 8.25], "texture": "#0"},
				"up": {"uv": [2.5, 7.75, 2, 7.5], "texture": "#0"},
				"down": {"uv": [3, 7.5, 2.5, 7.75], "texture": "#0"}
			}
		}
	],
	"display": {
		"thirdperson_righthand": {
			"translation": [0, 0.25, 0],
			"scale": [0.5, 0.5, 0.5]
		},
		"thirdperson_lefthand": {
			"scale": [0.5, 0.5, 0.5]
		},
		"firstperson_righthand": {
			"scale": [0.5, 0.5, 0.5]
		},
		"firstperson_lefthand": {
			"scale": [0.5, 0.5, 0.5]
		},
		"ground": {
			"scale": [0.9, 0.9, 0.9]
		},
		"gui": {
			"rotation": [18, 145, -5],
			"translation": [0, -2.5, 0],
			"scale": [0.8, 0.8, 0.8]
		},
		"head": {
			"rotation": [13, 0, 0],
			"translation": [0, 3.5, 0],
			"scale": [1.7, 1.7, 1.7]
		},
		"fixed": {
			"rotation": [-90, 0, 0],
			"translation": [0, 0, -2]
		}
	}
}