{
	"credit": "Made with Blockbench",
	"texture_size": [64, 64],
	"textures": {
		"0": "item/hats/straw_hat",
		"particle": "item/hats/straw_hat"
	},
	"elements": [
		{
			"from": [3.5, 10, 3.5],
			"to": [12.5, 11.5, 12.5],
			"faces": {
				"north": {"uv": [2.75, 5, 5, 5.75], "texture": "#0"},
				"east": {"uv": [5.25, 0, 7.5, 0.75], "texture": "#0"},
				"south": {"uv": [5.25, 1, 7.5, 1.75], "texture": "#0"},
				"west": {"uv": [5.25, 2, 7.5, 2.75], "texture": "#0"},
				"up": {"uv": [5, 2.25, 2.75, 0], "texture": "#0"},
				"down": {"uv": [5, 2.5, 2.75, 4.75], "texture": "#0"}
			}
		},
		{
			"from": [3.25, 9, 3.25],
			"to": [12.75, 10, 12.75],
			"faces": {
				"north": {"uv": [6.75, 3, 9.25, 3.25], "texture": "#0"},
				"east": {"uv": [6.75, 3.5, 9.25, 3.75], "texture": "#0"},
				"south": {"uv": [6.75, 4, 9.25, 4.25], "texture": "#0"},
				"west": {"uv": [6.75, 4.5, 9.25, 4.75], "texture": "#0"},
				"up": {"uv": [2.5, 2.5, 0, 0], "texture": "#0"},
				"down": {"uv": [2.5, 2.75, 0, 5.25], "texture": "#0"}
			}
		},
		{
			"from": [0, 8, 4],
			"to": [4, 9, 8],
			"faces": {
				"north": {"uv": [4.75, 8.25, 5.75, 8.5], "texture": "#0"},
				"east": {"uv": [8.25, 7, 9.25, 7.25], "texture": "#0"},
				"south": {"uv": [8.25, 7.5, 9.25, 7.75], "texture": "#0"},
				"west": {"uv": [8.25, 8, 9.25, 8.25], "texture": "#0"},
				"up": {"uv": [1, 6.5, 0, 5.5], "texture": "#0"},
				"down": {"uv": [2.25, 5.5, 1.25, 6.5], "texture": "#0"}
			}
		},
		{
			"from": [12, 8, 4],
			"to": [16, 9, 8],
			"faces": {
				"north": {"uv": [8.5, 0, 9.5, 0.25], "texture": "#0"},
				"east": {"uv": [8.5, 0.5, 9.5, 0.75], "texture": "#0"},
				"south": {"uv": [8.5, 1, 9.5, 1.25], "texture": "#0"},
				"west": {"uv": [8.5, 1.5, 9.5, 1.75], "texture": "#0"},
				"up": {"uv": [6.25, 6.5, 5.25, 5.5], "texture": "#0"},
				"down": {"uv": [3.5, 6, 2.5, 7], "texture": "#0"}
			}
		},
		{
			"from": [12, 8, 10],
			"to": [16, 9, 12],
			"faces": {
				"north": {"uv": [8.5, 2, 9.5, 2.25], "texture": "#0"},
				"east": {"uv": [2.75, 9.5, 3.25, 9.75], "texture": "#0"},
				"south": {"uv": [2.25, 8.5, 3.25, 8.75], "texture": "#0"},
				"west": {"uv": [9.75, 1, 10.25, 1.25], "texture": "#0"},
				"up": {"uv": [6, 7.25, 5, 6.75], "texture": "#0"},
				"down": {"uv": [7.25, 6.75, 6.25, 7.25], "texture": "#0"}
			}
		},
		{
			"from": [12, 8, 8],
			"to": [15, 9, 10],
			"faces": {
				"north": {"uv": [6.75, 5, 7.5, 5.25], "texture": "#0"},
				"east": {"uv": [9.75, 1.5, 10.25, 1.75], "texture": "#0"},
				"south": {"uv": [4, 9.25, 4.75, 9.5], "texture": "#0"},
				"west": {"uv": [9.75, 2, 10.25, 2.25], "texture": "#0"},
				"up": {"uv": [4.75, 7.75, 4, 7.25], "texture": "#0"},
				"down": {"uv": [5.75, 7.5, 5, 8], "texture": "#0"}
			}
		},
		{
			"from": [0, 8, 9],
			"to": [4, 9, 12],
			"faces": {
				"north": {"uv": [8.5, 2.5, 9.5, 2.75], "texture": "#0"},
				"east": {"uv": [5, 9.25, 5.75, 9.5], "texture": "#0"},
				"south": {"uv": [8.5, 5, 9.5, 5.25], "texture": "#0"},
				"west": {"uv": [9.25, 6, 10, 6.25], "texture": "#0"},
				"up": {"uv": [1, 7.5, 0, 6.75], "texture": "#0"},
				"down": {"uv": [2.25, 6.75, 1.25, 7.5], "texture": "#0"}
			}
		},
		{
			"from": [1, 8, 8],
			"to": [4, 9, 9],
			"faces": {
				"north": {"uv": [1.75, 9.5, 2.5, 9.75], "texture": "#0"},
				"east": {"uv": [3, 9, 3.25, 9.25], "texture": "#0"},
				"south": {"uv": [9.5, 3, 10.25, 3.25], "texture": "#0"},
				"west": {"uv": [10.5, 3.25, 10.75, 3.5], "texture": "#0"},
				"up": {"uv": [10.25, 3.75, 9.5, 3.5], "texture": "#0"},
				"down": {"uv": [10.25, 4, 9.5, 4.25], "texture": "#0"}
			}
		},
		{
			"from": [4, 8, 0],
			"to": [9, 9, 4],
			"faces": {
				"north": {"uv": [7.75, 6, 9, 6.25], "texture": "#0"},
				"east": {"uv": [8.5, 5.5, 9.5, 5.75], "texture": "#0"},
				"south": {"uv": [8.25, 6.5, 9.5, 6.75], "texture": "#0"},
				"west": {"uv": [6, 8.5, 7, 8.75], "texture": "#0"},
				"up": {"uv": [6.5, 4, 5.25, 3], "texture": "#0"},
				"down": {"uv": [6.5, 4.25, 5.25, 5.25], "texture": "#0"}
			}
		},
		{
			"from": [11, 8, 0],
			"to": [12, 9, 4],
			"faces": {
				"north": {"uv": [10.5, 3.75, 10.75, 4], "texture": "#0"},
				"east": {"uv": [8.25, 8.5, 9.25, 8.75], "texture": "#0"},
				"south": {"uv": [10.5, 4.25, 10.75, 4.5], "texture": "#0"},
				"west": {"uv": [0, 8.75, 1, 9], "texture": "#0"},
				"up": {"uv": [3.75, 9.5, 3.5, 8.5], "texture": "#0"},
				"down": {"uv": [1.5, 8.75, 1.25, 9.75], "texture": "#0"}
			}
		},
		{
			"from": [9, 8, 1],
			"to": [11, 9, 4],
			"faces": {
				"north": {"uv": [9.75, 2.5, 10.25, 2.75], "texture": "#0"},
				"east": {"uv": [9.5, 4.5, 10.25, 4.75], "texture": "#0"},
				"south": {"uv": [3.5, 9.75, 4, 10], "texture": "#0"},
				"west": {"uv": [6, 9.5, 6.75, 9.75], "texture": "#0"},
				"up": {"uv": [6.5, 8.25, 6, 7.5], "texture": "#0"},
				"down": {"uv": [7.25, 7.5, 6.75, 8.25], "texture": "#0"}
			}
		},
		{
			"from": [2, 8, 1],
			"to": [4, 9, 4],
			"faces": {
				"north": {"uv": [4.25, 9.75, 4.75, 10], "texture": "#0"},
				"east": {"uv": [7, 9.5, 7.75, 9.75], "texture": "#0"},
				"south": {"uv": [5, 9.75, 5.5, 10], "texture": "#0"},
				"west": {"uv": [9.5, 7, 10.25, 7.25], "texture": "#0"},
				"up": {"uv": [8, 7.5, 7.5, 6.75], "texture": "#0"},
				"down": {"uv": [0.5, 7.75, 0, 8.5], "texture": "#0"}
			}
		},
		{
			"from": [1, 8, 2],
			"to": [2, 9, 4],
			"faces": {
				"north": {"uv": [10.5, 4.75, 10.75, 5], "texture": "#0"},
				"east": {"uv": [9.75, 5, 10.25, 5.25], "texture": "#0"},
				"south": {"uv": [10.5, 5.25, 10.75, 5.5], "texture": "#0"},
				"west": {"uv": [9.75, 5.5, 10.25, 5.75], "texture": "#0"},
				"up": {"uv": [1.25, 10.5, 1, 10], "texture": "#0"},
				"down": {"uv": [1.75, 10, 1.5, 10.5], "texture": "#0"}
			}
		},
		{
			"from": [14, 8, 2],
			"to": [15, 9, 4],
			"rotation": {"angle": 0, "axis": "y", "origin": [16, 0, 0]},
			"faces": {
				"north": {"uv": [5.5, 10.5, 5.75, 10.75], "texture": "#0"},
				"east": {"uv": [9.75, 6.5, 10.25, 6.75], "texture": "#0"},
				"south": {"uv": [6, 10.5, 6.25, 10.75], "texture": "#0"},
				"west": {"uv": [9.75, 9, 10.25, 9.25], "texture": "#0"},
				"up": {"uv": [2.25, 10.5, 2, 10], "texture": "#0"},
				"down": {"uv": [2.75, 10, 2.5, 10.5], "texture": "#0"}
			}
		},
		{
			"from": [12, 8, 1],
			"to": [14, 9, 4],
			"rotation": {"angle": 0, "axis": "y", "origin": [16, 0, 0]},
			"faces": {
				"north": {"uv": [5.75, 10, 6.25, 10.25], "texture": "#0"},
				"east": {"uv": [9.5, 7.5, 10.25, 7.75], "texture": "#0"},
				"south": {"uv": [6.5, 10, 7, 10.25], "texture": "#0"},
				"west": {"uv": [8, 9.5, 8.75, 9.75], "texture": "#0"},
				"up": {"uv": [8.25, 0.75, 7.75, 0], "texture": "#0"},
				"down": {"uv": [1.25, 7.75, 0.75, 8.5], "texture": "#0"}
			}
		},
		{
			"from": [14, 8, 12],
			"to": [15, 9, 14],
			"rotation": {"angle": 0, "axis": "y", "origin": [16, 0, 16]},
			"faces": {
				"north": {"uv": [6.5, 10.5, 6.75, 10.75], "texture": "#0"},
				"east": {"uv": [7.25, 10, 7.75, 10.25], "texture": "#0"},
				"south": {"uv": [10.5, 6.5, 10.75, 6.75], "texture": "#0"},
				"west": {"uv": [8, 10, 8.5, 10.25], "texture": "#0"},
				"up": {"uv": [3.25, 10.5, 3, 10], "texture": "#0"},
				"down": {"uv": [9, 10, 8.75, 10.5], "texture": "#0"}
			}
		},
		{
			"from": [12, 8, 12],
			"to": [14, 9, 15],
			"rotation": {"angle": 0, "axis": "y", "origin": [16, 0, 16]},
			"faces": {
				"north": {"uv": [9.25, 10, 9.75, 10.25], "texture": "#0"},
				"east": {"uv": [9.5, 8, 10.25, 8.25], "texture": "#0"},
				"south": {"uv": [10, 9.5, 10.5, 9.75], "texture": "#0"},
				"west": {"uv": [9.5, 8.5, 10.25, 8.75], "texture": "#0"},
				"up": {"uv": [8.25, 1.75, 7.75, 1], "texture": "#0"},
				"down": {"uv": [2, 7.75, 1.5, 8.5], "texture": "#0"}
			}
		},
		{
			"from": [2, 8, 12],
			"to": [4, 9, 15],
			"rotation": {"angle": 0, "axis": "y", "origin": [0, 0, 16]},
			"faces": {
				"north": {"uv": [10, 10, 10.5, 10.25], "texture": "#0"},
				"east": {"uv": [9, 9.5, 9.75, 9.75], "texture": "#0"},
				"south": {"uv": [0, 10.25, 0.5, 10.5], "texture": "#0"},
				"west": {"uv": [0, 9.75, 0.75, 10], "texture": "#0"},
				"up": {"uv": [8.25, 2.75, 7.75, 2], "texture": "#0"},
				"down": {"uv": [8.25, 5, 7.75, 5.75], "texture": "#0"}
			}
		},
		{
			"from": [1, 8, 12],
			"to": [2, 9, 14],
			"rotation": {"angle": 0, "axis": "y", "origin": [0, 0, 16]},
			"faces": {
				"north": {"uv": [7, 10.5, 7.25, 10.75], "texture": "#0"},
				"east": {"uv": [3.5, 10.25, 4, 10.5], "texture": "#0"},
				"south": {"uv": [10.5, 7, 10.75, 7.25], "texture": "#0"},
				"west": {"uv": [4.25, 10.25, 4.75, 10.5], "texture": "#0"},
				"up": {"uv": [5.25, 10.75, 5, 10.25], "texture": "#0"},
				"down": {"uv": [10.75, 1, 10.5, 1.5], "texture": "#0"}
			}
		},
		{
			"from": [4, 8, 12],
			"to": [6, 9, 16],
			"faces": {
				"north": {"uv": [10.25, 6, 10.75, 6.25], "texture": "#0"},
				"east": {"uv": [4.75, 8.75, 5.75, 9], "texture": "#0"},
				"south": {"uv": [10.5, 1.75, 11, 2], "texture": "#0"},
				"west": {"uv": [1.75, 9, 2.75, 9.25], "texture": "#0"},
				"up": {"uv": [3, 8.25, 2.5, 7.25], "texture": "#0"},
				"down": {"uv": [3.75, 7.25, 3.25, 8.25], "texture": "#0"}
			}
		},
		{
			"from": [6, 8, 12],
			"to": [8, 9, 15],
			"faces": {
				"north": {"uv": [10.5, 2.25, 11, 2.5], "texture": "#0"},
				"east": {"uv": [9.75, 0, 10.5, 0.25], "texture": "#0"},
				"south": {"uv": [10.5, 2.75, 11, 3], "texture": "#0"},
				"west": {"uv": [9.75, 0.5, 10.5, 0.75], "texture": "#0"},
				"up": {"uv": [8, 8.5, 7.5, 7.75], "texture": "#0"},
				"down": {"uv": [4.5, 8, 4, 8.75], "texture": "#0"}
			}
		},
		{
			"from": [8, 8, 12],
			"to": [12, 9, 16],
			"faces": {
				"north": {"uv": [6, 9, 7, 9.25], "texture": "#0"},
				"east": {"uv": [7.25, 9, 8.25, 9.25], "texture": "#0"},
				"south": {"uv": [8.5, 9, 9.5, 9.25], "texture": "#0"},
				"west": {"uv": [0, 9.25, 1, 9.5], "texture": "#0"},
				"up": {"uv": [4.75, 7, 3.75, 6], "texture": "#0"},
				"down": {"uv": [7.5, 5.5, 6.5, 6.5], "texture": "#0"}
			}
		}
	],
	"display": {
		"thirdperson_righthand": {
			"scale": [0.5, 0.5, 0.5]
		},
		"thirdperson_lefthand": {
			"scale": [0.5, 0.5, 0.5]
		},
		"firstperson_righthand": {
			"scale": [0.5, 0.5, 0.5]
		},
		"firstperson_lefthand": {
			"scale": [0.5, 0.5, 0.5]
		},
		"gui": {
			"rotation": [34, 43, 0],
			"scale": [0.7, 0.7, 0.7]
		},
		"head": {
			"rotation": [8, 0, 0],
			"translation": [0, 2.25, 0],
			"scale": [1.8, 1.8, 1.8]
		},
		"fixed": {
			"rotation": [-90, 0, 0]
		}
	}
}