{
	"credit": "Made with Blockbench",
	"parent": "carved_pumpkin",
	"textures": {
		"0": "item/hats/tall_trio_black",
		"particle": "item/hats/tall_trio_black"
	},
	"elements": [
		{
			"from": [7.5, 6.5, 3],
			"to": [8.5, 8.5, 5],
			"rotation": {"angle": -22.5, "axis": "x", "origin": [6, 8.5, 4]},
			"faces": {
				"north": {"uv": [3, 12, 4, 14], "texture": "#0"},
				"east": {"uv": [8, 0, 10, 2], "texture": "#0"},
				"south": {"uv": [12, 3, 13, 5], "texture": "#0"},
				"west": {"uv": [8, 2, 10, 4], "texture": "#0"},
				"up": {"uv": [5, 14, 4, 12], "texture": "#0"},
				"down": {"uv": [6, 12, 5, 14], "texture": "#0"}
			}
		},
		{
			"from": [3, 5, 3],
			"to": [5, 9, 5],
			"rotation": {"angle": -22.5, "axis": "x", "origin": [6, 8, 4]},
			"faces": {
				"north": {"uv": [0, 0, 2, 4], "texture": "#0"},
				"east": {"uv": [2, 0, 4, 4], "texture": "#0"},
				"south": {"uv": [0, 4, 2, 8], "texture": "#0"},
				"west": {"uv": [4, 0, 6, 4], "texture": "#0"},
				"up": {"uv": [10, 10, 8, 8], "texture": "#0"},
				"down": {"uv": [8, 9, 6, 11], "texture": "#0"}
			}
		},
		{
			"from": [9, 15, 1.5],
			"to": [10, 17, 2.5],
			"rotation": {"angle": 22.5, "axis": "x", "origin": [10, 8, 4]},
			"faces": {
				"north": {"uv": [1, 13, 0, 15], "texture": "#0"},
				"east": {"uv": [14, 2, 13, 4], "texture": "#0"},
				"south": {"uv": [2, 13, 1, 15], "texture": "#0"},
				"west": {"uv": [14, 0, 13, 2], "texture": "#0"},
				"up": {"uv": [8, 14, 9, 13], "texture": "#0"},
				"down": {"uv": [13, 8, 14, 9], "texture": "#0"}
			}
		},
		{
			"from": [10, 13.75, 1.5],
			"to": [11, 15.75, 2.5],
			"rotation": {"angle": 22.5, "axis": "x", "origin": [10, 8, 4]},
			"faces": {
				"north": {"uv": [11, 12, 10, 14], "texture": "#0"},
				"east": {"uv": [13, 12, 12, 14], "texture": "#0"},
				"south": {"uv": [12, 12, 11, 14], "texture": "#0"},
				"west": {"uv": [13, 10, 12, 12], "texture": "#0"},
				"up": {"uv": [13, 7, 14, 6], "texture": "#0"},
				"down": {"uv": [13, 7, 14, 8], "texture": "#0"}
			}
		},
		{
			"from": [11, 11.75, 1],
			"to": [13, 14.75, 3],
			"rotation": {"angle": 22.5, "axis": "x", "origin": [10, 8, 4]},
			"faces": {
				"north": {"uv": [8, 6, 6, 9], "texture": "#0"},
				"east": {"uv": [2, 8, 0, 11], "texture": "#0"},
				"south": {"uv": [6, 7, 4, 10], "texture": "#0"},
				"west": {"uv": [4, 7, 2, 10], "texture": "#0"},
				"up": {"uv": [10, 12, 12, 10], "texture": "#0"},
				"down": {"uv": [0, 11, 2, 13], "texture": "#0"}
			}
		},
		{
			"from": [11.75, 10, 2.5],
			"to": [13.75, 13, 4.5],
			"rotation": {"angle": 0, "axis": "y", "origin": [10, 8, 4]},
			"faces": {
				"north": {"uv": [4, 4, 2, 7], "texture": "#0"},
				"east": {"uv": [8, 3, 6, 6], "texture": "#0"},
				"south": {"uv": [8, 0, 6, 3], "texture": "#0"},
				"west": {"uv": [6, 4, 4, 7], "texture": "#0"},
				"up": {"uv": [8, 12, 10, 10], "texture": "#0"},
				"down": {"uv": [10, 8, 12, 10], "texture": "#0"}
			}
		},
		{
			"from": [11.25, 8.5, 2.75],
			"to": [13.25, 10.5, 4.75],
			"rotation": {"angle": 0, "axis": "y", "origin": [10, 8, 4]},
			"faces": {
				"north": {"uv": [12, 0, 10, 2], "texture": "#0"},
				"east": {"uv": [6, 10, 4, 12], "texture": "#0"},
				"south": {"uv": [12, 2, 10, 4], "texture": "#0"},
				"west": {"uv": [4, 10, 2, 12], "texture": "#0"},
				"up": {"uv": [10, 6, 12, 4], "texture": "#0"},
				"down": {"uv": [10, 6, 12, 8], "texture": "#0"}
			}
		},
		{
			"from": [11, 5, 3],
			"to": [13, 9, 5],
			"rotation": {"angle": -22.5, "axis": "x", "origin": [10, 8, 4]},
			"faces": {
				"north": {"uv": [2, 0, 0, 4], "texture": "#0"},
				"east": {"uv": [6, 0, 4, 4], "texture": "#0"},
				"south": {"uv": [2, 4, 0, 8], "texture": "#0"},
				"west": {"uv": [4, 0, 2, 4], "texture": "#0"},
				"up": {"uv": [8, 10, 10, 8], "texture": "#0"},
				"down": {"uv": [6, 9, 8, 11], "texture": "#0"}
			}
		},
		{
			"from": [2.75, 8.5, 2.75],
			"to": [4.75, 10.5, 4.75],
			"rotation": {"angle": 0, "axis": "x", "origin": [6, 8, 4]},
			"faces": {
				"north": {"uv": [10, 0, 12, 2], "texture": "#0"},
				"east": {"uv": [2, 10, 4, 12], "texture": "#0"},
				"south": {"uv": [10, 2, 12, 4], "texture": "#0"},
				"west": {"uv": [4, 10, 6, 12], "texture": "#0"},
				"up": {"uv": [12, 6, 10, 4], "texture": "#0"},
				"down": {"uv": [12, 6, 10, 8], "texture": "#0"}
			}
		},
		{
			"from": [2.25, 10, 2.5],
			"to": [4.25, 13, 4.5],
			"rotation": {"angle": 0, "axis": "x", "origin": [6, 8, 4]},
			"faces": {
				"north": {"uv": [2, 4, 4, 7], "texture": "#0"},
				"east": {"uv": [4, 4, 6, 7], "texture": "#0"},
				"south": {"uv": [6, 0, 8, 3], "texture": "#0"},
				"west": {"uv": [6, 3, 8, 6], "texture": "#0"},
				"up": {"uv": [10, 12, 8, 10], "texture": "#0"},
				"down": {"uv": [12, 8, 10, 10], "texture": "#0"}
			}
		},
		{
			"from": [3, 11.75, 1],
			"to": [5, 14.75, 3],
			"rotation": {"angle": 22.5, "axis": "x", "origin": [6, 8, 4]},
			"faces": {
				"north": {"uv": [6, 6, 8, 9], "texture": "#0"},
				"east": {"uv": [2, 7, 4, 10], "texture": "#0"},
				"south": {"uv": [4, 7, 6, 10], "texture": "#0"},
				"west": {"uv": [0, 8, 2, 11], "texture": "#0"},
				"up": {"uv": [12, 12, 10, 10], "texture": "#0"},
				"down": {"uv": [2, 11, 0, 13], "texture": "#0"}
			}
		},
		{
			"from": [5, 13.75, 1.5],
			"to": [6, 15.75, 2.5],
			"rotation": {"angle": 22.5, "axis": "x", "origin": [6, 8, 4]},
			"faces": {
				"north": {"uv": [10, 12, 11, 14], "texture": "#0"},
				"east": {"uv": [12, 10, 13, 12], "texture": "#0"},
				"south": {"uv": [11, 12, 12, 14], "texture": "#0"},
				"west": {"uv": [12, 12, 13, 14], "texture": "#0"},
				"up": {"uv": [14, 7, 13, 6], "texture": "#0"},
				"down": {"uv": [14, 7, 13, 8], "texture": "#0"}
			}
		},
		{
			"from": [6, 15, 1.5],
			"to": [7, 17, 2.5],
			"rotation": {"angle": 22.5, "axis": "x", "origin": [6, 8, 4]},
			"faces": {
				"north": {"uv": [0, 13, 1, 15], "texture": "#0"},
				"east": {"uv": [13, 0, 14, 2], "texture": "#0"},
				"south": {"uv": [1, 13, 2, 15], "texture": "#0"},
				"west": {"uv": [13, 2, 14, 4], "texture": "#0"},
				"up": {"uv": [9, 14, 8, 13], "texture": "#0"},
				"down": {"uv": [14, 8, 13, 9], "texture": "#0"}
			}
		},
		{
			"from": [7, 8.32164, 3.60195],
			"to": [9, 10.32164, 4.60195],
			"rotation": {"angle": 0, "axis": "x", "origin": [8, 10.42164, 3.35195]},
			"faces": {
				"north": {"uv": [8, 4, 10, 6], "texture": "#0"},
				"east": {"uv": [12, 5, 13, 7], "texture": "#0"},
				"south": {"uv": [8, 6, 10, 8], "texture": "#0"},
				"west": {"uv": [12, 7, 13, 9], "texture": "#0"},
				"up": {"uv": [10, 13, 8, 12], "texture": "#0"},
				"down": {"uv": [14, 9, 12, 10], "texture": "#0"}
			}
		},
		{
			"from": [7.5, 10.32164, 3.70195],
			"to": [8.5, 13.32164, 4.70195],
			"rotation": {"angle": 22.5, "axis": "x", "origin": [8, 10.42164, 3.35195]},
			"faces": {
				"north": {"uv": [6, 11, 7, 14], "texture": "#0"},
				"east": {"uv": [7, 11, 8, 14], "texture": "#0"},
				"south": {"uv": [12, 0, 13, 3], "texture": "#0"},
				"west": {"uv": [2, 12, 3, 15], "texture": "#0"},
				"up": {"uv": [14, 5, 13, 4], "texture": "#0"},
				"down": {"uv": [14, 5, 13, 6], "texture": "#0"}
			}
		}
	],
	"display": {
		"thirdperson_righthand": {
			"rotation": [39.5, 0, 0],
			"translation": [0, 0, 3.25]
		},
		"thirdperson_lefthand": {
			"rotation": [39.5, 0, 0],
			"translation": [0, 0, 3.25]
		},
		"firstperson_righthand": {
			"rotation": [-171.72, 26.83, 150.03],
			"translation": [1.25, 3.75, 0],
			"scale": [0.76, 0.75, 0.74]
		},
		"firstperson_lefthand": {
			"rotation": [-171.72, 26.83, 150.03],
			"translation": [1.25, 3.75, 0],
			"scale": [0.76, 0.75, 0.74]
		},
		"gui": {
			"rotation": [-162.75, 0, 180],
			"translation": [0.25, -2.5, 0],
			"scale": [1.36719, 1.36719, 1.36719]
		},
		"head": {
			"translation": [0, 6.75, 0.75],
			"scale": [1.7, 1.7, 1.7]
		},
		"fixed": {
			"rotation": [-9.75, 0, 0],
			"translation": [0, 0, 5.5],
			"scale": [2, 2, 2]
		}
	}
}