{
	"credit": "Made with Blockbench",
	"texture_size": [64, 64],
	"textures": {
		"0": "item/hats/tech",
		"particle": "item/hats/tech"
	},
	"elements": [
		{
			"from": [3, 0, -2],
			"to": [13, 1, 0],
			"rotation": {"angle": 0, "axis": "y", "origin": [3, 0, -1]},
			"faces": {
				"north": {"uv": [7, 7.5, 9.5, 7.75], "texture": "#0"},
				"east": {"uv": [3.25, 8.25, 3.75, 8.5], "texture": "#0"},
				"south": {"uv": [0, 7.75, 2.5, 8], "texture": "#0"},
				"west": {"uv": [3.75, 8.25, 4.25, 8.5], "texture": "#0"},
				"up": {"uv": [9.5, 6.5, 7, 6], "texture": "#0"},
				"down": {"uv": [9.5, 6.5, 7, 7], "texture": "#0"}
			}
		},
		{
			"from": [1, 0, 0],
			"to": [15, 1, 16],
			"rotation": {"angle": 0, "axis": "y", "origin": [1, 0, 1]},
			"faces": {
				"north": {"uv": [0, 7.5, 3.5, 7.75], "texture": "#0"},
				"east": {"uv": [7, 7, 11, 7.25], "texture": "#0"},
				"south": {"uv": [3.5, 7.5, 7, 7.75], "texture": "#0"},
				"west": {"uv": [7, 7.25, 11, 7.5], "texture": "#0"},
				"up": {"uv": [3.5, 4, 0, 0], "texture": "#0"},
				"down": {"uv": [7, 0, 3.5, 4], "texture": "#0"}
			}
		},
		{
			"from": [1, 1, 2],
			"to": [15, 7, 16],
			"rotation": {"angle": 0, "axis": "y", "origin": [1, 1, 3]},
			"faces": {
				"north": {"uv": [7, 0, 10.5, 1.5], "texture": "#0"},
				"east": {"uv": [7, 1.5, 10.5, 3], "texture": "#0"},
				"south": {"uv": [7, 3, 10.5, 4.5], "texture": "#0"},
				"west": {"uv": [7, 4.5, 10.5, 6], "texture": "#0"},
				"up": {"uv": [3.5, 7.5, 0, 4], "texture": "#0"},
				"down": {"uv": [7, 4, 3.5, 7.5], "texture": "#0"}
			}
		},
		{
			"from": [5, 7, 6],
			"to": [6, 10, 7],
			"rotation": {"angle": 0, "axis": "y", "origin": [4, 7, 5]},
			"faces": {
				"north": {"uv": [0.5, 8, 0.75, 8.75], "texture": "#0"},
				"east": {"uv": [0.75, 8, 1, 8.75], "texture": "#0"},
				"south": {"uv": [1, 8, 1.25, 8.75], "texture": "#0"},
				"west": {"uv": [1.25, 8, 1.5, 8.75], "texture": "#0"},
				"up": {"uv": [8, 8.5, 7.75, 8.25], "texture": "#0"},
				"down": {"uv": [8.5, 7.75, 8.25, 8], "texture": "#0"}
			}
		},
		{
			"from": [10, 7, 6],
			"to": [11, 10, 7],
			"rotation": {"angle": 0, "axis": "y", "origin": [9, 7, 5]},
			"faces": {
				"north": {"uv": [1.5, 8, 1.75, 8.75], "texture": "#0"},
				"east": {"uv": [1.75, 8, 2, 8.75], "texture": "#0"},
				"south": {"uv": [2, 8, 2.25, 8.75], "texture": "#0"},
				"west": {"uv": [2.25, 8, 2.5, 8.75], "texture": "#0"},
				"up": {"uv": [8.25, 8.5, 8, 8.25], "texture": "#0"},
				"down": {"uv": [8.5, 8, 8.25, 8.25], "texture": "#0"}
			}
		},
		{
			"from": [10, 9, 6.2],
			"to": [11, 11, 7.2],
			"rotation": {"angle": -22.5, "axis": "x", "origin": [9, 9, 5]},
			"faces": {
				"north": {"uv": [4.25, 8.25, 4.5, 8.75], "texture": "#0"},
				"east": {"uv": [4.5, 8.25, 4.75, 8.75], "texture": "#0"},
				"south": {"uv": [4.75, 8.25, 5, 8.75], "texture": "#0"},
				"west": {"uv": [5, 8.25, 5.25, 8.75], "texture": "#0"},
				"up": {"uv": [8.5, 8.5, 8.25, 8.25], "texture": "#0"},
				"down": {"uv": [0.25, 8.5, 0, 8.75], "texture": "#0"}
			}
		},
		{
			"from": [5, 9, 6.2],
			"to": [6, 11, 7.2],
			"rotation": {"angle": -22.5, "axis": "x", "origin": [4, 9, 5]},
			"faces": {
				"north": {"uv": [8, 7.75, 8.25, 8.25], "texture": "#0"},
				"east": {"uv": [2.5, 8.25, 2.75, 8.75], "texture": "#0"},
				"south": {"uv": [2.75, 8.25, 3, 8.75], "texture": "#0"},
				"west": {"uv": [3, 8.25, 3.25, 8.75], "texture": "#0"},
				"up": {"uv": [7.5, 8.5, 7.25, 8.25], "texture": "#0"},
				"down": {"uv": [7.75, 8.25, 7.5, 8.5], "texture": "#0"}
			}
		},
		{
			"from": [10, 10, 6.05],
			"to": [11, 12, 7.05],
			"rotation": {"angle": -45, "axis": "x", "origin": [9, 10, 5]},
			"faces": {
				"north": {"uv": [5.25, 8.25, 5.5, 8.75], "texture": "#0"},
				"east": {"uv": [5.5, 8.25, 5.75, 8.75], "texture": "#0"},
				"south": {"uv": [5.75, 8.25, 6, 8.75], "texture": "#0"},
				"west": {"uv": [6, 8.25, 6.25, 8.75], "texture": "#0"},
				"up": {"uv": [0.5, 8.75, 0.25, 8.5], "texture": "#0"},
				"down": {"uv": [3.5, 8.5, 3.25, 8.75], "texture": "#0"}
			}
		},
		{
			"from": [5, 10, 6.05],
			"to": [6, 12, 7.05],
			"rotation": {"angle": -45, "axis": "x", "origin": [4, 10, 5]},
			"faces": {
				"north": {"uv": [6.25, 8.25, 6.5, 8.75], "texture": "#0"},
				"east": {"uv": [6.5, 8.25, 6.75, 8.75], "texture": "#0"},
				"south": {"uv": [6.75, 8.25, 7, 8.75], "texture": "#0"},
				"west": {"uv": [7, 8.25, 7.25, 8.75], "texture": "#0"},
				"up": {"uv": [3.75, 8.75, 3.5, 8.5], "texture": "#0"},
				"down": {"uv": [4, 8.5, 3.75, 8.75], "texture": "#0"}
			}
		},
		{
			"from": [4.8, 11.5, 4.1],
			"to": [6.3, 13, 5.6],
			"rotation": {"angle": -45, "axis": "x", "origin": [5, 12, 4]},
			"faces": {
				"north": {"uv": [2.5, 7.75, 3, 8.25], "texture": "#0"},
				"east": {"uv": [3, 7.75, 3.5, 8.25], "texture": "#0"},
				"south": {"uv": [3.5, 7.75, 4, 8.25], "texture": "#0"},
				"west": {"uv": [4, 7.75, 4.5, 8.25], "texture": "#0"},
				"up": {"uv": [5, 8.25, 4.5, 7.75], "texture": "#0"},
				"down": {"uv": [5.5, 7.75, 5, 8.25], "texture": "#0"}
			}
		},
		{
			"from": [9.8, 11.5, 4.1],
			"to": [11.3, 13, 5.6],
			"rotation": {"angle": -45, "axis": "x", "origin": [10, 12, 4]},
			"faces": {
				"north": {"uv": [5.5, 7.75, 6, 8.25], "texture": "#0"},
				"east": {"uv": [6, 7.75, 6.5, 8.25], "texture": "#0"},
				"south": {"uv": [6.5, 7.75, 7, 8.25], "texture": "#0"},
				"west": {"uv": [7, 7.75, 7.5, 8.25], "texture": "#0"},
				"up": {"uv": [8, 8.25, 7.5, 7.75], "texture": "#0"},
				"down": {"uv": [0.5, 8, 0, 8.5], "texture": "#0"}
			}
		}
	],
	"display": {
		"thirdperson_righthand": {
			"translation": [0, 4.75, 0.75],
			"scale": [0.45, 0.45, 0.45]
		},
		"thirdperson_lefthand": {
			"translation": [0, 4.75, 0.75],
			"scale": [0.45, 0.45, 0.45]
		},
		"head": {
			"rotation": [3, 0, 0],
			"translation": [0, 9, -1]
		},
		"gui": {
			"rotation": [30, 225, 0],
			"translation": [-0.25, 2.75, 0],
			"scale": [0.7, 0.7, 0.7]
		}
	},
	"groups": [
		{
			"name": "group",
			"origin": [8, 8, 8],
			"color": 0,
			"children": [0, 1, 2, 3, 4, 5, 6, 7, 8, 9, 10]
		}
	]
}