{
	"credit": "Made with Blockbench",
	"parent": "carved_pumpkin",
	"textures": {
		"0": "item/hats/tiefling_black",
		"particle": "item/hats/tiefling_black"
	},
	"elements": [
		{
			"from": [5.1, 6.75, 3.25],
			"to": [6.1, 8.75, 4.25],
			"rotation": {"angle": -22.5, "axis": "x", "origin": [6.1, 7.75, 3.75]},
			"faces": {
				"north": {"uv": [1, 2, 2, 4], "texture": "#0"},
				"east": {"uv": [2, 2, 3, 4], "texture": "#0"},
				"south": {"uv": [3, 0, 4, 2], "texture": "#0"},
				"west": {"uv": [3, 2, 4, 4], "texture": "#0"},
				"up": {"uv": [6, 4, 5, 3], "texture": "#0"},
				"down": {"uv": [5, 5, 4, 6], "texture": "#0"}
			}
		},
		{
			"from": [4.6, 9.40119, 2.52373],
			"to": [5.6, 10.40119, 4.52373],
			"rotation": {"angle": -45, "axis": "x", "origin": [5.6, 9.90119, 5.02373]},
			"faces": {
				"north": {"uv": [5, 1, 6, 2], "texture": "#0"},
				"east": {"uv": [0, 0, 2, 1], "texture": "#0"},
				"south": {"uv": [5, 2, 6, 3], "texture": "#0"},
				"west": {"uv": [0, 1, 2, 2], "texture": "#0"},
				"up": {"uv": [1, 4, 0, 2], "texture": "#0"},
				"down": {"uv": [3, 0, 2, 2], "texture": "#0"}
			}
		},
		{
			"from": [5.1, 9.65119, 4.52373],
			"to": [6.1, 10.65119, 5.52373],
			"rotation": {"angle": -45, "axis": "x", "origin": [5.6, 9.90119, 5.02373]},
			"faces": {
				"north": {"uv": [5, 4, 6, 5], "texture": "#0"},
				"east": {"uv": [5, 5, 6, 6], "texture": "#0"},
				"south": {"uv": [6, 0, 7, 1], "texture": "#0"},
				"west": {"uv": [6, 1, 7, 2], "texture": "#0"},
				"up": {"uv": [3, 7, 2, 6], "texture": "#0"},
				"down": {"uv": [7, 2, 6, 3], "texture": "#0"}
			}
		},
		{
			"from": [9.9, 6.75, 3.25],
			"to": [10.9, 8.75, 4.25],
			"rotation": {"angle": -22.5, "axis": "x", "origin": [9.9, 7.75, 3.75]},
			"faces": {
				"north": {"uv": [3, 4, 4, 6], "texture": "#0"},
				"east": {"uv": [4, 3, 5, 5], "texture": "#0"},
				"south": {"uv": [0, 5, 1, 7], "texture": "#0"},
				"west": {"uv": [1, 5, 2, 7], "texture": "#0"},
				"up": {"uv": [8, 1, 7, 0], "texture": "#0"},
				"down": {"uv": [2, 7, 1, 8], "texture": "#0"}
			}
		},
		{
			"from": [10.4, 9.40119, 2.52373],
			"to": [11.4, 10.40119, 4.52373],
			"rotation": {"angle": -45, "axis": "x", "origin": [10.4, 9.90119, 5.02373]},
			"faces": {
				"north": {"uv": [6, 6, 7, 7], "texture": "#0"},
				"east": {"uv": [0, 4, 2, 5], "texture": "#0"},
				"south": {"uv": [0, 7, 1, 8], "texture": "#0"},
				"west": {"uv": [4, 0, 6, 1], "texture": "#0"},
				"up": {"uv": [5, 3, 4, 1], "texture": "#0"},
				"down": {"uv": [3, 4, 2, 6], "texture": "#0"}
			}
		},
		{
			"from": [9.9, 9.65119, 4.52373],
			"to": [10.9, 10.65119, 5.52373],
			"rotation": {"angle": -45, "axis": "x", "origin": [10.4, 9.90119, 5.02373]},
			"faces": {
				"north": {"uv": [3, 6, 4, 7], "texture": "#0"},
				"east": {"uv": [6, 3, 7, 4], "texture": "#0"},
				"south": {"uv": [4, 6, 5, 7], "texture": "#0"},
				"west": {"uv": [6, 4, 7, 5], "texture": "#0"},
				"up": {"uv": [6, 7, 5, 6], "texture": "#0"},
				"down": {"uv": [7, 5, 6, 6], "texture": "#0"}
			}
		}
	],
	"display": {
		"thirdperson_righthand": {
			"rotation": [46.75, 0, 0],
			"translation": [0, 0, 3.25],
			"scale": [0.7793, 0.7793, 0.7793]
		},
		"thirdperson_lefthand": {
			"rotation": [46.75, 0, 0],
			"translation": [0, 0, 3.25],
			"scale": [0.7793, 0.7793, 0.7793]
		},
		"firstperson_righthand": {
			"rotation": [-176.48, 25.21, 155.21],
			"translation": [0.25, 3.75, 0],
			"scale": [0.76, 0.75, 0.74]
		},
		"firstperson_lefthand": {
			"rotation": [-176.48, 25.21, 155.21],
			"translation": [0.25, 3.75, 0],
			"scale": [0.76, 0.75, 0.74]
		},
		"ground": {
			"translation": [0, 1.75, 0],
			"scale": [1.26563, 1.26563, 1.26563]
		},
		"gui": {
			"rotation": [31, -180, 0],
			"translation": [0.25, 2.5, 0],
			"scale": [2, 2, 2]
		},
		"head": {
			"rotation": [-15, 0, 0],
			"translation": [0, 7.75, 0.5],
			"scale": [1.7, 1.7, 1.7]
		},
		"fixed": {
			"rotation": [-19.75, 0, 0],
			"translation": [0, 0, 7.25],
			"scale": [2, 2, 2]
		}
	}
}