{
	"credit": "Tixolut's channel: https://www.youtube.com/channel/UCF0_HrtVze9oHtuIYofNrVg",
	"textures": {
		"0": "item/hats/cohat",
		"1": "item/hats/cohat_feather",
		"particle": "item/hats/hat"
	},
	"elements": [
		{
			"from": [4, 2, 4],
			"to": [12, 10, 12],
			"faces": {
				"north": {"uv": [0, 9.6, 6.4, 16], "texture": "#0"},
				"east": {"uv": [0, 9.6, 6.4, 16], "texture": "#0"},
				"south": {"uv": [0, 9.6, 6.4, 16], "texture": "#0"},
				"west": {"uv": [0, 9.6, 6.4, 16], "texture": "#0"},
				"up": {"uv": [0, 9.6, 6.4, 16], "texture": "#0"},
				"down": {"uv": [0, 9.6, 6.4, 16], "texture": "#0"}
			}
		},
		{
			"from": [2, 0, 2],
			"to": [14, 1, 14],
			"faces": {
				"north": {"uv": [6.4, 11.2, 16, 12], "texture": "#0"},
				"east": {"uv": [0, 8.8, 9.6, 9.4], "texture": "#0"},
				"south": {"uv": [6.4, 11.2, 16, 12], "texture": "#0"},
				"west": {"uv": [0, 0, 9.6, 0.6], "texture": "#0"},
				"up": {"uv": [0, 0, 9.6, 9.6], "texture": "#0"},
				"down": {"uv": [0, 0, 9.6, 9.6], "texture": "#0"}
			}
		},
		{
			"from": [3.75, 1, 3.75],
			"to": [12.25, 3, 12.25],
			"faces": {
				"north": {"uv": [9.62, 10.96, 15.84, 11.12], "texture": "#0"},
				"east": {"uv": [9.7, 10.4, 16, 11.2], "texture": "#0"},
				"south": {"uv": [9.78, 10.64, 16, 11], "texture": "#0"},
				"west": {"uv": [9.7, 10.48, 15.92, 11], "texture": "#0"},
				"up": {"uv": [9.76, 10.64, 16, 11.1], "texture": "#0"},
				"down": {"uv": [9.6, 10.4, 15.94, 11.22], "texture": "#0"}
			}
		},
		{
			"from": [3.75, -1, 8],
			"to": [3.75, 9, 17],
			"rotation": {"angle": -22.5, "axis": "x", "origin": [0, 0, 0]},
			"faces": {
				"north": {"uv": [0, 0, 0.25, 8], "texture": "#1"},
				"east": {"uv": [2, 2, 15, 15], "rotation": 270, "texture": "#1"},
				"south": {"uv": [0, 0, 0.25, 8], "texture": "#1"},
				"west": {"uv": [2, 15, 15, 2], "rotation": 270, "texture": "#1"},
				"up": {"uv": [0, 0, 0.25, 5], "texture": "#1"},
				"down": {"uv": [0, 0, 0.25, 5], "texture": "#1"}
			}
		},
		{
			"from": [1.5, 0.5, 2],
			"to": [2.5, 1.5, 14],
			"faces": {
				"north": {"uv": [15.2, 10.4, 15.96, 11.24], "texture": "#0"},
				"east": {"uv": [0, 0, 9.6, 0.76], "texture": "#0"},
				"south": {"uv": [15.2, 10.4, 15.96, 11.08], "texture": "#0"},
				"west": {"uv": [6.4, 11.2, 16, 12], "texture": "#0"},
				"up": {"uv": [0, 0, 9.6, 0.8], "rotation": 90, "texture": "#0"},
				"down": {"uv": [0, 0, 9.56, 0.8], "texture": "#0"}
			}
		},
		{
			"from": [13.5, 0.5, 2],
			"to": [14.5, 1.5, 14],
			"faces": {
				"north": {"uv": [15.2, 10.4, 16, 11.2], "texture": "#0"},
				"east": {"uv": [6.4, 11.2, 16, 12], "texture": "#0"},
				"south": {"uv": [15.2, 10.4, 16, 11.2], "texture": "#0"},
				"west": {"uv": [0, 0, 0.8, 0.8], "texture": "#0"},
				"up": {"uv": [0, 0, 9.6, 0.8], "rotation": 90, "texture": "#0"},
				"down": {"uv": [0, 0, 9.56, 0.8], "texture": "#0"}
			}
		}
	],
	"display": {
		"thirdperson_righthand": {
			"translation": [2.5, 5.25, -4.5]
		},
		"ground": {
			"translation": [0, 10.25, 0],
			"scale": [1.2, 1.2, 1.2]
		},
		"gui": {
			"rotation": [-160.5, 40, -180],
			"translation": [0, 3.25, 0]
		},
		"head": {
			"translation": [0, 19.25, 0],
			"scale": [1.8, 1.8, 1.8]
		},
		"fixed": {
			"rotation": [-90, 0, 0],
			"translation": [0, 0, -20],
			"scale": [2.8, 2.8, 2.8]
		}
	}
}