{
	"credit": "Made with Blockbench",
	"texture_size": [64, 64],
	"textures": {
		"0": "item/hats/traffic",
		"particle": "item/hats/traffic"
	},
	"elements": [
		{
			"from": [6, 15, 6],
			"to": [10, 21, 10],
			"faces": {
				"north": {"uv": [8, 0, 9, 1.5], "texture": "#0"},
				"east": {"uv": [1.5, 8, 2.5, 9.5], "texture": "#0"},
				"south": {"uv": [8, 1.5, 9, 3], "texture": "#0"},
				"west": {"uv": [2.5, 8, 3.5, 9.5], "texture": "#0"},
				"up": {"uv": [9, 4, 8, 3], "texture": "#0"},
				"down": {"uv": [9, 4, 8, 5], "texture": "#0"}
			}
		},
		{
			"from": [5, 9, 5],
			"to": [11, 15, 11],
			"faces": {
				"north": {"uv": [6, 6.25, 7.5, 7.75], "texture": "#0"},
				"east": {"uv": [4, 6.75, 5.5, 8.25], "texture": "#0"},
				"south": {"uv": [7.5, 6.25, 9, 7.75], "texture": "#0"},
				"west": {"uv": [5.5, 7.75, 7, 9.25], "texture": "#0"},
				"up": {"uv": [8.5, 9.25, 7, 7.75], "texture": "#0"},
				"down": {"uv": [1.5, 8, 0, 9.5], "texture": "#0"}
			}
		},
		{
			"from": [4, 0, 4],
			"to": [12, 9, 12],
			"faces": {
				"north": {"uv": [4, 0, 6, 2.25], "texture": "#0"},
				"east": {"uv": [4, 2.25, 6, 4.5], "texture": "#0"},
				"south": {"uv": [4, 4.5, 6, 6.75], "texture": "#0"},
				"west": {"uv": [6, 0, 8, 2.25], "texture": "#0"},
				"up": {"uv": [8, 4.25, 6, 2.25], "texture": "#0"},
				"down": {"uv": [8, 4.25, 6, 6.25], "texture": "#0"}
			}
		},
		{
			"from": [0, 0, 0],
			"to": [16, 1, 16],
			"faces": {
				"north": {"uv": [8, 5, 12, 5.25], "texture": "#0"},
				"east": {"uv": [8, 5.25, 12, 5.5], "texture": "#0"},
				"south": {"uv": [8, 5.5, 12, 5.75], "texture": "#0"},
				"west": {"uv": [8, 5.75, 12, 6], "texture": "#0"},
				"up": {"uv": [4, 4, 0, 0], "texture": "#0"},
				"down": {"uv": [4, 4, 0, 8], "texture": "#0"}
			}
		}
	],
	"display": {
		"thirdperson_righthand": {
			"rotation": [75, 45, 0],
			"translation": [0, 1.25, 0],
			"scale": [0.375, 0.375, 0.375]
		},
		"thirdperson_lefthand": {
			"rotation": [75, 45, 0],
			"translation": [0, 1.25, 0],
			"scale": [0.375, 0.375, 0.375]
		},
		"firstperson_righthand": {
			"rotation": [0, 45, 0],
			"scale": [0.4, 0.4, 0.4]
		},
		"firstperson_lefthand": {
			"rotation": [0, 45, 0],
			"scale": [0.4, 0.4, 0.4]
		},
		"ground": {
			"translation": [0, 2, 0],
			"scale": [0.5, 0.5, 0.5]
		},
		"gui": {
			"rotation": [30, 225, 0],
			"translation": [0, -0.25, 0],
			"scale": [0.605, 0.605, 0.605]
		},
		"head": {
			"translation": [0, 8, 0],
			"scale": [1.8, 1.8, 1.8]
		},
		"fixed": {
			"rotation": [-90, 0, 0],
			"translation": [0, 0, -14.25],
			"scale": [1.9, 1.9, 1.9]
		}
	},
	"groups": [
		{
			"name": "group",
			"origin": [8, 8, 8],
			"color": 0,
			"children": [0, 1, 2, 3]
		}
	]
}