{
	"credit": "Made with Blockbench",
	"parent": "carved_pumpkin",
	"textures": {
		"0": "item/hats/unicorn_black",
		"particle": "item/hats/unicorn_black"
	},
	"elements": [
		{
			"from": [7, 6, 2.5],
			"to": [9, 11, 4.5],
			"rotation": {"angle": -45, "axis": "x", "origin": [6, 8, 4]},
			"faces": {
				"north": {"uv": [0, 0, 2, 5], "texture": "#0"},
				"east": {"uv": [2, 0, 4, 5], "texture": "#0"},
				"south": {"uv": [4, 0, 6, 5], "texture": "#0"},
				"west": {"uv": [0, 5, 2, 10], "texture": "#0"},
				"up": {"uv": [8, 2, 6, 0], "texture": "#0"},
				"down": {"uv": [8, 2, 6, 4], "texture": "#0"}
			}
		},
		{
			"from": [7.5, 11, 3],
			"to": [8.5, 16, 4],
			"rotation": {"angle": -45, "axis": "x", "origin": [6, 8, 4]},
			"faces": {
				"north": {"uv": [2, 5, 3, 10], "texture": "#0"},
				"east": {"uv": [3, 5, 4, 10], "texture": "#0"},
				"south": {"uv": [4, 5, 5, 10], "texture": "#0"},
				"west": {"uv": [5, 5, 6, 10], "texture": "#0"},
				"up": {"uv": [7, 5, 6, 4], "texture": "#0"},
				"down": {"uv": [7, 5, 6, 6], "texture": "#0"}
			}
		}
	],
	"display": {
		"thirdperson_righthand": {
			"translation": [0, 0, 3.25]
		},
		"thirdperson_lefthand": {
			"translation": [0, 0, 3.25]
		},
		"firstperson_righthand": {
			"rotation": [31, 2, 5],
			"translation": [1.25, 1.25, 3.75],
			"scale": [0.76, 0.75, 0.74]
		},
		"firstperson_lefthand": {
			"rotation": [31, 2, 5],
			"translation": [1.25, 1.25, 3.75],
			"scale": [0.76, 0.75, 0.74]
		},
		"gui": {
			"rotation": [31.25, 18.39, 8.84],
			"translation": [3.5, -7, 0],
			"scale": [1.60742, 1.60742, 1.60742]
		},
		"head": {
			"translation": [0, 6.75, 0.75],
			"scale": [1.7, 1.7, 1.7]
		},
		"fixed": {
			"translation": [0, 0, 7.5],
			"scale": [2, 2, 2]
		}
	}
}