{
	"credit": "Made with Blockbench",
	"texture_size": [64, 64],
	"textures": {
		"0_0": "item/hats/ruso_hat"
	},
	"elements": [
		{
			"from": [3.5, 7, 2],
			"to": [12.5, 11.5, 5],
			"faces": {
				"north": {"uv": [5, 1.25, 7.25, 2.5], "texture": "#0_0"},
				"east": {"uv": [0, 7, 0.75, 8.25], "texture": "#0_0"},
				"south": {"uv": [5, 2.5, 7.25, 3.75], "texture": "#0_0"},
				"west": {"uv": [0.75, 7, 1.5, 8.25], "texture": "#0_0"},
				"up": {"uv": [2.25, 7, 0, 6.25], "texture": "#0_0"},
				"down": {"uv": [7.25, 6.75, 5, 7.5], "texture": "#0_0"}
			}
		},
		{
			"from": [3, 6, 3],
			"to": [13, 10, 13],
			"faces": {
				"north": {"uv": [5, 3.75, 7.5, 4.75], "texture": "#0_0"},
				"east": {"uv": [5, 4.75, 7.5, 5.75], "texture": "#0_0"},
				"south": {"uv": [5, 5.75, 7.5, 6.75], "texture": "#0_0"},
				"west": {"uv": [2.5, 6, 5, 7], "texture": "#0_0"},
				"up": {"uv": [2.5, 2.5, 0, 0], "texture": "#0_0"},
				"down": {"uv": [2.5, 2.5, 0, 5], "texture": "#0_0"}
			}
		},
		{
			"from": [3, 0, 3],
			"to": [3, 6, 13],
			"faces": {
				"north": {"uv": [0, 0, 0, 1.5], "texture": "#0_0"},
				"east": {"uv": [5, 4.5, 2.5, 6], "texture": "#0_0"},
				"south": {"uv": [0, 0, 0, 1.5], "texture": "#0_0"},
				"west": {"uv": [5, 3, 2.5, 4.5], "texture": "#0_0"},
				"up": {"uv": [0, 2.5, 0, 0], "texture": "#0_0"},
				"down": {"uv": [0, 0, 0, 2.5], "texture": "#0_0"}
			}
		},
		{
			"from": [13, 0, 3],
			"to": [13, 6, 13],
			"faces": {
				"north": {"uv": [0, 0, 0, 1.5], "texture": "#0_0"},
				"east": {"uv": [2.5, 3, 5, 4.5], "texture": "#0_0"},
				"south": {"uv": [0, 0, 0, 1.5], "texture": "#0_0"},
				"west": {"uv": [2.5, 4.5, 5, 6], "texture": "#0_0"},
				"up": {"uv": [0, 2.5, 0, 0], "texture": "#0_0"},
				"down": {"uv": [0, 0, 0, 2.5], "texture": "#0_0"}
			}
		},
		{
			"from": [3, 1, 13],
			"to": [13, 6, 13],
			"faces": {
				"north": {"uv": [0, 5, 2.5, 6.25], "texture": "#0_0"},
				"east": {"uv": [0, 0, 0, 1.25], "texture": "#0_0"},
				"south": {"uv": [5, 0, 7.5, 1.25], "texture": "#0_0"},
				"west": {"uv": [0, 0, 0, 1.25], "texture": "#0_0"},
				"up": {"uv": [2.5, 0, 0, 0], "texture": "#0_0"},
				"down": {"uv": [2.5, 0, 0, 0], "texture": "#0_0"}
			}
		}
	],
	"display": {
		"thirdperson_righthand": {
			"rotation": [75, 45, 0],
			"translation": [0, 2.5, 0],
			"scale": [0.375, 0.375, 0.375]
		},
		"thirdperson_lefthand": {
			"rotation": [75, 45, 0],
			"translation": [0, 2.5, 0],
			"scale": [0.375, 0.375, 0.375]
		},
		"firstperson_righthand": {
			"rotation": [0, 90, -25],
			"translation": [1.13, 3.2, 1.13],
			"scale": [0.68, 0.68, 0.68]
		},
		"firstperson_lefthand": {
			"rotation": [0, 90, -25],
			"translation": [1.13, 3.2, 1.13],
			"scale": [0.68, 0.68, 0.68]
		},
		"ground": {
			"translation": [0, 2, 0],
			"scale": [0.5, 0.5, 0.5]
		},
		"gui": {
			"rotation": [30, 225, 0],
			"translation": [0, 1.75, 0],
			"scale": [0.8, 0.8, 0.8]
		},
		"head": {
			"translation": [0, 4.75, 0],
			"scale": [1.5, 1.5, 1.5]
		},
		"fixed": {
			"translation": [0, 1.5, 0]
		}
	},
	"groups": [
		{
			"name": "group",
			"origin": [0, 0, 0],
			"color": 0,
			"children": [0, 1, 2, 3, 4]
		}
	]
}