{
	"credit": "Made with Blockbench",
	"texture_size": [32, 32],
	"textures": {
		"0": "item/hats/witch_hat",
		"particle": "item/hats/witch_hat"
	},
	"elements": [
		{
			"from": [5, 4.5, 3],
			"to": [11, 9.5, 9],
			"rotation": {"angle": 22.5, "axis": "x", "origin": [0, -1, 0]},
			"faces": {
				"north": {"uv": [10, 5.5, 13, 8], "texture": "#0"},
				"east": {"uv": [10, 0, 13, 2.5], "texture": "#0"},
				"south": {"uv": [10, 8, 13, 10.5], "texture": "#0"},
				"west": {"uv": [13, 0, 10, 2.5], "texture": "#0"},
				"up": {"uv": [10, 2.5, 13, 5.5], "texture": "#0"},
				"down": {"uv": [0, 0, 3, 3], "texture": "#missing"}
			}
		},
		{
			"from": [7, 2.25, 14],
			"to": [9, 4.25, 18],
			"rotation": {"angle": -22.5, "axis": "x", "origin": [0, -1, 0]},
			"faces": {
				"north": {"uv": [0, 0, 1, 1], "rotation": 180, "texture": "#missing"},
				"east": {"uv": [15, 0, 16, 2], "rotation": 270, "texture": "#0"},
				"south": {"uv": [15, 6, 16, 7], "texture": "#0"},
				"west": {"uv": [16, 0, 15, 2], "rotation": 90, "texture": "#0"},
				"up": {"uv": [15, 2, 16, 4], "rotation": 180, "texture": "#0"},
				"down": {"uv": [15, 4, 16, 6], "texture": "#0"}
			}
		},
		{
			"from": [4, 0, 4],
			"to": [12, 3, 12],
			"rotation": {"angle": 0, "axis": "y", "origin": [0, -1, 0]},
			"faces": {
				"north": {"uv": [6, 5.5, 10, 7], "texture": "#0"},
				"east": {"uv": [6, 0, 10, 1.5], "texture": "#0"},
				"south": {"uv": [6, 8.5, 10, 10], "texture": "#0"},
				"west": {"uv": [10, 7, 6, 8.5], "texture": "#0"},
				"up": {"uv": [6, 1.5, 10, 5.5], "texture": "#0"},
				"down": {"uv": [1, 1, 5, 5], "texture": "#0"}
			}
		},
		{
			"from": [3.75, -0.25, 12.25],
			"to": [12.25, 8.25, 12.25],
			"rotation": {"angle": 0, "axis": "y", "origin": [0, -1, 0]},
			"faces": {
				"north": {"uv": [0, 12, 4, 16], "texture": "#0"},
				"east": {"uv": [0, 0, 0, 1.75], "texture": "#missing"},
				"south": {"uv": [4, 12, 0, 16], "texture": "#0"},
				"west": {"uv": [0, 0, 0, 1.75], "texture": "#missing"},
				"up": {"uv": [0, 0, 4.25, 0], "texture": "#missing"},
				"down": {"uv": [0, 0, 4.25, 0], "texture": "#missing"}
			}
		},
		{
			"from": [2, 0, 2],
			"to": [14, 0.01, 14],
			"rotation": {"angle": 0, "axis": "y", "origin": [0, -1, 0]},
			"faces": {
				"north": {"uv": [0, 0, 6, 0.5], "texture": "#0"},
				"east": {"uv": [0, 0, 6, 0.5], "texture": "#0"},
				"south": {"uv": [0, 0, 6, 0.5], "texture": "#0"},
				"west": {"uv": [0, 0, 6, 0.5], "texture": "#0"},
				"up": {"uv": [0, 0, 6, 6], "texture": "#0"},
				"down": {"uv": [0, 0, 6, 6], "texture": "#0"}
			}
		},
		{
			"from": [3.75, -0.25, 3.75],
			"to": [3.75, 8.25, 12.25],
			"rotation": {"angle": 0, "axis": "y", "origin": [0, -1, 0]},
			"faces": {
				"north": {"uv": [0, 6, 4, 7.5], "texture": "#0"},
				"east": {"uv": [0, 12, 4, 16], "texture": "#0"},
				"south": {"uv": [4, 6, 0, 7.5], "texture": "#0"},
				"west": {"uv": [4, 12, 0, 16], "texture": "#0"},
				"up": {"uv": [0, 0, 4.25, 0], "texture": "#missing"},
				"down": {"uv": [0, 0, 4.25, 0], "texture": "#missing"}
			}
		},
		{
			"from": [6, 10, -0.5],
			"to": [10, 14, 3.5],
			"rotation": {"angle": 45, "axis": "x", "origin": [0, -1, 0]},
			"faces": {
				"north": {"uv": [13, 4, 15, 6], "texture": "#0"},
				"east": {"uv": [15, 0, 13, 2], "texture": "#0"},
				"south": {"uv": [13, 6, 15, 8], "texture": "#0"},
				"west": {"uv": [13, 0, 15, 2], "texture": "#0"},
				"up": {"uv": [13, 2, 15, 4], "texture": "#0"},
				"down": {"uv": [0, 0, 2, 2], "texture": "#missing"}
			}
		},
		{
			"from": [3.75, -0.25, 3.75],
			"to": [12.25, 8.25, 3.75],
			"rotation": {"angle": 0, "axis": "y", "origin": [0, -1, 0]},
			"faces": {
				"north": {"uv": [4, 12, 8, 16], "texture": "#0"},
				"east": {"uv": [0, 0, 0, 1.75], "texture": "#missing"},
				"south": {"uv": [8, 12, 4, 16], "texture": "#0"},
				"west": {"uv": [0, 0, 0, 1.75], "texture": "#missing"},
				"up": {"uv": [0, 0, 4.25, 0], "texture": "#missing"},
				"down": {"uv": [0, 0, 4.25, 0], "texture": "#missing"}
			}
		},
		{
			"from": [12.25, -0.25, 3.75],
			"to": [12.25, 8.25, 12.25],
			"rotation": {"angle": 0, "axis": "y", "origin": [0, -1, 0]},
			"faces": {
				"north": {"uv": [0, 6, 4, 7.5], "texture": "#0"},
				"east": {"uv": [4, 12, 0, 16], "texture": "#0"},
				"south": {"uv": [4, 6, 0, 7.5], "texture": "#0"},
				"west": {"uv": [0, 12, 4, 16], "texture": "#0"},
				"up": {"uv": [0, 0, 4.25, 0], "texture": "#missing"},
				"down": {"uv": [0, 0, 4.25, 0], "texture": "#missing"}
			}
		}
	],
	"display": {
		"thirdperson_righthand": {
			"rotation": [-25, 0, -90],
			"translation": [7, -3.5, -3]
		},
		"thirdperson_lefthand": {
			"rotation": [-25, 0, -90],
			"translation": [7, -3.5, -3]
		},
		"firstperson_righthand": {
			"rotation": [-111, 0, -90],
			"translation": [8, 1, 0.5]
		},
		"firstperson_lefthand": {
			"rotation": [-111, 0, -90],
			"translation": [8, 1, 0.5]
		},
		"ground": {
			"translation": [0, 3.5, 0],
			"scale": [1, 1, 1]
		},
		"gui": {
			"rotation": [35, 140, -15],
			"translation": [-1.5, 3, 0]
		},
		"head": {
			"translation": [0, 17, 0],
			"scale": [1.85, 1.85, 1.85]
		},
		"fixed": {
			"rotation": [-90, 0, 0],
			"translation": [0, 0, -14],
			"scale": [2, 2, 2]
		}
	},
	"groups": [
		{
			"name": "group",
			"origin": [8, 8, 8],
			"color": 0,
			"nbt": "{}",
			"armAnimationEnabled": false,
			"children": [0, 1, 2, 3, 4, 5, 6, 7, 8]
		}
	]
}