{
	"credit": "Made with Blockbench",
	"ambientocclusion": false,
	"texture_size": [64, 64],
	"textures": {
		"0": "item/hats/wizard_hat_green",
		"particle": "item/hats/wizard_hat_green"
	},
	"elements": [
		{
			"from": [3.818, 6.91347, 7.12674],
			"to": [12.182, 19.15347, 15.08274],
			"rotation": {"angle": 22.5, "axis": "x", "origin": [7.847, 13.03347, 9.16674]},
			"faces": {
				"north": {"uv": [3.5, 0, 5.5, 3], "texture": "#0"},
				"east": {"uv": [3.5, 3, 5.5, 6], "texture": "#0"},
				"south": {"uv": [5.5, 0, 7.5, 3], "texture": "#0"},
				"west": {"uv": [5.5, 3, 7.5, 6], "texture": "#0"},
				"up": {"uv": [5.5, 8, 3.5, 6], "texture": "#0"}
			}
		},
		{
			"from": [3.92, 5.33517, 13.56443],
			"to": [12.08, 10.23117, 18.66443],
			"rotation": {"angle": 45, "axis": "x", "origin": [7.745, 9.21117, 22.74443]},
			"faces": {
				"east": {"uv": [7.5, 4.5, 8.75, 5.75], "texture": "#0"},
				"south": {"uv": [7.5, 0.75, 9.5, 2], "texture": "#0"},
				"west": {"uv": [5.5, 7.5, 6.75, 8.75], "texture": "#0"},
				"up": {"uv": [9.5, 3.25, 7.5, 2], "texture": "#0"},
				"down": {"uv": [9.5, 3.25, 7.5, 4.5], "texture": "#0"}
			}
		},
		{
			"from": [0.86, 3.38853, 2.23179],
			"to": [15.14, 6.44853, 16.51179],
			"rotation": {"angle": 22.5, "axis": "x", "origin": [8, 7.67253, 9.37179]},
			"faces": {
				"north": {"uv": [5.5, 6, 9, 6.75], "texture": "#0"},
				"east": {"uv": [5.5, 6.75, 9, 7.5], "texture": "#0"},
				"south": {"uv": [0, 7, 3.5, 7.75], "texture": "#0"},
				"west": {"uv": [7.5, 0, 11, 0.75], "texture": "#0"},
				"up": {"uv": [3.5, 3.5, 0, 0], "texture": "#0"},
				"down": {"uv": [3.5, 3.5, 0, 7], "texture": "#0"}
			}
		}
	],
	"display": {
		"thirdperson_righthand": {
			"rotation": [75, 45, 0],
			"translation": [0, 2.5, 0],
			"scale": [0.375, 0.375, 0.375]
		},
		"thirdperson_lefthand": {
			"rotation": [75, 45, 0],
			"translation": [0, 2.5, 0],
			"scale": [0.375, 0.375, 0.375]
		},
		"firstperson_righthand": {
			"rotation": [0, 225, 0],
			"scale": [0.4, 0.4, -0.4]
		},
		"firstperson_lefthand": {
			"rotation": [0, 225, 0],
			"scale": [0.4, 0.4, -0.4]
		},
		"ground": {
			"translation": [0, 3, 0],
			"scale": [1, 1, 1]
		},
		"gui": {
			"rotation": [50, 147, -16],
			"translation": [-0.5, -1.75, 0],
			"scale": [0.7, 0.7, 0.7]
		},
		"head": {
			"translation": [0, 7, 0],
			"scale": [1.6, 1.6, 1.6]
		},
		"fixed": {
			"rotation": [-112.5, 0, 0],
			"translation": [0, -3, -7.25],
			"scale": [2, 2, 2]
		}
	}
}