{
	"credit": "Made with Blockbench",
	"texture_size": [32, 32],
	"textures": {
		"0": "item/hats/zabi_kapelusz",
		"particle": "item/hats/zabi_kapelusz"
	},
	"elements": [
		{
			"from": [4.25, 3.25, 4.375],
			"to": [11.75, 9.25, 11.75],
			"faces": {
				"north": {"uv": [4, 4, 8, 6.5], "texture": "#0"},
				"east": {"uv": [0, 4, 4, 6.5], "texture": "#0"},
				"south": {"uv": [12, 4, 16, 6.5], "texture": "#0"},
				"west": {"uv": [8, 4, 12, 6.5], "texture": "#0"},
				"up": {"uv": [4, 4, 8, 0], "texture": "#0"},
				"down": {"uv": [8, 0, 12, 4], "texture": "#0"}
			}
		},
		{
			"from": [3.99, 0.49, 4.115],
			"to": [12.01, 9.01, 12.01],
			"faces": {
				"north": {"uv": [4, 4, 8, 8], "texture": "#0"},
				"east": {"uv": [0, 4, 4, 8], "texture": "#0"},
				"south": {"uv": [12, 4, 16, 8], "texture": "#0"},
				"west": {"uv": [8, 4, 12, 8], "texture": "#0"},
				"up": {"uv": [0, 0, 4, 4], "texture": "#0"},
				"down": {"uv": [0, 0, 4, 4], "texture": "#0"}
			}
		},
		{
			"from": [2, -0.0625, 3],
			"to": [14, 0.5625, 13],
			"rotation": {"angle": 0, "axis": "y", "origin": [-8, -0.75, 8]},
			"faces": {
				"north": {"uv": [0, 11, 6, 11.5], "texture": "#0"},
				"east": {"uv": [0, 10.5, 6, 10], "texture": "#0"},
				"south": {"uv": [0, 11.5, 6, 11], "texture": "#0"},
				"west": {"uv": [0, 10.5, 6, 11], "texture": "#0"},
				"up": {"uv": [0, 8.5, 6, 13.5], "rotation": 90, "texture": "#0"},
				"down": {"uv": [0, 8.5, 6, 13.5], "rotation": 270, "texture": "#0"}
			}
		},
		{
			"from": [3, 0, 2],
			"to": [13, 0.5, 14],
			"rotation": {"angle": 0, "axis": "y", "origin": [0, -0.5, 0]},
			"faces": {
				"north": {"uv": [10, 5.5, 16, 6], "texture": "#0"},
				"east": {"uv": [1.5, 6, 7.5, 6.5], "texture": "#0"},
				"south": {"uv": [10, 5, 16, 4.5], "texture": "#0"},
				"west": {"uv": [10, 7, 16, 6.5], "texture": "#0"},
				"up": {"uv": [0.5, 8, 5.5, 14], "texture": "#0"},
				"down": {"uv": [0.5, 8, 5.5, 14], "texture": "#0"}
			}
		}
	],
	"display": {
		"thirdperson_righthand": {
			"rotation": [59.11, 6.06, 11.49],
			"translation": [1.25, 1.25, -1.75],
			"scale": [0.8, 0.8, 0.8]
		},
		"thirdperson_lefthand": {
			"rotation": [59.11, 6.06, 11.49],
			"translation": [1.25, 1.25, -1.75],
			"scale": [0.8, 0.8, 0.8]
		},
		"firstperson_righthand": {
			"rotation": [-4.64, 6.06, 11.49],
			"translation": [1.25, 5.75, -2],
			"scale": [0.8, 0.8, 0.8]
		},
		"firstperson_lefthand": {
			"rotation": [-4.64, 6.06, 11.49],
			"translation": [1.25, 5.75, -2],
			"scale": [0.8, 0.8, 0.8]
		},
		"ground": {
			"translation": [0, 3, 0],
			"scale": [0.25, 0.25, 0.25]
		},
		"gui": {
			"rotation": [30, 225, 0],
			"scale": [0.625, 0.625, 0.625]
		},
		"head": {
			"rotation": [6.5, 0, 0],
			"translation": [0, 20, 1],
			"scale": [1.81, 1.81, 1.81]
		},
		"fixed": {
			"rotation": [-90, 0, 0],
			"translation": [0, 0, -16],
			"scale": [2, 2, 2]
		}
	},
	"groups": [
		0,
		1,
		{
			"name": "group",
			"origin": [0, 0, 0],
			"color": 0,
			"children": [2, 3]
		}
	]
}